section	virtual_address	name
Functions	0x410003	___begtext
Functions	0x410010	abil_init_
Functions	0x410058	abil_resize_
Functions	0x410094	abil_free_
Functions	0x4100a8	abil_find_
Functions	0x410130	abil_search_
Functions	0x410154	abil_insert_
Functions	0x41021c	abil_delete_
Functions	0x41026c	abil_copy_
Functions	0x4102b0	abil_load_
Functions	0x4102ec	abil_read_ability_data_
Functions	0x410378	abil_save_
Functions	0x4103b8	abil_write_ability_data_
Functions	0x410410	switch_dude_
Functions	0x410468	action_knockback_
Functions	0x410568	action_blood_
Functions	0x41060c	pick_death_
Functions	0x410814	check_death_
Functions	0x4108c8	internal_destroy_
Functions	0x4108d0	show_damage_to_object_
Functions	0x410e24	show_death_
Functions	0x410f48	show_damage_target_
Functions	0x410fec	show_damage_extras_
Functions	0x4110ac	show_damage_
Functions	0x411224	action_attack_
Functions	0x4112b4	action_melee_
Functions	0x4115cc	throw_change_fid_
Functions	0x411600	action_ranged_
Functions	0x411d50	use_an_object_
Functions	0x411d68	is_next_to_
Functions	0x411db4	action_climb_ladder_
Functions	0x411f2c	action_use_an_item_on_object_
Functions	0x412114	action_use_an_object_
Functions	0x412120	get_an_object_
Functions	0x412134	action_get_an_object_
Functions	0x4123e8	action_loot_container_
Functions	0x4124e0	action_skill_use_
Functions	0x412500	action_use_skill_in_combat_error_
Functions	0x41255c	action_use_skill_on_
Functions	0x412587	DOCTOR_AID
Functions	0x4125e7	LOCKPICK
Functions	0x41264c	STEAL
Functions	0x4126c0	TRAPS
Functions	0x41271d	SCIENCE_REPAIR
Functions	0x412798	SNEAK
Functions	0x4129cc	pick_object_
Functions	0x412a54	pick_hex_
Functions	0x412bc4	is_hit_from_front_
Functions	0x412bec	can_see_
Functions	0x412c1c	pick_fall_
Functions	0x412ce4	action_explode_running_
Functions	0x412cf4	action_explode_
Functions	0x413144	report_explosion_
Functions	0x4132c0	finished_explosion_
Functions	0x4132cc	compute_explosion_damage_
Functions	0x413330	action_talk_to_
Functions	0x413420	can_talk_to_
Functions	0x413488	talk_to_
Functions	0x413494	action_dmg_
Functions	0x41363c	report_dmg_
Functions	0x413660	compute_dmg_damage_
Functions	0x4136ec	action_can_be_pushed_
Functions	0x413790	action_push_critter_
Functions	0x413970	action_can_talk_to_
Functions	0x4139c0	autorun_mutex_create_
Functions	0x413a00	autorun_mutex_destroy_
Functions	0x413a20	anim_init_
Functions	0x413a40	anim_reset_
Functions	0x413ab8	anim_exit_
Functions	0x413af4	register_begin_
Functions	0x413b80	anim_free_slot_
Functions	0x413c20	register_priority_
Functions	0x413c4c	register_clear_
Functions	0x413ccc	register_end_
Functions	0x413d6c	anim_preload_
Functions	0x413d98	anim_cleanup_
Functions	0x413e2c	check_registry_
Functions	0x413ec8	anim_busy_
Functions	0x413f5c	register_object_move_to_object_
Functions	0x41405c	register_object_run_to_object_
Functions	0x414294	register_object_move_to_tile_
Functions	0x414394	register_object_run_to_tile_
Functions	0x4145d0	register_object_move_straight_to_tile_
Functions	0x4146c4	register_object_animate_and_move_straight_
Functions	0x4147b8	register_object_move_on_stairs_
Functions	0x4148f0	register_object_check_falling_
Functions	0x4149d0	register_object_animate_
Functions	0x414aa8	register_object_animate_reverse_
Functions	0x414b7c	register_object_animate_and_hide_
Functions	0x414c50	register_object_turn_towards_
Functions	0x414cc8	register_object_inc_rotation_
Functions	0x414d38	register_object_dec_rotation_
Functions	0x414da8	register_object_erase_
Functions	0x414e20	register_object_must_erase_
Functions	0x414e98	register_object_call_
Functions	0x414f20	register_object_call3_
Functions	0x414fac	register_object_must_call_
Functions	0x415034	register_object_fset_
Functions	0x4150a8	register_object_funset_
Functions	0x41511c	register_object_flatten_
Functions	0x41518c	register_object_change_fid_
Functions	0x415238	register_object_take_out_
Functions	0x415334	register_object_light_
Functions	0x4153a8	register_object_outline_
Functions	0x41541c	register_object_play_sfx_
Functions	0x4154c4	register_object_animate_forever_
Functions	0x415598	register_ping_
Functions	0x4156a8	anim_set_check_
Functions	0x415755	_MoveToObject
Functions	0x41576c	_MoveToTile
Functions	0x415787	_MoveStraightToTile
Functions	0x4157a0	_AnimateAndMoveStraight
Functions	0x4157b9	_Animate
Functions	0x4157cd	_AnimateReverse
Functions	0x4157e4	_AnimateAndHide
Functions	0x415834	_AnimateForever
Functions	0x41584b	_TurnTowards
Functions	0x415884	_IncRotation
Functions	0x415898	_DecRotation
Functions	0x4158ac	_Must_Erase
Functions	0x4158dd	_Must_Call
Functions	0x4158fc	_Call3
Functions	0x41591e	_Fset
Functions	0x415981	_Funset
Functions	0x4159e9	_Flatten
Functions	0x415a16	_ChangeFid
Functions	0x415a28	_TakeOut
Functions	0x415a3f	_Light
Functions	0x415a6e	_MoveOnStairs
Functions	0x415a85	_CheckFalling
Functions	0x415a97	_Outline
Functions	0x415ad9	_Ping
Functions	0x415af9	_PlaySfx
Functions	0x415b04	_Default
Functions	0x415b44	anim_set_continue_
Functions	0x415b9c	anim_set_end_
Functions	0x415e24	anim_can_use_door_
Functions	0x415ee8	make_path_
Functions	0x415efc	make_path_func_
Functions	0x41633c	idist_
Functions	0x416360	EST_
Functions	0x4163ac	make_straight_path_
Functions	0x4163c8	make_straight_path_func_
Functions	0x4167f8	anim_move_to_object_
Functions	0x41695c	make_stair_path_
Functions	0x416cfc	anim_move_to_tile_
Functions	0x416dfc	anim_move_
Functions	0x416f54	anim_move_straight_to_tile_
Functions	0x41712c	anim_move_on_stairs_
Functions	0x417248	check_for_falling_
Functions	0x417360	object_move_
Functions	0x4177c0	object_straight_move_
Functions	0x4179b8	anim_animate_
Functions	0x417b30	object_animate_
Functions	0x417f18	object_anim_compact_
Functions	0x417ffc	check_move_
Functions	0x4180b4	dude_move_
Functions	0x41810c	dude_run_
Functions	0x418168	dude_fidget_
Functions	0x418378	dude_stand_
Functions	0x418574	dude_standup_
Functions	0x4185b8	anim_turn_towards_
Functions	0x4185ec	anim_adj_rotation_
Functions	0x41862c	anim_hide_
Functions	0x418660	anim_change_fid_
Functions	0x4186cc	anim_stop_
Functions	0x418708	check_gravity_
Functions	0x418794	compute_tpf_
Functions	0x418840	art_init_
Functions	0x418eb8	art_reset_
Functions	0x418ebc	art_exit_
Functions	0x418f1c	art_dir_
Functions	0x418f34	art_get_disable_
Functions	0x418f50	art_toggle_disable_
Functions	0x418f64	art_total_
Functions	0x418f7c	art_head_fidgets_
Functions	0x418ffc	scale_art_
Functions	0x419160	art_ptr_lock_
Functions	0x419188	art_ptr_lock_data_
Functions	0x4191cc	art_lock_
Functions	0x419260	art_ptr_unlock_
Functions	0x41927c	art_flush_
Functions	0x419294	art_discard_
Functions	0x4192b0	art_get_base_name_
Functions	0x419314	art_get_code_
Functions	0x419428	art_get_name_
Functions	0x419664	art_read_lst_
Functions	0x419760	art_frame_fps_
Functions	0x419778	art_frame_action_frame_
Functions	0x41978c	art_frame_max_frame_
Functions	0x4197a0	art_frame_width_
Functions	0x4197b8	art_frame_length_
Functions	0x4197d4	art_frame_width_length_
Functions	0x419820	art_frame_hot_
Functions	0x41984c	art_frame_offset_
Functions	0x419870	art_frame_data_
Functions	0x419880	frame_ptr_
Functions	0x4198c8	art_exists_
Functions	0x419930	art_fid_valid_
Functions	0x419998	art_alias_num_
Functions	0x4199ac	artCritterFidShouldRun_
Functions	0x4199d4	art_alias_fid_
Functions	0x419a78	art_data_size_
Functions	0x419b78	art_data_load_
Functions	0x419c80	art_data_free_
Functions	0x419c88	art_id_
Functions	0x419d60	art_readSubFrameData_
Functions	0x419e1c	art_readFrameData_
Functions	0x419ec0	load_frame_
Functions	0x419fc0	load_frame_into_
Functions	0x41a070	art_writeSubFrameData_
Functions	0x41a138	art_writeFrameData_
Functions	0x41a1e8	save_frame_
Functions	0x41a2b0	defaultCompressionFunc_
Functions	0x41a2d0	decodeRead_
Functions	0x41a2ec	audioOpen_
Functions	0x41a50c	audioCloseFile_
Functions	0x41a574	audioRead_
Functions	0x41a5e0	audioSeek_
Functions	0x41a78c	audioFileSize_
Functions	0x41a7a8	audioTell_
Functions	0x41a7c4	audioWrite_
Functions	0x41a7d4	initAudio_
Functions	0x41a818	audioClose_
Functions	0x41a850	defaultCompressionFunc__2
Functions	0x41a870	decodeRead_2
Functions	0x41a88c	audiofOpen_
Functions	0x41aaa0	audiofCloseFile_
Functions	0x41ab08	audiofRead_
Functions	0x41ab74	audiofSeek_
Functions	0x41ad20	audiofFileSize_
Functions	0x41ad3c	audiofTell_
Functions	0x41ad58	audiofWrite_
Functions	0x41ad68	initAudiof_
Functions	0x41adac	audiofClose_
Functions	0x41ade0	_defam
Functions	0x41b560	_displayMapList
Functions	0x41b7f4	automap_init_
Functions	0x41b808	automap_reset_
Functions	0x41b81c	automap_exit_
Functions	0x41b87c	automap_load_
Functions	0x41b898	automap_save_
Functions	0x41b8b4	automapDisplayMap_
Functions	0x41b8bc	automap_
Functions	0x41bd1c	draw_top_down_map_
Functions	0x41c004	draw_top_down_map_pipboy_
Functions	0x41c0f0	automap_pip_save_
Functions	0x41c844	WriteAM_Entry_
Functions	0x41c8cc	AM_ReadEntry_
Functions	0x41cad8	WriteAM_Header_
Functions	0x41cb50	AM_ReadMainHeader_
Functions	0x41cba4	decode_map_data_
Functions	0x41cc98	am_pip_init_
Functions	0x41cd34	YesWriteIndex_
Functions	0x41cd6c	copy_file_data_
Functions	0x41ce74	ReadAMList_
Functions	0x41cf20	dialog_out_
Functions	0x41de90	file_dialog_
Functions	0x41ea78	save_file_dialog_
Functions	0x41fbdc	PrntFlist_
Functions	0x41fcc0	cache_init_
Functions	0x41fd4c	cache_resize_
Functions	0x41fd50	cache_exit_
Functions	0x41fdc0	cache_query_
Functions	0x41fde8	cache_lock_
Functions	0x41fef4	cache_lock_alias_
Functions	0x4200b8	cache_unlock_
Functions	0x4200ec	cache_discard_
Functions	0x42012c	cache_flush_
Functions	0x420184	cache_size_
Functions	0x42019c	cache_stats_
Functions	0x4201c0	cache_create_list_
Functions	0x420384	cache_destroy_list_
Functions	0x4203ac	cache_add_
Functions	0x4205e8	cache_insert_
Functions	0x420654	cache_find_
Functions	0x4206c0	cache_create_item_
Functions	0x420708	cache_init_item_
Functions	0x420740	cache_destroy_item_
Functions	0x420764	cache_unlock_all_
Functions	0x4207d4	cache_reset_counter_
Functions	0x42084c	cache_make_room_
Functions	0x42099c	cache_purge_
Functions	0x420a40	cache_resize_array_
Functions	0x420a74	cache_compare_make_room_
Functions	0x420ae8	cache_compare_reset_counter_
Functions	0x420b10	_sub_420B10
Functions	0x420b28	_sub_420B28
Functions	0x420b8c	_sub_420B8C
Functions	0x420bdc	_sub_420BDC
Functions	0x420c18	_sub_420C18
Functions	0x420cc0	combat_init_
Functions	0x420da0	combat_reset_
Functions	0x420e14	combat_exit_
Functions	0x420e24	find_cid_
Functions	0x420e4c	combat_load_
Functions	0x421244	combat_save_
Functions	0x4213e8	combat_safety_invalidate_weapon_
Functions	0x4213fc	combat_safety_invalidate_weapon_func_
Functions	0x4217bc	combatTestIncidentalHit_
Functions	0x4217d4	combat_whose_turn_
Functions	0x4217e8	combat_data_init_
Functions	0x4217fc	combatInitAIInfoList_
Functions	0x421850	combatCopyAIInfo_
Functions	0x421880	combatAIInfoGetFriendlyDead_
Functions	0x4218ac	combatAIInfoSetFriendlyDead_
Functions	0x4218ec	combatAIInfoGetLastTarget_
Functions	0x421918	combatAIInfoSetLastTarget_
Functions	0x42196c	combatAIInfoGetLastItem_
Functions	0x421998	combatAIInfoSetLastItem_
Functions	0x4219cc	combatAIInfoGetLastMove_
Functions	0x421a00	combatAIInfoSetLastMove_
Functions	0x421a34	combat_begin_
Functions	0x421c8c	combat_begin_extra_
Functions	0x421d18	combat_update_critters_in_los_
Functions	0x421d50	combat_update_critter_outline_for_los_
Functions	0x421efc	combat_over_
Functions	0x422194	combat_over_from_load_
Functions	0x4221b4	combat_give_exps_
Functions	0x4222a8	combat_add_noncoms_
Functions	0x422374	combat_in_range_
Functions	0x4223c8	compare_faster_
Functions	0x42243c	combat_sequence_init_
Functions	0x422580	combat_sequence_
Functions	0x422694	combat_end_
Functions	0x4227dc	combat_turn_run_
Functions	0x4227f4	combat_input_
Functions	0x42290c	combat_end_turn_
Functions	0x422914	combat_set_move_all_
Functions	0x42299c	combat_turn_
Functions	0x422c60	combat_should_end_
Functions	0x422d2c	combat_
Functions	0x422ec4	combat_ctd_init_
Functions	0x422f3c	combat_attack_
Functions	0x423104	combat_bullet_start_
Functions	0x423128	check_ranged_miss_
Functions	0x423284	shoot_along_path_
Functions	0x423488	compute_spray_
Functions	0x423714	correctAttackForPerks_
Functions	0x42378c	compute_attack_
Functions	0x423a97	Hit_CRITICAL_SUCCESS
Functions	0x423aa2	Hit_SUCCESS
Functions	0x423abe	Hit_FAILURE
Functions	0x423ad1	Hit_CRITICAL_FAILURE
Functions	0x423c10	compute_explosion_on_extras_
Functions	0x423eb4	attack_crit_success_
Functions	0x424088	attackFindInvalidFlags_
Functions	0x4240dc	attack_crit_failure_
Functions	0x42432c	do_random_cripple_
Functions	0x42436c	determine_to_hit_
Functions	0x424380	determine_to_hit_no_range_
Functions	0x424394	determine_to_hit_from_tile_
Functions	0x4243a8	determine_to_hit_func_
Functions	0x4247b8	compute_damage_
Functions	0x424bac	death_checks_
Functions	0x424c04	apply_damage_
Functions	0x424ee8	check_for_death_
Functions	0x424f2c	set_new_results_
Functions	0x425020	damage_object_
Functions	0x425170	combat_display_
Functions	0x425a9c	combat_display_hit_
Functions	0x425ba4	combat_display_flags_
Functions	0x425e3c	combat_anim_begin_
Functions	0x425e80	combat_anim_finished_
Functions	0x425fbc	combat_standup_
Functions	0x42603c	print_tohit_
Functions	0x42612c	combat_get_loc_name_
Functions	0x4261b4	draw_loc_off_
Functions	0x4261c0	draw_loc_on_
Functions	0x4261cc	draw_loc_
Functions	0x426218	get_called_shot_location_
Functions	0x426614	combat_check_bad_shot_
Functions	0x426744	combat_to_hit_
Functions	0x4267cc	combat_attack_this_
Functions	0x426aa8	combat_outline_on_
Functions	0x426bc0	combat_outline_off_
Functions	0x426c64	combat_highlight_change_
Functions	0x426cc4	combat_is_shot_blocked_
Functions	0x426d94	combat_player_knocked_out_by_
Functions	0x426db8	combat_explode_scenery_
Functions	0x426ddc	combat_delete_critter_
Functions	0x426ec4	combatKillCritterOutsideCombat_
Functions	0x426f00	parse_hurt_str_
Functions	0x426fa4	cai_match_str_to_list_
Functions	0x426fe0	cai_init_cap_
Functions	0x42703c	combat_ai_init_
Functions	0x4279f8	combat_ai_reset_
Functions	0x4279fc	combat_ai_exit_
Functions	0x427ad8	combat_ai_load_
Functions	0x427b50	combat_ai_save_
Functions	0x427bc8	cai_cap_load_
Functions	0x427e1c	cai_cap_save_
Functions	0x428058	combat_ai_num_
Functions	0x428060	combat_ai_name_
Functions	0x4280b4	ai_cap_
Functions	0x42811c	ai_cap_from_packet_
Functions	0x428184	ai_get_burst_value_
Functions	0x428190	ai_get_run_away_value_
Functions	0x4281fc	ai_get_weapon_pref_value_
Functions	0x428208	ai_get_distance_pref_value_
Functions	0x428214	ai_get_attack_who_value_
Functions	0x428220	ai_get_chem_use_value_
Functions	0x42822c	ai_set_burst_value_
Functions	0x428248	ai_set_run_away_value_
Functions	0x4282d0	ai_set_weapon_pref_value_
Functions	0x4282ec	ai_set_distance_pref_value_
Functions	0x428308	ai_set_attack_who_value_
Functions	0x428324	ai_set_chem_use_value_
Functions	0x428340	ai_get_disposition_
Functions	0x428354	ai_set_disposition_
Functions	0x428398	ai_magic_hands_
Functions	0x428480	ai_check_drugs_
Functions	0x428868	ai_run_away_
Functions	0x42899c	ai_move_away_
Functions	0x428ac4	ai_find_friend_
Functions	0x428b1c	compare_nearer_
Functions	0x428b74	ai_sort_list_distance_
Functions	0x428b8c	compare_strength_
Functions	0x428bd0	ai_sort_list_strength_
Functions	0x428be4	compare_weakness_
Functions	0x428c28	ai_sort_list_weakness_
Functions	0x428c3c	ai_find_nearest_team_
Functions	0x428cf4	ai_find_nearest_team_in_combat_
Functions	0x428db0	ai_find_attackers_
Functions	0x428f4c	ai_danger_source_
Functions	0x4291c4	caiSetupTeamCombat_
Functions	0x429210	caiTeamCombatInit_
Functions	0x4292c0	caiTeamCombatExit_
Functions	0x4292d4	ai_have_ammo_
Functions	0x42938c	caiHasWeapPrefType_
Functions	0x4293bc	ai_best_weapon_
Functions	0x4298ec	ai_can_use_weapon_
Functions	0x4299a0	ai_search_inven_weap_
Functions	0x429a6c	ai_search_inven_armor_
Functions	0x429b44	ai_can_use_drug_
Functions	0x429c18	ai_search_environ_
Functions	0x429d60	ai_retrieve_object_
Functions	0x429db4	ai_pick_hit_mode_
Functions	0x429f29	always
Functions	0x429fc8	ai_move_steps_closer_
Functions	0x42a1c0	ai_move_closer_
Functions	0x42a1d4	cai_retargetTileFromFriendlyFire_
Functions	0x42a410	cai_retargetTileFromFriendlyFireSubFunc_
Functions	0x42a518	cai_attackWouldIntersect_
Functions	0x42a5b8	ai_switch_weapons_
Functions	0x42a670	ai_called_shot_
Functions	0x42a748	ai_attack_
Functions	0x42a7d8	ai_try_attack_
Functions	0x42a945	no_ammo
Functions	0x42a9f2	go_next
Functions	0x42aa12	exit_try
Functions	0x42aa1e	search_ammo
Functions	0x42ab45	not_enough_AP
Functions	0x42ab71	out_of_range
Functions	0x42abf3	no_weapon
Functions	0x42ac47	shot_blocked
Functions	0x42ac6b	attack
Functions	0x42ae90	cAIPrepWeaponItem_
Functions	0x42aecc	cai_attempt_w_reload_
Functions	0x42af78	combat_ai_begin_
Functions	0x42afbc	combat_ai_over_
Functions	0x42afdc	cai_perform_distance_prefs_
Functions	0x42b100	cai_get_min_hp_
Functions	0x42b130	combat_ai_
Functions	0x42b3fc	combatai_want_to_join_
Functions	0x42b4a8	combatai_want_to_stop_
Functions	0x42b504	combatai_switch_team_
Functions	0x42b5d4	combat_ai_set_ai_packet_
Functions	0x42b634	combatai_msg_
Functions	0x42b80c	ai_print_msg_
Functions	0x42b868	combat_ai_random_target_
Functions	0x42b90c	combatai_rating_
Functions	0x42b9d4	combatai_check_retaliation_
Functions	0x42ba04	is_within_perception_
Functions	0x42bb34	combatai_load_messages_
Functions	0x42bbd8	combatai_unload_messages_
Functions	0x42bbf0	combatai_refresh_messages_
Functions	0x42bc60	combatai_notify_onlookers_
Functions	0x42bcd4	combatai_notify_friends_
Functions	0x42bd28	combatai_delete_critter_
Functions	0x42bd90	config_init_
Functions	0x42bdbc	config_exit_
Functions	0x42be38	config_cmd_line_parse_
Functions	0x42bf48	config_get_string_
Functions	0x42bf90	config_set_string_
Functions	0x42c05c	config_get_value_
Functions	0x42c090	config_get_values_
Functions	0x42c160	config_set_value_
Functions	0x42c190	config_set_values_
Functions	0x42c280	config_load_
Functions	0x42c324	config_save_
Functions	0x42c4bc	config_parse_line_
Functions	0x42c594	config_split_line_
Functions	0x42c638	config_add_section_
Functions	0x42c698	config_strip_white_space_
Functions	0x42c718	config_get_double_
Functions	0x42c74c	config_set_double_
Functions	0x42c790	counter_on_
Functions	0x42c7d4	counter_off_
Functions	0x42c7f4	counter_
Functions	0x42c860	credits_
Functions	0x42ce6c	credits_get_next_line_
Functions	0x42cf50	critter_init_
Functions	0x42cfe4	critter_reset_
Functions	0x42d004	critter_exit_
Functions	0x42d01c	critter_load_
Functions	0x42d058	critter_save_
Functions	0x42d094	critter_copy_
Functions	0x42d0a8	critter_name_
Functions	0x42d138	critter_pc_set_name_
Functions	0x42d170	critter_pc_reset_name_
Functions	0x42d18c	critter_get_hits_
Functions	0x42d1a4	critter_adjust_hits_
Functions	0x42d1f8	critter_get_poison_
Functions	0x42d210	critter_adjust_poison_
Functions	0x42d318	critter_check_poison_
Functions	0x42d38c	critter_get_rads_
Functions	0x42d3a4	critter_adjust_rads_
Functions	0x42d4f4	critter_check_rads_
Functions	0x42d618	get_rad_damage_level_
Functions	0x42d624	clear_rad_damage_
Functions	0x42d63c	process_rads_
Functions	0x42d740	critter_process_rads_
Functions	0x42d7a0	critter_load_rads_
Functions	0x42d7fc	critter_save_rads_
Functions	0x42d82c	critter_get_base_damage_type_
Functions	0x42d860	critter_kill_count_clear_
Functions	0x42d878	critter_kill_count_inc_
Functions	0x42d8a8	critter_kill_count_
Functions	0x42d8c0	critter_kill_count_load_
Functions	0x42d8f0	critter_kill_count_save_
Functions	0x42d920	critter_kill_count_type_
Functions	0x42d974	critter_kill_name_
Functions	0x42d9b4	critter_kill_info_
Functions	0x42d9f4	critter_heal_hours_
Functions	0x42da54	critterClearObjDrugs_
Functions	0x42da64	critter_kill_
Functions	0x42dcb8	critter_kill_exps_
Functions	0x42dcdc	critter_is_active_
Functions	0x42dd18	critter_is_dead_
Functions	0x42dd58	critter_is_crippled_
Functions	0x42dd80	critter_is_prone_
Functions	0x42ddc4	critter_body_type_
Functions	0x42de10	critter_load_data_
Functions	0x42de58	pc_load_data_
Functions	0x42df70	critter_read_data_
Functions	0x42e044	critter_save_data_
Functions	0x42e08c	pc_save_data_
Functions	0x42e174	critter_write_data_
Functions	0x42e220	pc_flag_off_
Functions	0x42e26c	pc_flag_on_
Functions	0x42e2b0	pc_flag_toggle_
Functions	0x42e2f8	is_pc_flag_
Functions	0x42e32c	critter_sneak_check_
Functions	0x42e3e4	critter_sneak_clear_
Functions	0x42e3f4	is_pc_sneak_working_
Functions	0x42e424	critter_wake_up_
Functions	0x42e460	critter_wake_clear_
Functions	0x42e4c0	critter_set_who_hit_me_
Functions	0x42e564	critter_can_obj_dude_rest_
Functions	0x42e62c	critter_compute_ap_from_distance_
Functions	0x42e66c	critterIsOverloaded_
Functions	0x42e690	critter_is_fleeing_
Functions	0x42e6ac	critter_flag_check_
Functions	0x42e6f0	critter_flag_set_
Functions	0x42e71c	critter_flag_unset_
Functions	0x42e74c	critter_flag_toggle_
Functions	0x42e780	cycle_init_
Functions	0x42e8cc	cycle_reset_
Functions	0x42e90c	cycle_exit_
Functions	0x42e930	cycle_disable_
Functions	0x42e93c	cycle_enable_
Functions	0x42e948	cycle_is_enabled_
Functions	0x42e950	change_cycle_speed_
Functions	0x42e974	get_cycle_speed_
Functions	0x42e97c	cycle_colors_
Functions	0x42ee70	defaultMangleName_
Functions	0x42ee74	datafileSetFilenameFunc_
Functions	0x42ee7c	setBitmapLoadFunc_
Functions	0x42ee84	datafileConvertData_
Functions	0x42eef8	datafileConvertDataVGA_
Functions	0x42ef60	loadRawDataFile_
Functions	0x42efcc	loadDataFile_
Functions	0x42eff4	load256Palette_
Functions	0x42f024	trimBuffer_
Functions	0x42f0e4	datafileGetPalette_
Functions	0x42f0ec	datafileLoadBlock_
Functions	0x42f170	dialogRegisterOptionCallback_
Functions	0x42f178	replyAddNew_
Functions	0x42f434	getReply_
Functions	0x42f4c0	replyAddOption_
Functions	0x42f624	replyAddOptionProc_
Functions	0x42f714	optionFree_
Functions	0x42f754	replyFree_
Functions	0x42f858	addWindow_
Functions	0x42f928	windowTitleMessage_
Functions	0x42fb94	endDialog_
Functions	0x42fbfc	findEnding_
Functions	0x42fc58	wordWrap_
Functions	0x42fc70	printLine_
Functions	0x42fcf0	printStr_
Functions	0x42fd84	windowDrawLines_
Functions	0x430074	doReply_
Functions	0x430104	abortReply_
Functions	0x430180	endReply_
Functions	0x4301e8	drawStr_
Functions	0x430268	doOptions_
Functions	0x430a34	tryMovie_
Functions	0x430a38	tryCombine_
Functions	0x430a94	executeReply_
Functions	0x430b38	executeOption_
Functions	0x430cec	doDialog_
Functions	0x430d40	dialogStart_
Functions	0x430db8	dialogRestart_
Functions	0x430de4	dialogGotoReply_
Functions	0x430e84	dialogTitle_
Functions	0x430efc	dialogReply_
Functions	0x430f04	dialogOption_
Functions	0x430f38	dialogOptionProc_
Functions	0x430f6c	dialogOptionUserData_
Functions	0x430fa0	dialogOptionProcUserData_
Functions	0x430fd4	dialogMessage_
Functions	0x431088	dialogGo_
Functions	0x431184	dialogGetExitPoint_
Functions	0x431198	dialogQuit_
Functions	0x4311b8	dialogSetOptionWindow_
Functions	0x4311e0	dialogSetReplyWindow_
Functions	0x431208	dialogSetBorder_
Functions	0x431218	dialogSetScrollUp_
Functions	0x4312c0	dialogSetScrollDown_
Functions	0x431368	dialogSetSpacing_
Functions	0x431370	dialogSetOptionColor_
Functions	0x4313c8	dialogSetReplyColor_
Functions	0x431420	dialogSetOptionFlags_
Functions	0x431430	initDialog_
Functions	0x431434	dialogClose_
Functions	0x431518	dialogGetDialogDepth_
Functions	0x431520	dialogRegisterWinDrawCallbacks_
Functions	0x431530	dialogToggleMediaFlag_
Functions	0x431554	dialogGetMediaFlag_
Functions	0x431560	GetFreeDiskSpace_
Functions	0x431610	display_init_
Functions	0x431800	display_reset_
Functions	0x43184c	display_exit_
Functions	0x43186c	display_print_
Functions	0x431a2c	display_clear_
Functions	0x431a78	display_redraw_
Functions	0x431b70	display_scroll_up_
Functions	0x431b9c	display_scroll_down_
Functions	0x431bc8	display_arrow_up_
Functions	0x431bd4	display_arrow_down_
Functions	0x431be0	display_arrow_restore_
Functions	0x431bec	display_disable_
Functions	0x431c14	display_enable_
Functions	0x431c40	_grph_id
Functions	0x431d08	_copyflag
Functions	0x431d3a	_ndrvd
Functions	0x431d50	_StatYpos
Functions	0x431d6c	_ndinfoxlt
Functions	0x431d80	a@_
Functions	0x431df8	editor_design_
Functions	0x4329ec	CharEditStart_
Functions	0x433aa8	CharEditEnd_
Functions	0x433bec	RstrBckgProc_
Functions	0x433c0c	CharEditInit_
Functions	0x433c6c	get_input_str_
Functions	0x434060	isdoschar_
Functions	0x4340d0	strmfe_
Functions	0x43410c	DrawFolder_
Functions	0x434238	list_perks_
Functions	0x434498	kills_list_comp_
Functions	0x4344a4	ListKills_
Functions	0x4345dc	PrintBigNum_
Functions	0x434920	PrintLevelWin_
Functions	0x434b38	PrintBasicStat_
Functions	0x434f18	PrintGender_
Functions	0x43501c	PrintAgeBig_
Functions	0x435118	PrintBigname_
Functions	0x43527c	ListDrvdStats_
Functions	0x436154	ListSkills_
Functions	0x4365ac	DrawInfoWin_
Functions	0x436c4c	NameWindow_
Functions	0x436f70	PrintName_
Functions	0x436fec	AgeWindow_
Functions	0x437664	SexWindow_
Functions	0x4379bc	StatButton_
Functions	0x437c08	OptionWindow_
Functions	0x4390b4	db_access_
Functions	0x4390d0	Save_as_ASCII_
Functions	0x43a4bc	ResetScreen_
Functions	0x43a55c	AddSpaces_
Functions	0x43a58c	AddDots_
Functions	0x43a5bc	RegInfoAreas_
Functions	0x43a79c	CheckValidPlayer_
Functions	0x43a7dc	SavePlayer_
Functions	0x43a8bc	RestorePlayer_
Functions	0x43a9cc	itostndn_
Functions	0x43aaec	DrawCard_
Functions	0x43ae3c	XltPerk_
Functions	0x43ae84	FldrButton_
Functions	0x43af40	InfoButton_
Functions	0x43b230	SliderBtn_
Functions	0x43b64c	tagskl_free_
Functions	0x43b67c	TagSkillSelect_
Functions	0x43b8a8	ListTraits_
Functions	0x43bae8	get_trait_count_
Functions	0x43bb0c	TraitSelect_
Functions	0x43bce0	list_karma_
Functions	0x43c1b0	editor_save_
Functions	0x43c1e0	editor_load_
Functions	0x43c20c	editor_reset_
Functions	0x43c228	UpdateLevel_
Functions	0x43c398	RedrwDPrks_
Functions	0x43c4f0	perks_dialog_
Functions	0x43cacc	InputPDLoop_
Functions	0x43d0bc	ListDPerks_
Functions	0x43d2f8	RedrwDMPrk_
Functions	0x43d38c	GetMutateTrait_
Functions	0x43d668	RedrwDMTagSkl_
Functions	0x43d6f8	Add4thTagSkill_
Functions	0x43d81c	ListNewTagSkills_
Functions	0x43d960	ListMyTraits_
Functions	0x43db48	name_sort_comp_
Functions	0x43db54	DrawCard2_
Functions	0x43de94	push_perks_
Functions	0x43debc	pop_perks_
Functions	0x43df24	PerkCount_
Functions	0x43df50	is_supper_bonus_
Functions	0x43df8c	folder_init_
Functions	0x43e090	folder_exit_
Functions	0x43e0d4	folder_scroll_
Functions	0x43e200	folder_clear_
Functions	0x43e28c	folder_print_seperator_
Functions	0x43e3d8	folder_print_line_
Functions	0x43e470	folder_print_kill_
Functions	0x43e5c4	karma_vars_init_
Functions	0x43e764	karma_vars_exit_
Functions	0x43e78c	karma_vars_qsort_compare_
Functions	0x43e798	general_reps_init_
Functions	0x43e914	general_reps_exit_
Functions	0x43e93c	general_reps_qsort_compare_
Functions	0x43e950	_grph_id_2
Functions	0x43e95c	_intotal
Functions	0x43ea1c	_btncnt
Functions	0x43ea7c	_retvals
Functions	0x43eefc	_keytable
Functions	0x43ef5c	elevator_select_
Functions	0x43f324	elevator_start_
Functions	0x43f6d0	elevator_end_
Functions	0x43f73c	Check4Keys_
Functions	0x43f788	endgame_slideshow_
Functions	0x43f810	endgame_movie_
Functions	0x43f8c4	gameOverConfim_
Functions	0x43f99c	endgame_init_
Functions	0x43fb28	endgame_exit_
Functions	0x43fbdc	endgame_pan_desert_
Functions	0x440004	endgame_display_image_
Functions	0x4401a0	endgame_load_voiceover_
Functions	0x440324	endgame_play_voiceover_
Functions	0x44035c	endgame_stop_voiceover_
Functions	0x440378	endgame_load_palette_
Functions	0x4403f0	endgame_voiceover_callback_
Functions	0x4403fc	endgame_load_subtitles_
Functions	0x4404ec	endgame_show_subtitles_
Functions	0x4406cc	endgame_clear_subtitles_
Functions	0x440728	endgame_movie_callback_
Functions	0x440734	endgame_movie_bk_process_
Functions	0x440770	endgame_load_slide_info_
Functions	0x44095c	endgame_unload_slide_info_
Functions	0x440984	endgameDeathEndingInit_
Functions	0x440ba8	endgameDeathEndingExit_
Functions	0x440bd0	endgameSetupDeathEnding_
Functions	0x440cf4	endgameSetupInit_
Functions	0x440d8c	endgameGetDeathEndingFileName_
Functions	0x440dd0	annoy_user_
Functions	0x440f10	hashName_
Functions	0x440f58	findProc_
Functions	0x441018	findEmptyProc_
Functions	0x4410ac	findVar_
Functions	0x441164	exportGetVariable_
Functions	0x44118c	findEmptyVar_
Functions	0x441220	exportStoreStringVariable_
Functions	0x44127c	exportStoreVariable_
Functions	0x441330	exportStoreVariableByTag_
Functions	0x4413d4	exportFetchVariable_
Functions	0x4414b8	exportExportVariable_
Functions	0x4414bc	exportExportVariableByName_
Functions	0x4414fc	removeProgramReferences_
Functions	0x44152c	initExport_
Functions	0x441538	exportClose_
Functions	0x44158c	exportFindProcedure_
Functions	0x4415b0	exportExportProcedure_
Functions	0x441604	exportGetVariableList_
Functions	0x4417dc	exportFreeVariableList_
Functions	0x441824	exportClearAllVariables_
Functions	0x4418a0	exportLoadAllFP_
Functions	0x441a70	exportSaveAllFP_
Functions	0x441c80	FMInit_
Functions	0x441cec	FMExit_
Functions	0x441d20	FMLoadFont_
Functions	0x442120	FMtext_font_
Functions	0x442168	FMtext_height_
Functions	0x442188	FMtext_width_
Functions	0x4421dc	FMtext_char_width_
Functions	0x442210	FMtext_mono_width_
Functions	0x442240	FMtext_spacing_
Functions	0x442258	FMtext_size_
Functions	0x442278	FMtext_max_
Functions	0x4422ac	FMtext_curr_
Functions	0x4422b4	FMtext_to_buf_
Functions	0x4424f0	FMtext_leading_
Functions	0x442508	FMtext_space_width_
Functions	0x442520	Swap4_
Functions	0x442568	Swap2_
Functions	0x442580	game_init_
Functions	0x442b84	game_reset_
Functions	0x442c34	game_exit_
Functions	0x442d44	game_handle_input_
Functions	0x443bfc	game_ui_disable_
Functions	0x443c30	game_ui_enable_
Functions	0x443c60	game_ui_is_disabled_
Functions	0x443c68	game_get_global_var_
Functions	0x443c98	game_set_global_var_
Functions	0x443cc8	game_load_info_
Functions	0x443ce8	game_load_info_vars_
Functions	0x443e2c	game_state_
Functions	0x443e34	game_state_request_
Functions	0x443e90	game_state_update_
Functions	0x443ec0	game_display_counter_
Functions	0x443ef0	game_screendump_
Functions	0x443f50	game_unload_info_
Functions	0x443f74	game_help_
Functions	0x4440b8	game_quit_with_confirm_
Functions	0x44418c	game_init_databases_
Functions	0x444384	game_splash_screen_
Functions	0x444570	gconfig_init_
Functions	0x444c14	gconfig_save_
Functions	0x444c3c	gconfig_exit_
Functions	0x444c90	fatal_error_
Functions	0x444d10	_Dogs
Functions	0x444d1c	gdialogInit_
Functions	0x444d20	gdialogReset_
Functions	0x444d2c	gdialogActive_
Functions	0x444d3c	gdialogEnter_
Functions	0x444fe4	gdialogSystemEnter_
Functions	0x445050	gdialogSetupSpeech_
Functions	0x4450c4	gdialogFreeSpeech_
Functions	0x4450ec	gdialogEnableBK_
Functions	0x4450fc	gdialogDisableBK_
Functions	0x44510c	gdialogInitFromScript_
Functions	0x445298	gdialogExitFromScript_
Functions	0x445438	gdialogSetBackground_
Functions	0x445448	gdialogDisplayMsg_
Functions	0x4454fc	gdialogStart_
Functions	0x445510	gdialogSayMessage_
Functions	0x445538	gdialogOption_
Functions	0x445578	gdialogOptionStr_
Functions	0x4455b8	gdialogOptionProc_
Functions	0x4455fc	gdialogOptionProcStr_
Functions	0x445640	gdialogReply_
Functions	0x44567c	gdialogReplyStr_
Functions	0x4456d8	gdialogGo_
Functions	0x445764	gdialogUpdatePartyStatus_
Functions	0x4457ec	gdHide_
Functions	0x445818	gdUnhide_
Functions	0x445844	gdUnhideReply_
Functions	0x44585c	gdAddOption_
Functions	0x4458bc	gdAddOptionStr_
Functions	0x445938	gdReviewInit_
Functions	0x445c18	gdReviewExit_
Functions	0x445ca0	gdReviewPressed_
Functions	0x445d44	gdReviewDisplay_
Functions	0x445fdc	gdReviewFree_
Functions	0x446040	gdAddReviewReply_
Functions	0x4460b4	gdAddReviewReplyStr_
Functions	0x4461a4	gdAddReviewOptionChosen_
Functions	0x4461f0	gdAddReviewOptionChosenStr_
Functions	0x446288	gdProcessInit_
Functions	0x446454	gdProcessCleanup_
Functions	0x446498	gdProcessExit_
Functions	0x446504	gdUpdateDudeCaps_
Functions	0x4465c0	gdProcess_
Functions	0x4468dc	gdProcessChoice_
Functions	0x446a18	gdProcessHighlight_
Functions	0x446b5c	gdProcessUnHighlight_
Functions	0x446c94	gdProcessReply_
Functions	0x446d30	gdProcessUpdate_
Functions	0x44715c	gdCreateHeadWindow_
Functions	0x447294	gdDestroyHeadWindow_
Functions	0x447300	gdSetupFidget_
Functions	0x447598	gdWaitForFidget_
Functions	0x447614	gdPlayTransition_
Functions	0x447724	reply_arrow_up_
Functions	0x447738	reply_arrow_down_
Functions	0x44774c	reply_arrow_restore_
Functions	0x447758	demo_copy_title_
Functions	0x447818	demo_copy_options_
Functions	0x447914	gDialogRefreshOptionsRect_
Functions	0x447a58	gdialog_bk_
Functions	0x447ca0	talk_to_critter_reacts_
Functions	0x447d98	gdialog_scroll_subwin_
Functions	0x447f64	text_num_lines_
Functions	0x447f80	text_to_rect_wrapped_
Functions	0x447fa0	text_to_rect_func_
Functions	0x448214	gdialogSetBarterMod_
Functions	0x44821c	gdActivateBarter_
Functions	0x448268	barter_end_to_talk_to_
Functions	0x448290	gdialog_barter_create_win_
Functions	0x44854c	gdialog_barter_destroy_win_
Functions	0x448660	gdialog_barter_cleanup_tables_
Functions	0x448740	gdControlCreateWin_
Functions	0x448c10	gdControlDestroyWin_
Functions	0x448d30	gdControlUpdateInfo_
Functions	0x44928c	gdControlPressed_
Functions	0x4492d0	gdPickAIUpdateMsg_
Functions	0x449330	gdCanBarter_
Functions	0x4493b8	gdControl_
Functions	0x4496a0	gdCustomCreateWin_
Functions	0x449a10	gdCustomDestroyWin_
Functions	0x449b3c	gdCustom_
Functions	0x449bb4	gdCustomUpdateInfo_
Functions	0x449e64	gdCustomSelectRedraw_
Functions	0x449fc0	gdCustomSelect_
Functions	0x44a4e0	gdCustomUpdateSetting_
Functions	0x44a52c	gdialog_barter_pressed_
Functions	0x44a62c	gdialog_window_create_
Functions	0x44a9d8	gdialog_window_destroy_
Functions	0x44aad8	talk_to_create_background_window_
Functions	0x44ab18	talk_to_refresh_background_window_
Functions	0x44aba8	talkToRefreshDialogWindowRect_
Functions	0x44ac68	talk_to_translucent_trans_buf_to_buf_
Functions	0x44acfc	gdDisplayFrame_
Functions	0x44b080	gdBlendTableInit_
Functions	0x44b1d4	gdBlendTableExit_
Functions	0x44b200	localmymalloc_
Functions	0x44b214	localmyrealloc_
Functions	0x44b228	localmyfree_
Functions	0x44b23c	localmystrdup_
Functions	0x44b250	gmemory_init_
Functions	0x44b294	gmalloc_
Functions	0x44b29c	grealloc_
Functions	0x44b2a4	gfree_
Functions	0x44b2b0	gmouse_init_
Functions	0x44b2e8	gmouse_reset_
Functions	0x44b3b8	gmouse_exit_
Functions	0x44b454	gmouse_enable_
Functions	0x44b48c	gmouse_disable_
Functions	0x44b4c4	gmouse_is_enabled_
Functions	0x44b4cc	gmouse_enable_scrolling_
Functions	0x44b4d8	gmouse_disable_scrolling_
Functions	0x44b4e4	gmouse_scrolling_is_enabled_
Functions	0x44b4ec	gmouse_set_click_to_scroll_
Functions	0x44b504	gmouse_get_click_to_scroll_
Functions	0x44b54c	gmouse_is_scrolling_
Functions	0x44b684	gmouse_bk_process_
Functions	0x44bfa8	gmouse_handle_event_
Functions	0x44c840	gmouse_set_cursor_
Functions	0x44c9e8	gmouse_get_cursor_
Functions	0x44c9f0	gmouse_set_mapper_mode_
Functions	0x44c9f8	gmouse_3d_enable_modes_
Functions	0x44ca04	gmouse_3d_disable_modes_
Functions	0x44ca10	gmouse_3d_modes_are_enabled_
Functions	0x44ca18	gmouse_3d_set_mode_
Functions	0x44cb6c	gmouse_3d_get_mode_
Functions	0x44cb74	gmouse_3d_toggle_mode_
Functions	0x44cbd0	gmouse_3d_refresh_
Functions	0x44cbfc	gmouse_3d_set_fid_
Functions	0x44ccf4	gmouse_3d_get_fid_
Functions	0x44cd0c	gmouse_3d_reset_fid_
Functions	0x44cd2c	gmouse_3d_on_
Functions	0x44ce34	gmouse_3d_off_
Functions	0x44ceb0	gmouse_3d_is_on_
Functions	0x44cec4	object_under_mouse_
Functions	0x44cfa0	gmouse_3d_build_pick_frame_
Functions	0x44d200	gmouse_3d_pick_frame_hot_
Functions	0x44d214	gmouse_3d_build_menu_frame_
Functions	0x44d61c	gmouse_3d_menu_frame_hot_
Functions	0x44d630	gmouse_3d_highlight_menu_frame_
Functions	0x44d774	gmouse_3d_build_to_hit_frame_
Functions	0x44d878	gmouse_3d_build_hex_frame_
Functions	0x44d954	gmouse_3d_synch_item_highlight_
Functions	0x44d984	gmouse_3d_init_
Functions	0x44dac0	gmouse_3d_reset_
Functions	0x44db34	gmouse_3d_exit_
Functions	0x44db78	gmouse_3d_lock_frames_
Functions	0x44de44	gmouse_3d_unlock_frames_
Functions	0x44df1c	gmouse_3d_set_flat_fid_
Functions	0x44df40	gmouse_3d_reset_flat_fid_
Functions	0x44df94	gmouse_3d_move_to_
Functions	0x44e42c	gmouse_check_scrolling_
Functions	0x44e544	gmouse_remove_item_outline_
Functions	0x44e580	gmObjIsValidTarget_
Functions	0x44e5c0	gmovie_init_
Functions	0x44e60c	gmovie_reset_
Functions	0x44e634	gmovie_exit_
Functions	0x44e638	gmovie_load_
Functions	0x44e664	gmovie_save_
Functions	0x44e690	gmovie_play_
Functions	0x44eae4	gmPaletteFinish_
Functions	0x44eb04	gmovie_has_been_played_
Functions	0x44eb14	gmovieIsPlaying_
Functions	0x44eb1c	gmovie_subtitle_func_
Functions	0x44ebc0	HighRGB_
Functions	0x44ebfc	bit1exbit8_
Functions	0x44eccc	tint_mask_buf_to_buf_
Functions	0x44ed40	buf_to_color_
Functions	0x44ed98	load_lbm_to_buf_
Functions	0x44f250	CompLZS_
Functions	0x44f5f0	InitTree_
Functions	0x44f63c	InsertNode_
Functions	0x44f7ec	DeleteNode_
Functions	0x44f92c	DecodeLZS_
Functions	0x44fa78	InitGreyTable_
Functions	0x44fc40	grey_buf_
Functions	0x44fc70	gsound_init_
Functions	0x450164	gsound_reset_
Functions	0x450244	gsound_exit_
Functions	0x4502bc	gsound_sfx_enable_
Functions	0x4502d0	gsound_sfx_disable_
Functions	0x4502e4	gsound_sfx_is_enabled_
Functions	0x4502ec	gsound_set_master_volume_
Functions	0x450410	gsound_get_master_volume_
Functions	0x450418	gsound_set_sfx_volume_
Functions	0x450454	gsound_get_sfx_volume_
Functions	0x45045c	gsound_background_disable_
Functions	0x450488	gsound_background_enable_
Functions	0x4504d4	gsound_background_is_enabled_
Functions	0x4504dc	gsound_background_volume_set_
Functions	0x450618	gsound_background_volume_get_
Functions	0x450620	gsound_background_volume_get_set_
Functions	0x450630	gsound_background_fade_set_
Functions	0x450638	gsound_background_fade_get_
Functions	0x450640	gsound_background_fade_get_set_
Functions	0x450650	gsound_background_callback_set_
Functions	0x450658	gsound_background_callback_get_
Functions	0x450660	gsound_background_callback_get_set_
Functions	0x450670	gsound_background_length_get_
Functions	0x45067c	gsound_background_play_
Functions	0x450a08	gsound_background_play_level_music_
Functions	0x450a1c	gsound_background_play_preloaded_
Functions	0x450ab4	gsound_background_stop_
Functions	0x450b0c	gsound_background_restart_last_
Functions	0x450b50	gsound_background_pause_
Functions	0x450b64	gsound_background_unpause_
Functions	0x450b78	gsound_speech_disable_
Functions	0x450bc0	gsound_speech_enable_
Functions	0x450be0	gsound_speech_is_enabled_
Functions	0x450be8	gsound_speech_volume_set_
Functions	0x450c5c	gsound_speech_volume_get_
Functions	0x450c64	gsound_speech_volume_get_set_
Functions	0x450c74	gsound_speech_callback_set_
Functions	0x450c7c	gsound_speech_callback_get_
Functions	0x450c84	gsound_speech_callback_get_set_
Functions	0x450c94	gsound_speech_length_get_
Functions	0x450ca0	gsound_speech_play_
Functions	0x450f8c	gsound_speech_play_preloaded_
Functions	0x451024	gsound_speech_stop_
Functions	0x451054	gsound_speech_pause_
Functions	0x451068	gsound_speech_unpause_
Functions	0x45108c	gsound_play_sfx_file_volume_
Functions	0x4510dc	gsound_load_sound_
Functions	0x45145c	gsound_load_sound_volume_
Functions	0x45148c	gsound_delete_sfx_
Functions	0x4514f0	gsnd_anim_sound_
Functions	0x451510	gsound_play_sound_
Functions	0x451534	gsound_compute_relative_volume_
Functions	0x451604	gsnd_build_character_sfx_name_
Functions	0x4516f0	gsnd_build_ambient_sfx_name_
Functions	0x451718	gsnd_build_interface_sfx_name_
Functions	0x451760	gsnd_build_weapon_sfx_name_
Functions	0x45184a	Glass&Metal&Plastic
Functions	0x45184e	Wood&
Functions	0x451852	Dirt&Stone&Cement
Functions	0x451856	Leather&
Functions	0x451898	gsnd_build_scenery_sfx_name_
Functions	0x4518dc	gsnd_build_open_sfx_name_
Functions	0x451970	gsound_red_butt_press_
Functions	0x451978	gsound_red_butt_release_
Functions	0x451980	gsound_toggle_butt_press_
Functions	0x451988	gsound_med_butt_press_
Functions	0x451990	gsound_med_butt_release_
Functions	0x451998	gsound_lrg_butt_press_
Functions	0x4519a0	gsound_lrg_butt_release_
Functions	0x4519a8	gsound_play_sfx_file_
Functions	0x451a00	gsound_bkg_proc_
Functions	0x451a08	gsound_open_
Functions	0x451a1c	gsound_write_
Functions	0x451a24	gsound_close_
Functions	0x451a30	gsound_read_
Functions	0x451a4c	gsound_seek_
Functions	0x451a70	gsound_tell_
Functions	0x451a7c	gsound_filesize_
Functions	0x451a88	gsound_compressed_query_
Functions	0x451a90	gsound_internal_speech_callback_
Functions	0x451ab0	gsound_internal_background_callback_
Functions	0x451ad0	gsound_internal_effect_callback_
Functions	0x451adc	gsound_background_allocate_
Functions	0x451b30	gsound_background_find_with_copy_
Functions	0x451e2c	gsound_background_find_dont_copy_
Functions	0x451f94	gsound_speech_find_dont_copy_
Functions	0x452088	gsound_background_remove_last_copy_
Functions	0x4520ec	gsound_background_start_
Functions	0x45219c	gsound_speech_start_
Functions	0x452208	gsound_get_music_path_
Functions	0x452350	gsound_check_active_effects_
Functions	0x452378	gsound_get_sound_ready_for_effect_
Functions	0x4524e0	gsound_file_exists_f_
Functions	0x4524fc	gsound_file_exists_db_
Functions	0x452518	gsound_setup_paths_
Functions	0x452628	gsound_sfx_q_start_
Functions	0x452634	gsound_sfx_q_process_
Functions	0x452740	gzRealUncompressCopyReal_file_
Functions	0x452804	gzcompress_file_
Functions	0x4528b8	gzdecompress_file_
Functions	0x452970	HEAP_BPT_
Functions	0x452974	heap_init_
Functions	0x452a3c	heap_exit_
Functions	0x452ad0	heap_allocate_
Functions	0x452cb4	heap_deallocate_
Functions	0x452de0	heap_lock_
Functions	0x452ee4	heap_unlock_
Functions	0x452fc4	heap_validate_
Functions	0x4532ac	heap_stats_
Functions	0x453304	heap_create_lists_
Functions	0x4533a0	heap_destroy_lists_
Functions	0x453430	heap_init_handles_
Functions	0x453480	heap_exit_handles_
Functions	0x4534b0	heap_acquire_handle_
Functions	0x453538	heap_release_handle_
Functions	0x453558	heap_clear_handles_
Functions	0x453588	heap_find_free_block_
Functions	0x453bc4	heap_build_free_list_
Functions	0x453c9c	heap_sort_free_list_
Functions	0x453cc4	heap_qsort_compare_free_
Functions	0x453cd0	heap_build_moveable_list_
Functions	0x453e54	heap_sort_moveable_list_
Functions	0x453e74	heap_qsort_compare_moveable_
Functions	0x453e80	heap_build_subblock_list_
Functions	0x453f24	heap_sort_subblock_list_
Functions	0x453f4c	heap_build_fake_move_list_
Functions	0x453fd0	dbg_error_
Functions	0x45400c	int_debug_
Functions	0x45404c	scripts_tile_is_visible_
Functions	0x45409c	correctFidForRemovedItem_
Functions	0x4541c8	op_give_exp_points_
Functions	0x454238	op_scr_return_
Functions	0x4542ac	op_play_sfx_
Functions	0x454314	op_set_map_start_
Functions	0x4543f4	op_override_map_start_
Functions	0x454568	op_has_skill_
Functions	0x454634	op_using_skill_
Functions	0x4546e8	op_roll_vs_skill_
Functions	0x4547d4	op_skill_contest_
Functions	0x454890	op_do_check_
Functions	0x4549a8	op_is_success_
Functions	0x454a44	op_is_critical_
Functions	0x454ad0	op_how_much_
Functions	0x454b6c	op_mark_area_known_
Functions	0x454c34	op_reaction_influence_
Functions	0x454cd4	op_random_
Functions	0x454d88	op_roll_dice_
Functions	0x454e28	op_move_to_
Functions	0x454fa8	op_create_object_sid_
Functions	0x4551e4	op_destroy_object_
Functions	0x455388	op_display_msg_
Functions	0x455430	op_script_overrides_
Functions	0x455470	op_obj_is_carrying_obj_pid_
Functions	0x455534	op_tile_contains_obj_pid_
Functions	0x455600	op_self_obj_
Functions	0x455624	op_source_obj_
Functions	0x455678	op_target_obj_
Functions	0x4556cc	op_dude_obj_
Functions	0x4556ec	op_obj_being_used_with_
Functions	0x455740	op_local_var_
Functions	0x4557c8	op_set_local_var_
Functions	0x455858	op_map_var_
Functions	0x4558c8	op_set_map_var_
Functions	0x455950	op_global_var_
Functions	0x4559ec	op_set_global_var_
Functions	0x455a90	op_script_action_
Functions	0x455ae4	op_obj_type_
Functions	0x455b6c	op_obj_item_subtype_
Functions	0x455c10	op_get_critter_stat_
Functions	0x455ccc	op_set_critter_stat_
Functions	0x455dc8	op_animate_stand_obj_
Functions	0x455e7c	op_animate_stand_reverse_obj_
Functions	0x455f30	op_animate_move_obj_to_tile_
Functions	0x45607c	op_tile_in_tile_rect_
Functions	0x456170	op_make_daytime_
Functions	0x456174	op_tile_distance_
Functions	0x456228	op_tile_distance_objs_
Functions	0x456324	op_tile_num_
Functions	0x4563b4	op_tile_num_in_direction_
Functions	0x4564d4	op_pickup_obj_
Functions	0x456580	op_drop_obj_
Functions	0x45662c	op_add_obj_to_inven_
Functions	0x456708	op_rm_obj_from_inven_
Functions	0x45681c	op_wield_obj_critter_
Functions	0x4569d0	op_use_obj_
Functions	0x456ac4	op_obj_can_see_obj_
Functions	0x456c00	op_attack_
Functions	0x456df0	op_start_gdialog_
Functions	0x456f80	op_end_dialogue_
Functions	0x456fa4	op_dialogue_reaction_
Functions	0x457008	objs_area_turn_on_off_
Functions	0x457110	op_metarule3_
Functions	0x45734c	op_set_map_music_
Functions	0x45741c	op_set_obj_visibility_
Functions	0x45755c	op_load_map_
Functions	0x457680	op_wm_area_set_pos_
Functions	0x457730	op_set_exit_grids_
Functions	0x4577ec	op_anim_busy_
Functions	0x457880	op_critter_heal_
Functions	0x457934	op_set_light_level_
Functions	0x4579f4	op_game_time_
Functions	0x457a18	op_game_time_in_seconds_
Functions	0x457a44	op_elevation_
Functions	0x457ad4	op_kill_critter_
Functions	0x457bf4	correctDeath_
Functions	0x457cb4	op_kill_critter_type_
Functions	0x457eb4	op_critter_damage_
Functions	0x457ff0	op_add_timer_event_
Functions	0x458094	op_rm_timer_event_
Functions	0x458108	op_game_ticks_
Functions	0x458180	op_has_trait_
Functions	0x45835c	op_obj_can_hear_obj_
Functions	0x458438	op_game_time_hour_
Functions	0x45845c	op_fixed_param_
Functions	0x4584b0	op_tile_is_visible_
Functions	0x458534	op_dialogue_system_enter_
Functions	0x458594	op_action_being_used_
Functions	0x4585e8	op_critter_state_
Functions	0x4586c8	op_game_time_advance_
Functions	0x458760	op_radiation_inc_
Functions	0x458800	op_radiation_dec_
Functions	0x4588b4	op_critter_attempt_placement_
Functions	0x4589a0	op_obj_pid_
Functions	0x458a30	op_cur_map_index_
Functions	0x458a54	op_critter_add_trait_
Functions	0x458c2c	op_critter_rm_trait_
Functions	0x458d38	op_proto_data_
Functions	0x458e10	op_message_str_
Functions	0x458f00	op_critter_inven_obj_
Functions	0x459088	op_obj_set_light_level_
Functions	0x459170	op_world_map_
Functions	0x459178	op_inven_cmds_
Functions	0x459280	op_float_msg_
Functions	0x4593d7	float_msg_WARNING
Functions	0x45940c	float_msg_NORMAL_YELLOW
Functions	0x459415	float_msg_BLACK_PURPLE_GREY
Functions	0x45941e	float_msg_RED
Functions	0x459427	float_msg_GREEN
Functions	0x459430	float_msg_BLUE
Functions	0x459439	float_msg_NEAR_WHITE
Functions	0x459442	float_msg_LIGHT_RED
Functions	0x45944b	float_msg_WHITE
Functions	0x459454	float_msg_DARK_GREY
Functions	0x45945d	float_msg_LIGHT_GREY
Functions	0x459468	float_msg_SEQUENTIAL
Functions	0x4594a0	op_metarule_
Functions	0x4598bc	op_anim_
Functions	0x459b5c	op_obj_carrying_pid_obj_
Functions	0x459c20	op_reg_anim_func_
Functions	0x459cd4	op_reg_anim_animate_
Functions	0x459dc4	op_reg_anim_animate_reverse_
Functions	0x459e74	op_reg_anim_obj_move_to_obj_
Functions	0x459f28	op_reg_anim_obj_run_to_obj_
Functions	0x459fdc	op_reg_anim_obj_move_to_tile_
Functions	0x45a094	op_reg_anim_obj_run_to_tile_
Functions	0x45a14c	op_play_gmovie_
Functions	0x45a200	op_add_mult_objs_to_inven_
Functions	0x45a2d4	op_rm_mult_objs_from_inven_
Functions	0x45a40c	op_get_month_
Functions	0x45a43c	op_get_day_
Functions	0x45a46c	op_explosion_
Functions	0x45a528	op_days_since_visited_
Functions	0x45a56c	op_gsay_start_
Functions	0x45a5b0	op_gsay_end_
Functions	0x45a5d4	op_gsay_reply_
Functions	0x45a6c4	op_gsay_option_
Functions	0x45a8ac	op_gsay_message_
Functions	0x45a9b4	op_giq_option_
Functions	0x45ab90	op_poison_
Functions	0x45ac44	op_get_poison_
Functions	0x45acf4	op_party_add_
Functions	0x45ad68	op_party_remove_
Functions	0x45addc	op_reg_anim_animate_forever_
Functions	0x45ae8c	op_critter_injure_
Functions	0x45af7c	op_combat_is_initialized_
Functions	0x45afa0	op_gdialog_barter_
Functions	0x45b010	op_difficulty_level_
Functions	0x45b05c	op_running_burning_guy_
Functions	0x45b0a8	op_inven_unwield_
Functions	0x45b0d8	op_obj_is_locked_
Functions	0x45b16c	op_obj_lock_
Functions	0x45b1e0	op_obj_unlock_
Functions	0x45b254	op_obj_is_open_
Functions	0x45b2e8	op_obj_open_
Functions	0x45b35c	op_obj_close_
Functions	0x45b3d0	op_game_ui_disable_
Functions	0x45b3d8	op_game_ui_enable_
Functions	0x45b3e0	op_game_ui_is_disabled_
Functions	0x45b404	op_gfade_out_
Functions	0x45b47c	op_gfade_in_
Functions	0x45b4f4	op_item_caps_total_
Functions	0x45b588	op_item_caps_adjust_
Functions	0x45b64c	op_anim_action_frame_
Functions	0x45b740	op_reg_anim_play_sfx_
Functions	0x45b840	op_critter_mod_skill_
Functions	0x45b9c4	op_sfx_build_char_name_
Functions	0x45baa8	op_sfx_build_ambient_name_
Functions	0x45bb54	op_sfx_build_interface_name_
Functions	0x45bc00	op_sfx_build_item_name_
Functions	0x45bcac	op_sfx_build_weapon_name_
Functions	0x45bd7c	op_sfx_build_scenery_name_
Functions	0x45be58	op_sfx_build_open_name_
Functions	0x45bf38	op_attack_setup_
Functions	0x45c0e8	op_destroy_mult_objs_
Functions	0x45c290	op_use_obj_on_obj_
Functions	0x45c3b0	op_endgame_slideshow_
Functions	0x45c3d0	op_move_obj_inven_to_obj_
Functions	0x45c54c	op_endgame_movie_
Functions	0x45c56c	op_obj_art_fid_
Functions	0x45c5f8	op_art_anim_
Functions	0x45c66c	op_party_member_obj_
Functions	0x45c6dc	op_rotation_to_tile_
Functions	0x45c778	op_jam_lock_
Functions	0x45c7d4	op_gdialog_set_barter_mod_
Functions	0x45c830	op_combat_difficulty_
Functions	0x45c878	op_obj_on_screen_
Functions	0x45c93c	op_critter_is_fleeing_
Functions	0x45c9dc	op_critter_set_flee_state_
Functions	0x45ca84	op_terminate_combat_
Functions	0x45cac8	op_debug_msg_
Functions	0x45cb70	op_critter_stop_attacking_
Functions	0x45cbf8	op_tile_contains_pid_obj_
Functions	0x45ccc8	op_obj_name_
Functions	0x45cd64	op_get_pc_stat_
Functions	0x45cdd4	intExtraClose_
Functions	0x45cdd8	initIntExtra_
Functions	0x45d878	intExtraRemoveProgramReferences_
Functions	0x45d880	intface_init_
Functions	0x45e3d0	intface_reset_
Functions	0x45e440	intface_exit_
Functions	0x45e860	intface_load_
Functions	0x45e988	intface_save_
Functions	0x45e9e0	intface_hide_
Functions	0x45ea10	intface_show_
Functions	0x45ea5c	intface_is_hidden_
Functions	0x45ea64	intface_enable_
Functions	0x45eafc	intface_disable_
Functions	0x45eb90	intface_is_enabled_
Functions	0x45eb98	intface_redraw_
Functions	0x45ebd8	intface_update_hit_points_
Functions	0x45eda8	intface_update_ac_
Functions	0x45ee0c	intface_update_move_points_
Functions	0x45ef6c	intface_get_attack_
Functions	0x45efa8	left_is_aimed
Functions	0x45efae	left_weapon
Functions	0x45efc6	right_is_aimed
Functions	0x45efcc	right_weapon
Functions	0x45efec	intface_update_items_
Functions	0x45f404	intface_toggle_items_
Functions	0x45f4b4	intface_get_item_states_
Functions	0x45f4e0	intface_toggle_item_state_
Functions	0x45f5ec	intface_use_item_
Functions	0x45f7fc	intface_is_item_right_hand_
Functions	0x45f804	intface_get_current_item_
Functions	0x45f838	intface_update_ammo_lights_
Functions	0x45f96c	intface_end_window_open_
Functions	0x45fac0	intface_end_window_close_
Functions	0x45fc04	intface_end_buttons_enable_
Functions	0x45fc98	intface_end_buttons_disable_
Functions	0x45fd2c	intface_init_items_
Functions	0x45fd88	intface_redraw_items_
Functions	0x460658	intface_redraw_items_callback_
Functions	0x460660	intface_change_fid_callback_
Functions	0x46066c	intface_change_fid_animate_
Functions	0x4607e0	intface_create_end_turn_button_
Functions	0x4608c4	intface_destroy_end_turn_button_
Functions	0x460940	intface_create_end_combat_button_
Functions	0x460a24	intface_destroy_end_combat_button_
Functions	0x460aa0	intface_draw_ammo_lights_
Functions	0x460b20	intface_item_reload_
Functions	0x460ba0	intface_rotate_numbers_
Functions	0x461128	intface_fatal_error_
Functions	0x461134	construct_box_bar_win_
Functions	0x461454	deconstruct_box_bar_win_
Functions	0x4614a0	reset_box_bar_win_
Functions	0x4614cc	refresh_box_bar_win_
Functions	0x461624	bbox_comp_
Functions	0x461648	draw_bboxes_
Functions	0x4616f0	add_bar_box_
Functions	0x461740	enable_box_bar_win_
Functions	0x461760	disable_box_bar_win_
Functions	0x461780	op_fillwin3x3_
Functions	0x461850	op_format_
Functions	0x461a5c	op_print_
Functions	0x461b10	op_selectfilelist_
Functions	0x461ca0	op_tokenize_
Functions	0x461f1c	op_printrect_
Functions	0x46209c	op_selectwin_
Functions	0x46213c	op_display_
Functions	0x4621b4	op_displayraw_
Functions	0x46222c	interpretFadePaletteBK_
Functions	0x462330	interpretFadePalette_
Functions	0x462340	intlibGetFadeIn_
Functions	0x462348	interpretFadeOut_
Functions	0x462380	interpretFadeIn_
Functions	0x4623a4	interpretFadeOutNoBK_
Functions	0x4623dc	interpretFadeInNoBK_
Functions	0x462400	op_fadein_
Functions	0x4624b4	op_fadeout_
Functions	0x462570	checkMovie_
Functions	0x462584	op_movieflags_
Functions	0x4625d0	op_playmovie_
Functions	0x4626c4	op_playmovierect_
Functions	0x46287c	op_stopmovie_
Functions	0x462890	op_deleteregion_
Functions	0x462924	op_activateregion_
Functions	0x4629a0	op_checkregion_
Functions	0x462a1c	op_addregion_
Functions	0x462c10	op_addregionproc_
Functions	0x462ddc	op_addregionrightproc_
Functions	0x462f08	op_createwin_
Functions	0x46308c	op_resizewin_
Functions	0x463204	op_scalewin_
Functions	0x46337c	op_deletewin_
Functions	0x4633e4	op_saystart_
Functions	0x463430	op_saystartpos_
Functions	0x46349c	op_sayreplytitle_
Functions	0x463510	op_saygotoreply_
Functions	0x463584	op_sayoption_
Functions	0x4636a0	op_sayreply_
Functions	0x46378c	checkDialog_
Functions	0x4637a4	op_sayend_
Functions	0x4637ec	op_saygetlastpos_
Functions	0x463810	op_sayquit_
Functions	0x463828	getTimeOut_
Functions	0x463830	setTimeOut_
Functions	0x463838	op_saymessagetimeout_
Functions	0x463890	op_saymessage_
Functions	0x463980	op_gotoxy_
Functions	0x463a38	op_addbuttonflag_
Functions	0x463b10	op_addregionflag_
Functions	0x463be8	op_addbutton_
Functions	0x463df4	op_addbuttontext_
Functions	0x463eec	op_addbuttongfx_
Functions	0x4640dc	op_addbuttonproc_
Functions	0x4642a8	op_addbuttonrightproc_
Functions	0x4643d4	op_showwin_
Functions	0x4643e4	op_deletebutton_
Functions	0x46449c	op_fillwin_
Functions	0x4645fc	op_fillrect_
Functions	0x46489c	op_hidemouse_
Functions	0x4648a4	op_showmouse_
Functions	0x4648ac	op_mouseshape_
Functions	0x4649c4	op_setglobalmousefunc_
Functions	0x4649d4	op_displaygfx_
Functions	0x464adc	op_loadpalettetable_
Functions	0x464b54	op_addNamedEvent_
Functions	0x464be8	op_addNamedHandler_
Functions	0x464c80	op_clearNamed_
Functions	0x464ce4	op_signalNamed_
Functions	0x464d48	op_addkey_
Functions	0x464e24	op_deletekey_
Functions	0x464eb0	op_refreshmouse_
Functions	0x464f18	op_setfont_
Functions	0x464f84	op_settextflags_
Functions	0x464ff0	op_settextcolor_
Functions	0x465140	op_sayoptioncolor_
Functions	0x465290	op_sayreplycolor_
Functions	0x4653e0	op_sethighlightcolor_
Functions	0x465530	op_sayreplywindow_
Functions	0x465688	op_sayreplyflags_
Functions	0x4656f4	op_sayoptionflags_
Functions	0x465760	op_sayoptionwindow_
Functions	0x4658b8	op_sayborder_
Functions	0x465978	op_sayscrollup_
Functions	0x465cac	op_sayscrolldown_
Functions	0x465fe0	op_saysetspacing_
Functions	0x46604c	op_sayrestart_
Functions	0x466064	soundCallbackInterpret_
Functions	0x466070	soundDeleteInterpret_
Functions	0x4660e8	soundCloseInterpret_
Functions	0x466110	soundStartInterpret_
Functions	0x46655c	soundPauseInterpret_
Functions	0x4665c8	soundRewindInterpret_
Functions	0x46662c	soundUnpauseInterpret_
Functions	0x466698	op_soundplay_
Functions	0x466768	op_soundpause_
Functions	0x4667c0	op_soundresume_
Functions	0x466818	op_soundstop_
Functions	0x466870	op_soundrewind_
Functions	0x4668c8	op_sounddelete_
Functions	0x466920	op_setoneoptpause_
Functions	0x466994	updateIntLib_
Functions	0x4669a0	intlibClose_
Functions	0x466a04	intLibDoInput_
Functions	0x466a70	initIntlib_
Functions	0x466f6c	interpretRegisterProgramDeleteCallback_
Functions	0x467000	interpretUnregisterProgramDeleteCallback_
Functions	0x467040	removeProgramReferences_1
Functions	0x4670a0	defaultTimerFunc_
Functions	0x4670a8	interpretSetTimeFunc_
Functions	0x4670b4	defaultFilename_
Functions	0x4670b8	interpretMangleName_
Functions	0x4670c0	outputStr_
Functions	0x4670c8	checkWait_
Functions	0x4670fc	interpretOutputFunc_
Functions	0x467104	interpretOutput_
Functions	0x467160	findCurrentProc_
Functions	0x4671f0	interpretError_
Functions	0x467290	fetchWord_
Functions	0x4672a4	fetchLong_
Functions	0x4672d4	storeWord_
Functions	0x4672e8	storeLong_
Functions	0x467324	pushShortStack_
Functions	0x46736c	pushLongStack_
Functions	0x4673c4	popLongStack_
Functions	0x4673f0	popShortStack_
Functions	0x467424	interpretIncStringRef_
Functions	0x467440	interpretDecStringRef_
Functions	0x46748c	interpretPushShort_
Functions	0x4674dc	interpretPushLong_
Functions	0x4674f0	interpretPopShort_
Functions	0x467500	interpretPopLong_
Functions	0x467510	rPushShort_
Functions	0x467560	rPushLong_
Functions	0x467574	rPopShort_
Functions	0x4675b8	rPopLong_
Functions	0x4675c8	detachProgram_
Functions	0x4675f4	purgeProgram_
Functions	0x467614	interpretFreeProgram_
Functions	0x467734	allocateProgram_
Functions	0x4678bc	getOp_
Functions	0x4678e0	interpretGetString_
Functions	0x46790c	interpretGetName_
Functions	0x467918	interpretInvalidateString_
Functions	0x467934	checkProgramStrings_
Functions	0x4679c4	checkAllProgramStrings_
Functions	0x4679e0	checkStrings_
Functions	0x467a80	interpretAddString_
Functions	0x467c78	getData_
Functions	0x467c90	op_noop_
Functions	0x467c94	op_const_
Functions	0x467cd0	op_push_base_
Functions	0x467d3c	op_pop_base_
Functions	0x467d94	op_pop_to_base_
Functions	0x467de0	op_set_global_
Functions	0x467dec	op_dump_
Functions	0x467ea4	op_call_at_
Functions	0x468034	op_call_condition_
Functions	0x46817c	op_wait_
Functions	0x468218	op_cancel_
Functions	0x468330	op_cancelall_
Functions	0x468400	op_if_
Functions	0x4684a4	op_while_
Functions	0x468518	op_store_
Functions	0x468678	op_fetch_
Functions	0x46873c	op_not_equal_
Functions	0x468aa8	op_equal_
Functions	0x468e14	op_less_equal_
Functions	0x469180	op_greater_equal_
Functions	0x4694ec	op_less_
Functions	0x469858	op_greater_
Functions	0x469bc4	op_add_
Functions	0x46a1d8	op_sub_
Functions	0x46a300	op_mul_
Functions	0x46a424	op_div_
Functions	0x46a5b8	op_mod_
Functions	0x46a6b4	op_and_
Functions	0x46a8d8	op_or_
Functions	0x46aacc	op_not_
Functions	0x46ab2c	op_negate_
Functions	0x46ab84	op_bwnot_
Functions	0x46abdc	op_floor_
Functions	0x46ac78	op_bwand_
Functions	0x46ada4	op_bwor_
Functions	0x46aed0	op_bwxor_
Functions	0x46affc	op_swapa_
Functions	0x46b070	op_critical_done_
Functions	0x46b078	op_critical_start_
Functions	0x46b080	op_jmp_
Functions	0x46b108	op_call_
Functions	0x46b590	op_pop_flags_
Functions	0x46b63c	op_pop_return_
Functions	0x46b658	op_pop_exit_
Functions	0x46b67c	op_pop_flags_return_
Functions	0x46b698	op_pop_flags_exit_
Functions	0x46b6bc	op_pop_flags_return_val_exit_
Functions	0x46b73c	op_pop_flags_return_val_exit_extern_
Functions	0x46b808	op_pop_flags_return_extern_
Functions	0x46b86c	op_pop_flags_exit_extern_
Functions	0x46b8d8	op_pop_flags_return_val_extern_
Functions	0x46ba10	op_pop_address_
Functions	0x46ba2c	op_a_to_d_
Functions	0x46ba68	op_d_to_a_
Functions	0x46bac0	op_exit_prog_
Functions	0x46bac8	op_stop_prog_
Functions	0x46bad0	op_fetch_global_
Functions	0x46bb5c	op_store_global_
Functions	0x46bcac	op_swap_
Functions	0x46bd60	op_fetch_proc_address_
Functions	0x46be10	op_pop_
Functions	0x46be4c	op_dup_
Functions	0x46bec8	op_store_external_
Functions	0x46bf90	op_fetch_external_
Functions	0x46c044	op_export_proc_
Functions	0x46c120	op_export_var_
Functions	0x46c1a0	op_exit_
Functions	0x46c1ec	op_detach_
Functions	0x46c218	op_callstart_
Functions	0x46c344	op_spawn_
Functions	0x46c490	op_fork_
Functions	0x46c574	op_exec_
Functions	0x46c5d8	op_check_arg_count_
Functions	0x46c6b4	op_lookup_string_proc_
Functions	0x46c7dc	initInterpreter_
Functions	0x46cc68	interpretClose_
Functions	0x46cc74	interpretEnableInterpreter_
Functions	0x46cca4	interpret_
Functions	0x46ced0	setupCallWithReturnVal_
Functions	0x46cf78	setupCall_
Functions	0x46cf9c	setupExternalCallWithReturnVal_
Functions	0x46d0b0	setupExternalCall_
Functions	0x46d0d4	BugFixLoop_
Functions	0x46d16c	executeProcedureReturnValue_
Functions	0x46d50c	executeProcWithArgs_
Functions	0x46d804	executeProcedureWithArgs_
Functions	0x46db58	executeProc_
Functions	0x46dcd0	interpretFindProcedure_
Functions	0x46dd2c	executeProcedure_
Functions	0x46dee4	doEvents_
Functions	0x46e10c	removeProgList_
Functions	0x46e154	runProgram_
Functions	0x46e15c	insertProgram_
Functions	0x46e19c	runScript_
Functions	0x46e1dc	interpretSetCPUBurstSize_
Functions	0x46e1ec	updatePrograms_
Functions	0x46e238	clearPrograms_
Functions	0x46e254	clearTopProgram_
Functions	0x46e26c	getProgramList_
Functions	0x46e31c	freeProgramList_
Functions	0x46e368	interpretAddFunc_
Functions	0x46e398	interpretSetFilenameFunc_
Functions	0x46e3a0	interpretSuspendEvents_
Functions	0x46e3c0	interpretResumeEvents_
Functions	0x46e4ac	interpretSaveProgramState_
Functions	0x46e4b0	interpretDumpStack_
Functions	0x46e5ec	interpretDumpStringHeap_
Functions	0x46e718	inven_set_dude_
Functions	0x46e724	inven_reset_dude_
Functions	0x46e73c	inventry_msg_load_
Functions	0x46e7a0	inventry_msg_unload_
Functions	0x46e7b0	handle_inventory_
Functions	0x46ec90	setup_inventory_
Functions	0x46fbd8	exit_inventory_
Functions	0x46fdf4	display_inventory_
Functions	0x47036c	display_target_inventory_
Functions	0x4705a0	display_inventory_info_
Functions	0x470650	display_body_
Functions	0x470a2c	inven_init_
Functions	0x470b8c	inven_exit_
Functions	0x470bcc	inven_set_mouse_
Functions	0x470c2c	inven_hover_on_
Functions	0x470d1c	inven_hover_off_
Functions	0x470d5c	inven_update_lighting_
Functions	0x470db8	inven_pickup_
Functions	0x4714e0	switch_hand_
Functions	0x4715f8	adjust_ac_
Functions	0x4716e8	adjust_fid_
Functions	0x4717e4	use_inventory_on_
Functions	0x471b70	inven_right_hand_
Functions	0x471bbc	inven_left_hand_
Functions	0x471c08	inven_worn_
Functions	0x471c54	inven_pid_is_carried_
Functions	0x471ca0	inven_pid_is_carried_ptr_
Functions	0x471cdc	inven_pid_quantity_carried_
Functions	0x471d34	inven_clear_
Functions	0x471d5c	display_stats_
Functions	0x472698	inven_find_type_
Functions	0x4726ec	inven_find_id_
Functions	0x472740	inven_index_ptr_
Functions	0x472758	inven_wield_
Functions	0x472768	invenWieldFunc_
Functions	0x472a54	inven_unwield_
Functions	0x472a64	invenUnwieldFunc_
Functions	0x472b54	inven_from_button_
Functions	0x472d24	inven_display_msg_
Functions	0x472eb8	inven_obj_examine_func_
Functions	0x47304c	inven_action_cursor_
Functions	0x473904	loot_container_
Functions	0x4746a0	inven_steal_container_
Functions	0x474708	move_inventory_
Functions	0x474b2c	barter_compute_value_
Functions	0x474c50	barter_attempt_transaction_
Functions	0x474dac	barter_move_inventory_
Functions	0x475070	barter_move_from_table_inventory_
Functions	0x475334	display_table_inventories_
Functions	0x4757f0	barter_inventory_
Functions	0x47620c	container_enter_
Functions	0x476394	container_exit_
Functions	0x476464	drop_into_container_
Functions	0x47650c	drop_ammo_into_weapon_
Functions	0x47664c	draw_amount_
Functions	0x47688c	do_move_timer_
Functions	0x476ab8	setup_move_timer_win_
Functions	0x477030	exit_move_timer_win_
Functions	0x477074	inven_set_timer_
Functions	0x4770e0	item_init_
Functions	0x477144	item_reset_
Functions	0x477148	item_exit_
Functions	0x477154	item_load_
Functions	0x477158	item_add_mult_
Functions	0x4772b8	item_add_force_
Functions	0x477490	item_remove_mult_
Functions	0x4775d8	item_compact_
Functions	0x477608	item_move_func_
Functions	0x47769c	item_move_
Functions	0x4776a4	item_move_force_
Functions	0x4776ac	item_move_all_
Functions	0x4776e0	item_move_all_hidden_
Functions	0x477770	item_destroy_all_hidden_
Functions	0x477804	item_drop_all_
Functions	0x4779f0	item_identical_
Functions	0x477ae4	item_name_
Functions	0x477af4	item_description_
Functions	0x477afc	item_get_type_
Functions	0x477b4c	item_material_
Functions	0x477b68	item_size_
Functions	0x477b88	item_weight_
Functions	0x477cac	item_cost_
Functions	0x477dac	item_total_cost_
Functions	0x477e98	item_total_weight_
Functions	0x477f3c	can_use_weapon_
Functions	0x477fb0	item_inv_fid_
Functions	0x477ff8	item_hit_with_
Functions	0x478040	item_mp_cost_
Functions	0x47808c	item_count_
Functions	0x4780e4	item_queued_
Functions	0x478154	item_replace_
Functions	0x478244	item_is_hidden_
Functions	0x478280	item_w_subtype_
Functions	0x4782cc	item_w_skill_
Functions	0x478370	item_w_skill_level_
Functions	0x4783b8	item_w_damage_min_max_
Functions	0x478448	item_w_damage_
Functions	0x478570	item_w_damage_type_
Functions	0x478598	item_w_is_2handed_
Functions	0x4785dc	item_w_anim_
Functions	0x47860c	item_w_anim_weap_
Functions	0x478674	item_w_max_ammo_
Functions	0x4786a0	item_w_curr_ammo_
Functions	0x4786c8	item_w_caliber_
Functions	0x478714	item_w_set_curr_ammo_
Functions	0x478768	item_w_try_reload_
Functions	0x478874	item_w_can_reload_
Functions	0x478918	item_w_reload_
Functions	0x478a1c	item_w_range_
Functions	0x478b24	item_w_mp_cost_
Functions	0x478d08	item_w_min_st_
Functions	0x478d30	item_w_crit_fail_
Functions	0x478d58	item_w_perk_
Functions	0x478d80	item_w_rounds_
Functions	0x478da8	item_w_anim_code_
Functions	0x478dd0	item_w_proj_pid_
Functions	0x478df8	item_w_ammo_pid_
Functions	0x478e18	item_w_sound_id_
Functions	0x478e5c	item_w_called_shot_
Functions	0x478ef4	item_w_can_unload_
Functions	0x478f80	item_w_unload_
Functions	0x47905c	item_w_primary_mp_cost_
Functions	0x479084	item_w_secondary_mp_cost_
Functions	0x4790ac	item_w_compute_ammo_cost_
Functions	0x4790e8	item_w_is_grenade_
Functions	0x47910c	item_w_area_damage_radius_
Functions	0x479180	item_w_grenade_dmg_radius_
Functions	0x479188	item_w_rocket_dmg_radius_
Functions	0x479190	item_w_ac_adjust_
Functions	0x4791e0	item_w_dr_adjust_
Functions	0x479230	item_w_dam_mult_
Functions	0x479294	item_w_dam_div_
Functions	0x4792f8	item_ar_ac_
Functions	0x479318	item_ar_dr_
Functions	0x479338	item_ar_dt_
Functions	0x479358	item_ar_perk_
Functions	0x479380	item_ar_male_fid_
Functions	0x4793a8	item_ar_female_fid_
Functions	0x4793d0	item_m_max_charges_
Functions	0x4793f0	item_m_curr_charges_
Functions	0x4793f8	item_m_set_charges_
Functions	0x479434	item_m_cell_
Functions	0x479454	item_m_cell_pid_
Functions	0x47947c	item_m_uses_charges_
Functions	0x4794a4	item_m_use_charged_item_
Functions	0x4795a4	item_m_dec_charges_
Functions	0x4795f0	item_m_trickle_
Functions	0x4796a8	item_m_on_
Functions	0x4796d0	item_m_turn_on_
Functions	0x479898	item_m_turn_off_
Functions	0x479954	item_m_turn_off_from_queue_
Functions	0x479960	item_m_stealth_effect_on_
Functions	0x479998	item_m_stealth_effect_off_
Functions	0x479a00	item_c_max_size_
Functions	0x479a20	item_c_curr_size_
Functions	0x479a74	item_a_ac_adjust_
Functions	0x479aa4	item_a_dr_adjust_
Functions	0x479ad4	item_a_dam_mult_
Functions	0x479b04	item_a_dam_div_
Functions	0x479b34	item_k_curr_code_
Functions	0x479b44	insert_drug_effect_
Functions	0x479c20	perform_drug_effect_
Functions	0x479ee4	drug_effect_allowed_
Functions	0x479f60	item_d_take_drug_
Functions	0x47a178	item_d_clear_
Functions	0x47a198	item_d_process_
Functions	0x47a1d0	item_d_load_
Functions	0x47a254	item_d_save_
Functions	0x47a290	insert_withdrawal_
Functions	0x47a2fc	item_wd_clear_
Functions	0x47a324	item_wd_clear_all_
Functions	0x47a384	item_wd_process_
Functions	0x47a404	item_wd_load_
Functions	0x47a484	item_wd_save_
Functions	0x47a4c4	perform_withdrawal_start_
Functions	0x47a558	perform_withdrawal_end_
Functions	0x47a5b4	pid_to_gvar_
Functions	0x47a5e8	item_d_set_addict_
Functions	0x47a60c	item_d_unset_addict_
Functions	0x47a640	item_d_check_addict_
Functions	0x47a6a8	item_caps_total_
Functions	0x47a6f8	item_caps_adjust_
Functions	0x47a8c8	item_caps_get_amount_
Functions	0x47a8d8	item_caps_set_amount_
Functions	0x47a8f0	light_init_
Functions	0x47a8f8	light_get_ambient_
Functions	0x47a900	light_increase_ambient_
Functions	0x47a908	light_set_ambient_
Functions	0x47a96c	light_decrease_ambient_
Functions	0x47a980	light_get_tile_
Functions	0x47a9c4	light_get_tile_true_
Functions	0x47a9ec	light_set_tile_
Functions	0x47aa10	light_add_to_tile_
Functions	0x47aa48	light_subtract_from_tile_
Functions	0x47aa84	light_reset_tiles_
Functions	0x47aac0	lips_fix_string_
Functions	0x47aad8	lips_bkg_proc_
Functions	0x47ac2c	lips_play_speech_
Functions	0x47ad2c	lips_stop_speech_
Functions	0x47ad4c	lips_read_phoneme_type_
Functions	0x47ad5c	lips_read_marker_type_
Functions	0x47ad98	lips_read_lipsynch_info_
Functions	0x47afac	lips_load_file_
Functions	0x47b5d0	lips_make_speech_
Functions	0x47b730	lips_free_speech_
Functions	0x47b7c0	_lsgrphs
Functions	0x47b7e4	InitLoadSave_
Functions	0x47b85c	ResetLoadSave_
Functions	0x47b88c	SaveGame_
Functions	0x47c5b4	QuickSnapShot_
Functions	0x47c640	LoadGame_
Functions	0x47d2e4	LSGameStart_
Functions	0x47d824	LSGameEnd_
Functions	0x47d88c	SaveSlot_
Functions	0x47dc60	isLoadingGame_
Functions	0x47dc68	LoadSlot_
Functions	0x47dec8	GetTimeDate_
Functions	0x47df10	SaveHeader_
Functions	0x47e2e4	LoadHeader_
Functions	0x47e5d0	GetSlotList_
Functions	0x47e6d8	ShowSlotList_
Functions	0x47e8e0	DrawInfoBox_
Functions	0x47ec48	LoadTumbSlot_
Functions	0x47ed5c	GetComment_
Functions	0x47f084	get_input_str2_
Functions	0x47f48c	DummyFunc_
Functions	0x47f490	PrepLoad_
Functions	0x47f4c8	EndLoad_
Functions	0x47f510	GameMap2Slot_
Functions	0x47f990	SlotMap2Game_
Functions	0x47fe14	mygets_
Functions	0x47fe58	copy_file_
Functions	0x48000c	KillOldMaps_
Functions	0x480040	MapDirErase_
Functions	0x4800c8	MapDirEraseFile_
Functions	0x480104	SaveBackup_
Functions	0x4803d8	RestoreSave_
Functions	0x480708	RestoreLoad_
Functions	0x480710	LoadObjDudeCid_
Functions	0x480734	SaveObjDudeCid_
Functions	0x480754	EraseSave_
Functions	0x48099c	gnw_main_
Functions	0x480cc0	main_init_system_
Functions	0x480d0c	main_reset_system_
Functions	0x480d18	main_exit_system_
Functions	0x480d4c	main_load_new_
Functions	0x480df8	main_loadgame_new_
Functions	0x480e34	main_unload_new_
Functions	0x480e48	main_game_loop_
Functions	0x480ee4	main_selfrun_init_
Functions	0x480f38	main_selfrun_exit_
Functions	0x480f64	main_selfrun_record_
Functions	0x48109c	main_selfrun_play_
Functions	0x48118c	main_death_scene_
Functions	0x4814a8	main_death_voiceover_callback_
Functions	0x4814b4	mainDeathGrabTextFile_
Functions	0x481598	mainDeathWordWrap_
Functions	0x481650	main_menu_create_
Functions	0x481968	main_menu_destroy_
Functions	0x481a00	main_menu_hide_
Functions	0x481a48	main_menu_show_
Functions	0x481a8c	main_menu_is_shown_
Functions	0x481aa8	main_menu_is_enabled_
Functions	0x481ab0	main_menu_set_timeout_
Functions	0x481ad0	main_menu_get_timeout_
Functions	0x481aec	main_menu_loop_
Functions	0x481c88	main_menu_fatal_error_
Functions	0x481c94	main_menu_play_sound_
Functions	0x481ca0	iso_init_
Functions	0x481ed4	iso_reset_
Functions	0x481f48	iso_exit_
Functions	0x481fb4	map_init_
Functions	0x482064	map_reset_
Functions	0x482084	map_exit_
Functions	0x4820c0	map_enable_bk_processes_
Functions	0x482104	map_disable_bk_processes_
Functions	0x482148	map_bk_processes_are_disabled_
Functions	0x482158	map_set_elevation_
Functions	0x4821f4	map_is_elevation_empty_
Functions	0x482220	map_set_global_var_
Functions	0x482250	map_get_global_var_
Functions	0x482280	map_set_local_var_
Functions	0x4822b0	map_get_local_var_
Functions	0x4822e0	map_malloc_local_var_
Functions	0x48234c	map_set_entrance_hex_
Functions	0x482360	map_set_script_
Functions	0x48247c	map_set_name_
Functions	0x4824a4	map_get_name_
Functions	0x4824cc	map_get_elev_idx_
Functions	0x482528	is_map_idx_same_
Functions	0x4825cc	get_map_idx_same_
Functions	0x48261c	map_get_short_name_
Functions	0x482684	map_get_description_
Functions	0x48268c	map_get_description_idx_
Functions	0x4826b8	map_get_index_number_
Functions	0x4826c0	map_scroll_
Functions	0x482900	map_file_path_
Functions	0x482924	mapSetEntranceInfo_
Functions	0x482938	map_new_map_
Functions	0x4829f0	map_load_dialog_
Functions	0x482a68	map_load_
Functions	0x482b34	map_load_idx_
Functions	0x482b74	map_load_file_
Functions	0x483188	map_load_in_game_
Functions	0x48328c	map_age_dead_critters_
Functions	0x48358c	map_target_load_area_
Functions	0x4835b4	map_leave_map_
Functions	0x4835f8	map_check_state_
Functions	0x483784	map_fix_critter_combat_data_
Functions	0x4837c0	map_save_dialog_
Functions	0x483850	map_save_
Functions	0x483980	map_save_file_
Functions	0x483c6c	map_save_as_
Functions	0x483c98	map_save_in_game_
Functions	0x483e28	map_setup_paths_
Functions	0x483ed0	map_display_draw_
Functions	0x483ee4	map_scroll_refresh_game_
Functions	0x483f44	map_scroll_refresh_mapper_
Functions	0x483fe4	map_allocate_global_vars_
Functions	0x484038	map_free_global_vars_
Functions	0x48405c	map_load_global_vars_
Functions	0x484080	map_allocate_local_vars_
Functions	0x4840d4	map_free_local_vars_
Functions	0x4840f8	map_load_local_vars_
Functions	0x48411c	map_place_dude_and_mouse_
Functions	0x4841f0	square_init_
Functions	0x484210	square_reset_
Functions	0x48431c	square_load_
Functions	0x4843b8	map_write_MapData_
Functions	0x4844b4	map_read_MapData_
Functions	0x4845b0	defaultOutput_
Functions	0x4845c0	memoryRegisterDebug_
Functions	0x4845c8	debug_printf_0
Functions	0x484610	error_
Functions	0x48462c	defaultMalloc_
Functions	0x484634	defaultRealloc_
Functions	0x48463c	defaultFree_
Functions	0x484644	memoryRegisterAlloc_
Functions	0x48465c	get_current_memory_
Functions	0x484660	mymalloc_
Functions	0x484688	myfree_
Functions	0x4846b4	myrealloc_
Functions	0x4846d8	mycalloc_
Functions	0x484710	mystrdup_
Functions	0x484770	init_message_
Functions	0x4848f0	exit_message_
Functions	0x48494c	message_init_
Functions	0x484964	message_exit_
Functions	0x4849d4	message_save_
Functions	0x484aa4	message_load_
Functions	0x484c30	message_search_
Functions	0x484c98	message_insert_
Functions	0x484ca8	message_delete_
Functions	0x484cb8	message_make_path_
Functions	0x484d10	message_find_
Functions	0x484d68	message_add_
Functions	0x484eb0	message_remove_
Functions	0x484f60	message_parse_number_
Functions	0x484fb4	message_load_field_
Functions	0x48504c	getmsg_
Functions	0x485078	message_filter_
Functions	0x485250	defaultNameMangler_
Functions	0x485254	defaultRateCallback_
Functions	0x48525c	defaultTimeCallback_
Functions	0x485264	setShape_
Functions	0x485288	mousemgrSetNameMangler_
Functions	0x485290	mousemgrSetTimeCallback_
Functions	0x4852b8	freeCacheEntry_
Functions	0x4853d4	cacheFlush_
Functions	0x4853f8	cacheInsert_
Functions	0x48554c	cacheFind_
Functions	0x48568c	initMousemgr_
Functions	0x48569c	mousemgrClose_
Functions	0x485704	mousemgrUpdate_
Functions	0x485868	mouseSetFrame_
Functions	0x485e58	mouseSetMouseShape_
Functions	0x486010	mouseSetMousePointer_
Functions	0x4862ac	mousemgrResetMouse_
Functions	0x4864bc	mousemgrResetAll_
Functions	0x4865c4	mouseHide_
Functions	0x4865cc	mouseShow_
Functions	0x4865e0	movieSetPreDrawFunc_
Functions	0x4865e8	movieSetFailedOpenFunc_
Functions	0x4865f0	movieSetFunc_
Functions	0x4865fc	movieMalloc_
Functions	0x486614	movieFree_
Functions	0x48662c	movieRead_
Functions	0x486654	movie_MVE_ShowFrame_
Functions	0x486900	movieShowFrame_
Functions	0x486a98	movieSetFrameGrabFunc_
Functions	0x486aa0	movieSetCaptureFrameFunc_
Functions	0x486aa8	movieCopyLastFrame_
Functions	0x486b00	movieShowFrameWin_
Functions	0x486b68	movieScaleSubRect_
Functions	0x486c74	movieScaleSubRectAlpha_
Functions	0x486c80	blitAlpha_
Functions	0x486cd4	movieScaleWindow_
Functions	0x486d84	blitNormal_
Functions	0x486ddc	movieSetPalette_
Functions	0x486e08	noop_
Functions	0x486e0c	initMovie_
Functions	0x486e98	cleanupMovie_
Functions	0x48711c	movieClose_
Functions	0x487150	movieStop_
Functions	0x487164	movieSetFlags_
Functions	0x48720c	movieSetSubtitleFont_
Functions	0x487214	movieSetSubtitleColor_
Functions	0x48725c	movieSetPaletteFunc_
Functions	0x487274	movieSetCallback_
Functions	0x48727c	movieSetAlphaChannel_
Functions	0x4872e8	cleanupLast_
Functions	0x48731c	openFile_
Functions	0x487380	openSubtitle_
Functions	0x48755c	doSubtitle_
Functions	0x487710	movieStart_
Functions	0x487964	localMovieCallback_
Functions	0x48798c	movieRunToEnd_
Functions	0x487ac8	movieRun_
Functions	0x487b1c	movieRunRect_
Functions	0x487b7c	stepMovie_
Functions	0x487bc8	movieSetSubtitleFunc_
Functions	0x487bd0	movieSetVolume_
Functions	0x487bec	movieUpdate_
Functions	0x487c88	moviePlaying_
Functions	0x487c90	movieEnableSound_
Functions	0x487cc0	moviefx_init_
Functions	0x487cf4	moviefx_reset_
Functions	0x487d30	moviefx_exit_
Functions	0x487d7c	moviefx_start_
Functions	0x4880f0	moviefx_stop_
Functions	0x488144	moviefx_callback_func_
Functions	0x4882ac	moviefx_palette_func_
Functions	0x4882fc	moviefx_add_
Functions	0x488310	moviefx_remove_all_
Functions	0x488340	nevs_alloc_
Functions	0x488394	nevs_free_
Functions	0x4883ac	nevs_close_
Functions	0x4883d4	nevs_removeprogramreferences_
Functions	0x488418	nevs_initonce_
Functions	0x48846c	nevs_find_
Functions	0x4884c8	nevs_addevent_
Functions	0x488528	nevs_addCevent_
Functions	0x48859c	nevs_clearevent_
Functions	0x4885d8	nevs_signal_with_args_
Functions	0x48862c	nevs_signal_
Functions	0x4886ac	nevs_update_
Functions	0x488780	obj_init_
Functions	0x488a00	obj_reset_
Functions	0x488a30	obj_exit_
Functions	0x488af4	obj_read_obj_
Functions	0x488ce4	obj_load_
Functions	0x488cf8	obj_load_func_
Functions	0x48909c	obj_fix_combat_cid_for_dude_
Functions	0x48911c	object_fix_weapon_ammo_
Functions	0x489200	obj_write_obj_
Functions	0x48935c	obj_save_
Functions	0x489550	obj_render_pre_roof_
Functions	0x4897ec	obj_render_post_roof_
Functions	0x489868	obj_draw_
Functions	0x489a84	obj_new_
Functions	0x489c9c	obj_pid_new_
Functions	0x489ccc	obj_copy_
Functions	0x489ec4	obj_connect_
Functions	0x489f34	obj_disconnect_
Functions	0x489ff8	obj_offset_
Functions	0x48a324	obj_move_
Functions	0x48a568	obj_move_to_tile_
Functions	0x48a9a0	obj_reset_roof_
Functions	0x48aa3c	obj_change_fid_
Functions	0x48aa84	obj_set_frame_
Functions	0x48aaf0	obj_inc_frame_
Functions	0x48ab60	obj_dec_frame_
Functions	0x48abd4	obj_set_rotation_
Functions	0x48ac20	obj_inc_rotation_
Functions	0x48ac38	obj_dec_rotation_
Functions	0x48ac54	obj_rebuild_all_light_
Functions	0x48ac90	obj_set_light_
Functions	0x48ad04	obj_get_visible_light_
Functions	0x48ad48	obj_turn_on_light_
Functions	0x48ad9c	obj_turn_off_light_
Functions	0x48adf0	obj_turn_on_
Functions	0x48ae68	obj_turn_off_
Functions	0x48aee4	obj_turn_on_outline_
Functions	0x48af00	obj_turn_off_outline_
Functions	0x48af24	obj_set_highlight_
Functions	0x48af2c	obj_toggle_flat_
Functions	0x48b040	obj_toggle_translucence_
Functions	0x48b0fc	obj_erase_object_
Functions	0x48b1b0	obj_inven_free_
Functions	0x48b24c	obj_action_can_use_
Functions	0x48b278	obj_action_can_talk_to_
Functions	0x48b2a8	obj_portal_is_walk_thru_
Functions	0x48b2e8	objFindObjPtrFromID_
Functions	0x48b304	obj_top_environment_
Functions	0x48b318	obj_remove_all_
Functions	0x48b3a8	obj_find_first_
Functions	0x48b41c	obj_find_next_
Functions	0x48b48c	obj_find_first_at_
Functions	0x48b510	obj_find_next_at_
Functions	0x48b5a8	obj_find_first_at_tile_
Functions	0x48b608	obj_find_next_at_tile_
Functions	0x48b66c	obj_bound_
Functions	0x48b7f8	obj_occupied_
Functions	0x48b848	obj_blocking_at_
Functions	0x48b930	obj_shoot_blocking_at_
Functions	0x48ba20	obj_ai_blocking_at_
Functions	0x48bb44	obj_scroll_blocking_at_
Functions	0x48bb88	obj_sight_blocking_at_
Functions	0x48bbd4	obj_dist_
Functions	0x48bc08	obj_dist_with_tile_
Functions	0x48bc38	obj_create_list_
Functions	0x48bdcc	obj_delete_list_
Functions	0x48bdd8	translucent_trans_buf_to_buf_
Functions	0x48be68	checker_trans_buf_to_buf_
Functions	0x48befc	dark_trans_buf_to_buf_
Functions	0x48bf88	dark_translucent_trans_buf_to_buf_
Functions	0x48c03c	intensity_mask_buf_to_buf_
Functions	0x48c148	obj_outline_all_items_on_
Functions	0x48c1e4	obj_outline_all_items_off_
Functions	0x48c294	obj_outline_all_items_toggle_
Functions	0x48c2b4	obj_outline_object_
Functions	0x48c2f0	obj_remove_outline_
Functions	0x48c314	obj_remove_all_outlines_
Functions	0x48c340	obj_intersects_with_
Functions	0x48c5c4	obj_create_intersect_list_
Functions	0x48c74c	obj_delete_intersect_list_
Functions	0x48c76c	obj_set_seen_
Functions	0x48c788	obj_clear_seen_
Functions	0x48c7a0	obj_process_seen_
Functions	0x48c8e4	object_name_
Functions	0x48c914	object_description_
Functions	0x48c938	obj_preload_art_cache_
Functions	0x48cb6c	obj_object_table_init_
Functions	0x48cb88	obj_offset_table_init_
Functions	0x48cda0	obj_offset_table_exit_
Functions	0x48ce10	obj_order_table_init_
Functions	0x48cf20	obj_order_comp_func_even_
Functions	0x48cf38	obj_order_comp_func_odd_
Functions	0x48cf50	obj_order_table_exit_
Functions	0x48cf8c	obj_render_table_init_
Functions	0x48d000	obj_render_table_exit_
Functions	0x48d020	obj_light_table_init_
Functions	0x48d1e4	obj_blend_table_init_
Functions	0x48d2e8	obj_blend_table_exit_
Functions	0x48d324	obj_misc_table_init_
Functions	0x48d348	obj_save_obj_
Functions	0x48d414	obj_load_obj_
Functions	0x48d59c	obj_save_dude_
Functions	0x48d600	obj_load_dude_
Functions	0x48d778	obj_create_object_
Functions	0x48d7f8	obj_destroy_object_
Functions	0x48d818	obj_create_object_node_
Functions	0x48d84c	obj_destroy_object_node_
Functions	0x48d86c	obj_node_ptr_
Functions	0x48d8e8	obj_insert_
Functions	0x48da58	obj_remove_
Functions	0x48db28	obj_connect_to_tile_
Functions	0x48dc28	obj_adjust_light_
Functions	0x48eabc	obj_render_outline_
Functions	0x48f1b0	obj_render_object_
Functions	0x48fa14	obj_fix_violence_settings_
Functions	0x48fb08	obj_preload_sort_
Functions	0x48fbd0	_row1Ytab
Functions	0x48fbda	_row2Ytab
Functions	0x48fbe6	_row3Ytab
Functions	0x48fbf6	_bglbx
Functions	0x48fbfe	_bglby
Functions	0x48fc06	_smlbx
Functions	0x48fc48	do_options_
Functions	0x48fc50	do_optionsFunc_
Functions	0x48fe14	OptnStart_
Functions	0x490244	OptnEnd_
Functions	0x4902b0	PauseWindow_
Functions	0x490748	ShadeScreen_
Functions	0x490798	do_prefscreen_
Functions	0x4908a0	PrefStart_
Functions	0x490e8c	DoThing_
Functions	0x491a68	UpdateThing_
Functions	0x492870	PrefEnd_
Functions	0x4928b8	init_options_menu_
Functions	0x4928e4	IncGamma_
Functions	0x4929c8	DecGamma_
Functions	0x492aa8	SetSystemPrefs_
Functions	0x492cb0	SavePrefs_
Functions	0x492f60	SetDefaults_
Functions	0x493054	SaveSettings_
Functions	0x493128	RestoreSettings_
Functions	0x4931f8	JustUpdate_
Functions	0x493224	save_options_
Functions	0x49340c	load_options_
Functions	0x493a00	palette_init_
Functions	0x493ad0	palette_reset_
Functions	0x493ad4	palette_fade_to_
Functions	0x493b48	palette_set_to_
Functions	0x493b78	palette_set_entries_
Functions	0x493bc0	partyMember_init_
Functions	0x4940e4	partyMember_reset_
Functions	0x494134	partyMember_exit_
Functions	0x4941f0	partyMemberGetAIOptions_
Functions	0x49425c	partyMemberAISlotInit_
Functions	0x494340	partyMemberSlotInit_
Functions	0x494378	partyMemberAdd_
Functions	0x4944dc	partyMemberRemove_
Functions	0x49460c	partyMemberPrepSave_
Functions	0x49466c	partyMemberUnPrepSave_
Functions	0x4946cc	partyMemberSave_
Functions	0x494790	partyMemberFindID_
Functions	0x4947ac	partyMemberPrepLoad_
Functions	0x49480c	partyMemberPrepLoadInstance_
Functions	0x4949c4	partyMemberRecoverLoad_
Functions	0x494a88	partyMemberRecoverLoadInstance_
Functions	0x494bbc	partyMemberLoad_
Functions	0x494d7c	partyMemberClear_
Functions	0x494dd0	partyMemberSyncPosition_
Functions	0x494eb8	partyMemberRestingHeal_
Functions	0x494f24	partyMemberFindObjFromPid_
Functions	0x494f64	isPotentialPartyMember_
Functions	0x494fc4	isPartyMember_
Functions	0x495010	getPartyMemberCount_
Functions	0x495070	partyMemberNewObjID_
Functions	0x4950f4	partyMemberNewObjIDRecurseFind_
Functions	0x495140	partyMemberPrepItemSaveAll_
Functions	0x495198	partyMemberPrepItemSave_
Functions	0x495204	partyMemberItemSaveAll_
Functions	0x495234	partyMemberItemSave_
Functions	0x495388	partyMemberItemRecover_
Functions	0x495490	partyMemberItemRecoverAll_
Functions	0x4954c4	partyMemberClearItemList_
Functions	0x495520	partyMemberSkill_
Functions	0x495560	partyMemberWithHighestSkill_
Functions	0x4955c8	partyMemberHighestSkillLevel_
Functions	0x495620	partyFixMultipleMembers_
Functions	0x495870	partyMemberSaveProtos_
Functions	0x4958b0	partyMemberHasAIDisposition_
Functions	0x495920	partyMemberHasAIBurstValue_
Functions	0x495980	partyMemberHasAIRunAwayValue_
Functions	0x4959e0	partyMemberHasAIWeaponPrefValue_
Functions	0x495a40	partyMemberHasAIDistancePrefValue_
Functions	0x495aa0	partyMemberHasAIAttackWhoValue_
Functions	0x495b00	partyMemberHasAIChemUseValue_
Functions	0x495b60	partyMemberIncLevels_
Functions	0x495ea8	partyMemberCopyLevelInfo_
Functions	0x495ff0	partyMemberGetCurLevel_
Functions	0x496058	partyMemberNeedsHealing_
Functions	0x4960dc	partyMemberMaxHealingNeeded_
Functions	0x496164	partyClearDrugEffects_
Functions	0x49618c	partyClearDrugsOnMember_
Functions	0x4961b0	getWord_
Functions	0x4961d4	readPcxHeader_
Functions	0x49636c	pcxDecodeScanline_
Functions	0x49641c	readPcxVgaPalette_
Functions	0x496494	loadPCX_
Functions	0x4965a0	perk_init_
Functions	0x4966b0	perk_reset_
Functions	0x4966b8	perk_exit_
Functions	0x4966e4	perk_load_
Functions	0x496738	perk_save_
Functions	0x49678c	perkGetLevelData_
Functions	0x49680c	perk_can_add_
Functions	0x496a0c	perk_defaults_
Functions	0x496a5c	perk_add_
Functions	0x496a9c	perk_add_force_
Functions	0x496afc	perk_sub_
Functions	0x496b44	perk_make_list_
Functions	0x496b78	perk_level_
Functions	0x496b90	perk_name_
Functions	0x496bb4	perk_description_
Functions	0x496bd8	perk_skilldex_fid_
Functions	0x496bfc	perk_add_effect_
Functions	0x496ce0	perk_remove_effect_
Functions	0x496dd0	perk_adjust_skill_
Functions	0x496dea	Science_and_Repair
Functions	0x496e06	First_aid
Functions	0x496e3b	Doctor
Functions	0x496e85	Sneak
Functions	0x496ead	Lockpick_and_Steal_and_Traps
Functions	0x496f08	Speech
Functions	0x496f34	Barter
Functions	0x496f66	Gambling
Functions	0x496f82	Outdoorsman
Functions	0x496fc0	_pip_rect
Functions	0x496fd0	_pipgrphs
Functions	0x497004	pipboy_
Functions	0x497228	StartPipboy_
Functions	0x497828	EndPipboy_
Functions	0x497918	pip_init_
Functions	0x49791c	pip_num_
Functions	0x4979b4	pip_date_
Functions	0x497a40	pip_print_
Functions	0x497b64	pip_back_
Functions	0x497bd4	save_pipboy_
Functions	0x497bd8	PipStatus_
Functions	0x498734	ListStatLines_
Functions	0x4988a0	ShowHoloDisk_
Functions	0x498c40	ListHoloDiskTitles_
Functions	0x498d34	qscmp_
Functions	0x498d40	PipAutomaps_
Functions	0x498f30	PrintAMelevList_
Functions	0x499150	PrintAMList_
Functions	0x49932c	PipArchives_
Functions	0x4993dc	ListArchive_
Functions	0x499518	PipAlarm_
Functions	0x4996b4	DrawAlarmText_
Functions	0x4997b8	DrawAlrmHitPnts_
Functions	0x499870	NewFuncDsply_
Functions	0x4998c0	AddHotLines_
Functions	0x4999c0	NixHotLines_
Functions	0x499a24	TimedRest_
Functions	0x499fcc	Check4Health_
Functions	0x49a008	AddHealth_
Functions	0x49a03c	ClacTime_
Functions	0x49a0c8	ScreenSaver_
Functions	0x49a5d4	quest_init_
Functions	0x49a7e4	quest_exit_
Functions	0x49a818	quest_qsort_compare_
Functions	0x49a824	holodisks_init_
Functions	0x49a968	holodisks_exit_
Functions	0x49a9a0	obj_sid_
Functions	0x49a9b4	obj_new_sid_
Functions	0x49aac0	obj_new_sid_inst_
Functions	0x49ab7c	obj_powered_item_charges_
Functions	0x49abc8	obj_use_powered_item_charges_
Functions	0x49ac3c	obj_look_at_
Functions	0x49ac4c	obj_look_at_func_
Functions	0x49ad78	obj_examine_
Functions	0x49ad88	obj_examine_func_
Functions	0x49b650	obj_pickup_
Functions	0x49b73c	obj_remove_from_inven_
Functions	0x49b8b0	obj_drop_
Functions	0x49b9a0	obj_destroy_
Functions	0x49b9f0	obj_use_book_
Functions	0x49bba8	obj_use_flare_
Functions	0x49bc60	obj_use_radio_
Functions	0x49bcb4	obj_use_explosive_
Functions	0x49bde8	obj_use_power_on_car_
Functions	0x49be88	obj_use_misc_item_
Functions	0x49bf38	protinst_use_item_
Functions	0x49bfe8	protinstTestDroppedExplosive_
Functions	0x49c124	obj_use_item_
Functions	0x49c240	protinst_default_use_item_
Functions	0x49c3cc	protinst_use_item_on_
Functions	0x49c5fc	obj_use_item_on_
Functions	0x49c6ac	rebuild_all_light_
Functions	0x49c6bc	check_scenery_ap_cost_
Functions	0x49c740	obj_use_
Functions	0x49c900	obj_use_ladder_top_
Functions	0x49c9a4	obj_use_ladder_bottom_
Functions	0x49ca48	obj_use_stairs_
Functions	0x49caec	obj_use_elevator_
Functions	0x49caf4	set_door_state_open_
Functions	0x49cb04	set_door_state_closed_
Functions	0x49cb14	check_door_state_
Functions	0x49ccb8	obj_use_door_
Functions	0x49ce7c	obj_use_container_
Functions	0x49d078	obj_use_skill_on_
Functions	0x49d140	obj_is_a_portal_
Functions	0x49d178	obj_is_lockable_
Functions	0x49d1c8	obj_is_locked_
Functions	0x49d20c	obj_lock_
Functions	0x49d250	obj_unlock_
Functions	0x49d294	obj_is_openable_
Functions	0x49d2e4	obj_is_open_
Functions	0x49d2f4	obj_toggle_open_
Functions	0x49d3d8	obj_open_
Functions	0x49d3f4	obj_close_
Functions	0x49d410	obj_lock_is_jammed_
Functions	0x49d448	obj_jam_lock_
Functions	0x49d480	obj_unjam_lock_
Functions	0x49d4b8	obj_unjam_all_locks_
Functions	0x49d4d4	obj_attempt_placement_
Functions	0x49d628	objPMAttemptPlacement_
Functions	0x49d6d8	proto_inst_add_to_inven_
Functions	0x49d758	proto_choose_pid_inven_fid_
Functions	0x49d77c	proto_choose_multi_pids_update_
Functions	0x49d9b0	proto_choose_multi_pids_func_
Functions	0x49dd5c	proto_choose_multi_pids_
Functions	0x49dd68	proto_choose_pid_
Functions	0x49e070	proto_edit_mod_pid_
Functions	0x49e270	proto_make_path_
Functions	0x49e2f8	proto_list_new_
Functions	0x49e4d4	proto_find_str_
Functions	0x49e758	proto_list_str_
Functions	0x49e984	proto_size_
Functions	0x49e99c	proto_action_can_use_
Functions	0x49e9dc	proto_action_can_use_on_
Functions	0x49ea1c	proto_action_can_look_at_
Functions	0x49ea24	proto_action_can_talk_to_
Functions	0x49ea5c	proto_action_can_pickup_
Functions	0x49eaa4	proto_get_msg_info_
Functions	0x49eafc	proto_name_
Functions	0x49eb1c	proto_description_
Functions	0x49eb2c	proto_item_init_
Functions	0x49ebfc	proto_item_subdata_init_
Functions	0x49edb4	proto_critter_init_
Functions	0x49eea4	clear_pupdate_data_
Functions	0x49eeb8	proto_read_CombatData_
Functions	0x49ef40	proto_write_CombatData_
Functions	0x49f004	proto_read_protoUpdateData_
Functions	0x49f350	proto_read_bonusDB_
Functions	0x49f398	proto_write_bonusDB_
Functions	0x49f428	proto_write_protoUpdateData_
Functions	0x49f73c	proto_update_gen_
Functions	0x49f799	Update_Item
Functions	0x49f7b0	Update_Container
Functions	0x49f7c1	Update_Weapon
Functions	0x49f7dd	Update_Misc_Item
Functions	0x49f7f0	Update_Portal
Functions	0x49f803	Update_Scenery
Functions	0x49f81a	Update_Stairs
Functions	0x49f823	Update_Ammo
Functions	0x49f836	Update_Elevator
Functions	0x49f852	Update_Ladder
Functions	0x49f865	Update_Misc
Functions	0x49f894	No_Update
Functions	0x49f8a0	proto_update_init_
Functions	0x49f984	proto_dude_update_gender_
Functions	0x49fa64	proto_dude_init_
Functions	0x49fbbc	proto_scenery_init_
Functions	0x49fc74	proto_scenery_subdata_init_
Functions	0x49fcfc	proto_wall_init_
Functions	0x49fd84	proto_tile_init_
Functions	0x49fdfc	proto_misc_init_
Functions	0x49fe74	proto_copy_proto_
Functions	0x49fedc	proto_is_subtype_
Functions	0x49ffd8	proto_data_member_
Functions	0x4a0390	proto_init_
Functions	0x4a0814	proto_reset_
Functions	0x4a0898	proto_exit_
Functions	0x4a08e0	proto_header_load_
Functions	0x4a0aec	proto_read_item_data_
Functions	0x4a0b06	Read_item_armor
Functions	0x4a0b83	Read_item_container
Functions	0x4a0baf	Read_item_drug
Functions	0x4a0c9a	Read_item_weapon
Functions	0x4a0de8	Read_item_ammo
Functions	0x4a0e5c	Read_item_key
Functions	0x4a0e70	Read_item_misc_item
Functions	0x4a0ed0	proto_read_scenery_data_
Functions	0x4a0ee4	Read_scenery_portal
Functions	0x4a0f0c	Read_scenery_stairs
Functions	0x4a0f30	Read_scenery_elevator
Functions	0x4a0f54	Read_scenery_ladderBottom
Functions	0x4a0f64	Read_scenery_ladderTop
Functions	0x4a0f74	Read_scenery_genericScenery
Functions	0x4a0fa0	proto_read_protoSubNode_
Functions	0x4a0ff8	Read_ObjType_Item
Functions	0x4a10fb	Read_ObjType_Critter
Functions	0x4a11a6	Read_ObjType_Scenery
Functions	0x4a1256	Read_ObjType_Wall
Functions	0x4a12cd	Read_ObjType_Tile
Functions	0x4a1326	Read_ObjType_Misc
Functions	0x4a1390	proto_write_item_data_
Functions	0x4a16e4	proto_write_scenery_data_
Functions	0x4a17b4	proto_write_protoSubNode_
Functions	0x4a1b30	proto_save_pid_
Functions	0x4a1c3c	proto_load_pid_
Functions	0x4a1d98	proto_find_free_subnode_
Functions	0x4a1e90	proto_new_
Functions	0x4a1f1c	proto_flush_
Functions	0x4a2040	proto_remove_some_list_
Functions	0x4a2094	proto_remove_list_
Functions	0x4a20f4	proto_remove_all_
Functions	0x4a2108	proto_ptr_
Functions	0x4a21dc	proto_new_id_
Functions	0x4a21f8	proto_undo_new_id_
Functions	0x4a2214	proto_max_id_
Functions	0x4a2220	proto_find_art_match_
Functions	0x4a22c0	ResetPlayer_
Functions	0x4a2320	queue_init_
Functions	0x4a2330	queue_reset_
Functions	0x4a2338	queue_load_
Functions	0x4a24e0	queue_save_
Functions	0x4a258c	queue_add_
Functions	0x4a25f4	queue_remove_
Functions	0x4a264c	queue_remove_this_
Functions	0x4a26a8	queue_find_
Functions	0x4a26d0	queue_process_
Functions	0x4a2748	queue_clear_
Functions	0x4a2790	queue_clear_type_
Functions	0x4a2808	queue_next_time_
Functions	0x4a281c	queue_destroy_
Functions	0x4a2828	queue_explode_
Functions	0x4a2830	queue_explode_exit_
Functions	0x4a2834	queue_do_explosion_
Functions	0x4a28e4	queue_premature_
Functions	0x4a2920	queue_leaving_map_
Functions	0x4a294c	queue_is_empty_
Functions	0x4a295c	queue_find_first_
Functions	0x4a2994	queue_find_next_
Functions	0x4a29d0	reaction_set_
Functions	0x4a29e4	level_to_reaction_
Functions	0x4a29e8	reaction_to_level_
Functions	0x4a29f0	reaction_influence_
Functions	0x4a2a2c	reaction_to_level_internal_
Functions	0x4a2b28	reaction_get_
Functions	0x4a2b50	regionSetBound_
Functions	0x4a2c14	pointInRegion_
Functions	0x4a2d78	allocateRegion_
Functions	0x4a2e68	regionAddPoint_
Functions	0x4a2f0c	regionDelete_
Functions	0x4a2f54	regionAddName_
Functions	0x4a2f80	regionGetName_
Functions	0x4a2f98	regionGetUserData_
Functions	0x4a2fb4	regionSetUserData_
Functions	0x4a2fd0	regionSetFlag_
Functions	0x4a2fd4	regionGetFlag_
Functions	0x4a2fe0	roll_init_
Functions	0x4a2ffc	roll_reset_
Functions	0x4a3000	roll_check_
Functions	0x4a3030	roll_check_critical_
Functions	0x4a30c0	roll_random_
Functions	0x4a30fc	ran1_
Functions	0x4a3174	init_random_
Functions	0x4a31a0	roll_set_seed_
Functions	0x4a31c4	random_seed_
Functions	0x4a31e0	seed_generator_
Functions	0x4a3258	timer_read_
Functions	0x4a3264	check_chi_squared_
Functions	0x4a3330	game_time_
Functions	0x4a3338	game_time_date_
Functions	0x4a33c8	game_time_hour_
Functions	0x4a3420	game_time_hour_str_
Functions	0x4a347c	set_game_time_
Functions	0x4a349c	set_game_time_in_seconds_
Functions	0x4a34cc	inc_game_time_
Functions	0x4a3518	inc_game_time_in_seconds_
Functions	0x4a3570	gtime_q_add_
Functions	0x4a3620	gtime_q_process_
Functions	0x4a3690	scriptsCheckGameEvents_
Functions	0x4a382c	scr_map_q_process_
Functions	0x4a386c	new_obj_id_
Functions	0x4a38c0	scr_find_obj_
Functions	0x4a390c	scr_find_sid_from_program_
Functions	0x4a39ac	scr_find_obj_from_program_
Functions	0x4a3aac	script_name_
Functions	0x4a3b0c	scr_set_objs_
Functions	0x4a3b34	scr_set_ext_param_
Functions	0x4a3b54	scr_set_action_num_
Functions	0x4a3b74	loadProgram_
Functions	0x4a3c2c	doBkProcesses_
Functions	0x4a3ca0	script_chk_critters_
Functions	0x4a3d84	script_chk_timed_events_
Functions	0x4a3e30	scrSetQueueTestVals_
Functions	0x4a3e3c	scrQueueRemoveFixed_
Functions	0x4a3e60	script_q_add_
Functions	0x4a3edc	script_q_save_
Functions	0x4a3f04	script_q_load_
Functions	0x4a3f4c	script_q_process_
Functions	0x4a3f80	scripts_clear_state_
Functions	0x4a3f90	scripts_clear_combat_requests_
Functions	0x4a3fb4	scripts_check_state_
Functions	0x4a43a0	scripts_check_state_in_combat_
Functions	0x4a457c	scripts_request_combat_
Functions	0x4a45d4	scripts_request_combat_locked_
Functions	0x4a461c	scripts_request_townmap_
Functions	0x4a4644	scripts_request_worldmap_
Functions	0x4a466c	scripts_request_elevator_
Functions	0x4a4730	scripts_request_explosion_
Functions	0x4a4754	scripts_request_dialog_
Functions	0x4a4770	scripts_request_endgame_slideshow_
Functions	0x4a477c	scripts_request_loot_container_
Functions	0x4a479c	scripts_request_steal_container_
Functions	0x4a47bc	script_make_path_
Functions	0x4a4810	exec_script_proc_
Functions	0x4a49d0	scr_build_lookup_table_
Functions	0x4a4a08	scriptHasProc_
Functions	0x4a4a3c	scr_list_new_
Functions	0x4a4b38	scr_find_str_
Functions	0x4a4b44	scr_find_str_index_
Functions	0x4a4d50	scrInitListInfo_
Functions	0x4a4efc	scrExitListInfo_
Functions	0x4a4f28	scr_find_str_run_info_
Functions	0x4a4f60	scr_index_to_name_
Functions	0x4a4f68	scr_list_str_
Functions	0x4a4f90	scr_set_dude_script_
Functions	0x4a5044	scr_clear_dude_script_
Functions	0x4a50a8	scr_init_
Functions	0x4a5120	scr_reset_
Functions	0x4a5138	scr_game_init_
Functions	0x4a5240	scr_game_reset_
Functions	0x4a5274	scr_exit_
Functions	0x4a52f4	scr_message_free_
Functions	0x4a535c	scr_game_exit_
Functions	0x4a53a8	scr_enable_
Functions	0x4a53d0	scr_disable_
Functions	0x4a53e0	scr_enable_critters_
Functions	0x4a53f0	scr_disable_critters_
Functions	0x4a5400	scr_game_save_
Functions	0x4a5424	scr_game_load_
Functions	0x4a5448	scr_game_load2_
Functions	0x4a5490	scr_header_load_
Functions	0x4a5590	scr_write_ScriptSubNode_
Functions	0x4a5704	scr_write_ScriptNode_
Functions	0x4a5768	scr_save_
Functions	0x4a5a1c	scr_read_ScriptSubNode_
Functions	0x4a5be8	scr_read_ScriptNode_
Functions	0x4a5c50	scr_load_
Functions	0x4a5e34	scr_ptr_
Functions	0x4a5ed8	scr_new_id_
Functions	0x4a5f1c	scr_max_id_
Functions	0x4a5f28	scr_new_
Functions	0x4a6088	scr_add_spatial_
Functions	0x4a60d4	scr_remove_local_vars_
Functions	0x4a61d4	scr_remove_
Functions	0x4a63d8	scr_remove_spatial_
Functions	0x4a63e0	scr_remove_all_
Functions	0x4a64a8	scr_remove_all_force_
Functions	0x4a6524	scr_find_first_at_
Functions	0x4a6564	scr_find_next_at_
Functions	0x4a65e8	scr_spatials_enabled_
Functions	0x4a65f0	scr_spatials_enable_
Functions	0x4a6600	scr_spatials_disable_
Functions	0x4a6610	scr_chk_spatials_in_
Functions	0x4a6714	tile_in_tile_bound_
Functions	0x4a672c	scr_num_active_scripts_
Functions	0x4a6754	scr_num_nodes_
Functions	0x4a677c	scr_load_all_scripts_
Functions	0x4a67dc	scr_exec_map_enter_scripts_
Functions	0x4a67e4	scr_exec_map_update_scripts_
Functions	0x4a67ec	scrExecMapProcScripts_
Functions	0x4a69a0	scr_exec_map_exit_scripts_
Functions	0x4a69ac	scr_print_script_usage_
Functions	0x4a6b64	scr_get_dialog_msg_file_
Functions	0x4a6c50	scr_get_msg_str_
Functions	0x4a6c5c	scr_get_msg_str_speech_
Functions	0x4a6d64	scr_get_local_var_
Functions	0x4a6e58	scr_set_local_var_
Functions	0x4a6efc	scr_end_combat_
Functions	0x4a6f70	scr_explode_scenery_
Functions	0x4a71d0	select_character_
Functions	0x4a7468	select_init_
Functions	0x4a7ad4	select_exit_
Functions	0x4a7d58	select_update_display_
Functions	0x4a7e08	select_display_portrait_
Functions	0x4a7ea8	select_display_stats_
Functions	0x4a8ae4	select_display_bio_
Functions	0x4a8bd0	select_fatal_error_
Functions	0x4a8be0	selfrun_get_list_
Functions	0x4a8c10	selfrun_free_list_
Functions	0x4a8c28	selfrun_prep_playback_
Functions	0x4a8c88	selfrun_playback_loop_
Functions	0x4a8d28	selfrun_prep_recording_
Functions	0x4a8ddc	selfrun_recording_loop_
Functions	0x4a8e74	selfrun_playback_callback_
Functions	0x4a8e8c	selfrun_load_data_
Functions	0x4a8ef4	selfrun_save_data_
Functions	0x4a8fc0	sfxc_init_
Functions	0x4a90fc	sfxc_exit_
Functions	0x4a9140	sfxc_is_initialized_
Functions	0x4a9148	sfxc_flush_
Functions	0x4a915c	sfxc_cached_open_
Functions	0x4a9220	sfxc_cached_close_
Functions	0x4a9274	sfxc_cached_read_
Functions	0x4a9350	sfxc_cached_write_
Functions	0x4a9358	sfxc_cached_seek_
Functions	0x4a93f4	sfxc_cached_tell_
Functions	0x4a9418	sfxc_cached_file_size_
Functions	0x4a9434	sfxc_effect_size_
Functions	0x4a945c	sfxc_effect_load_
Functions	0x4a94cc	sfxc_effect_free_
Functions	0x4a94d4	sfxc_handle_list_create_
Functions	0x4a9518	sfxc_handle_list_destroy_
Functions	0x4a9550	sfxc_handle_create_
Functions	0x4a9604	sfxc_handle_destroy_
Functions	0x4a961c	sfxc_handle_is_legal_
Functions	0x4a9660	sfxc_mode_is_legal_
Functions	0x4a967c	sfxc_decode_
Functions	0x4a9774	sfxc_ad_reader_
Functions	0x4a98e0	sfxl_tag_is_legal_
Functions	0x4a98f4	sfxl_init_
Functions	0x4a9c04	sfxl_exit_
Functions	0x4a9c28	sfxl_name_to_tag_
Functions	0x4a9cd8	sfxl_name_
Functions	0x4a9d90	sfxl_size_full_
Functions	0x4a9dbc	sfxl_size_cached_
Functions	0x4a9de8	sfxl_index_
Functions	0x4a9e20	sfxl_index_to_tag_
Functions	0x4a9e44	sfxl_destroy_
Functions	0x4a9ea0	sfxl_get_names_
Functions	0x4aa000	sfxl_copy_names_
Functions	0x4aa050	sfxl_get_sizes_
Functions	0x4aa200	sfxl_sort_by_name_
Functions	0x4aa228	sfxl_compare_by_name_
Functions	0x4aa234	sfxl_ad_reader_
Functions	0x4aa250	compare_
Functions	0x4aa25c	getDirList_
Functions	0x4aa290	freeDirList_
Functions	0x4aa2a4	getFileList_
Functions	0x4aa2dc	freeFileList_
Functions	0x4aa318	skill_init_
Functions	0x4aa448	skill_reset_
Functions	0x4aa478	skill_exit_
Functions	0x4aa488	skill_load_
Functions	0x4aa4a8	skill_save_
Functions	0x4aa4c8	skill_set_defaults_
Functions	0x4aa4e4	skill_set_tags_
Functions	0x4aa508	skill_get_tags_
Functions	0x4aa52c	skill_is_tagged_
Functions	0x4aa558	skill_level_
Functions	0x4aa654	skill_base_
Functions	0x4aa680	skill_points_
Functions	0x4aa6bc	skill_inc_point_
Functions	0x4aa7f8	skill_inc_point_force_
Functions	0x4aa87c	skillLevelCost_
Functions	0x4aa8c4	skill_dec_point_
Functions	0x4aaa34	skill_dec_point_force_
Functions	0x4aaaa4	skill_result_
Functions	0x4aab34	skill_contest_
Functions	0x4aab9c	skill_name_
Functions	0x4aabc0	skill_description_
Functions	0x4aabe4	skill_attribute_
Functions	0x4aac08	skill_pic_
Functions	0x4aac2c	show_skill_use_messages_
Functions	0x4aad08	skill_use_
Functions	0x4aae1f	skill_use_first_aid
Functions	0x4ab103	skill_use_sneak_lockpick
Functions	0x4ab153	skill_use_repair
Functions	0x4ab629	skill_use_doctor
Functions	0x4abb2c	skill_use_steal
Functions	0x4abb3f	skill_use_traps
Functions	0x4abb6e	skill_use_science
Functions	0x4abbe4	skill_check_stealing_
Functions	0x4abdec	skill_game_difficulty_
Functions	0x4abe44	skill_use_slot_available_
Functions	0x4abeb8	skill_use_slot_add_
Functions	0x4abf24	skill_use_slot_clear_
Functions	0x4abf3c	skill_use_slot_save_
Functions	0x4abf5c	skill_use_slot_load_
Functions	0x4abf7c	skillGetPartyMemberString_
Functions	0x4abfd0	skilldex_select_
Functions	0x4ac054	skilldex_start_
Functions	0x4ac67c	skilldex_end_
Functions	0x4ac6f0	defaultMalloc_2_
Functions	0x4ac6f8	defaultRealloc_2_
Functions	0x4ac700	defaultFree_2_
Functions	0x4ac708	soundRegisterAlloc_
Functions	0x4ac71c	soundFileSize_
Functions	0x4ac750	soundTellData_
Functions	0x4ac758	soundWriteData_
Functions	0x4ac760	soundReadData_
Functions	0x4ac768	soundOpenData_
Functions	0x4ac774	soundSeekData_
Functions	0x4ac77c	soundCloseData_
Functions	0x4ac784	soundGetDefaultFileIO_
Functions	0x4ac78c	defaultMangler_
Functions	0x4ac790	soundError_
Functions	0x4ac7b0	refreshSoundBuffers_
Functions	0x4acc58	soundInit_
Functions	0x4ad04c	soundClose_
Functions	0x4ad0fc	soundAllocate_
Functions	0x4ad2bc	soundSetBuffers_
Functions	0x4ad308	preloadBuffers_
Functions	0x4ad498	soundLoad_
Functions	0x4ad504	soundRewind_
Functions	0x4ad5c8	addSoundData_
Functions	0x4ad6c0	soundSetData_
Functions	0x4ad73c	soundPlay_
Functions	0x4ad828	soundStop_
Functions	0x4ad8dc	soundDelete_
Functions	0x4ad940	numSoundsPlaying_
Functions	0x4ad948	soundContinue_
Functions	0x4ada84	soundPlaying_
Functions	0x4adac4	soundDone_
Functions	0x4adb04	soundFading_
Functions	0x4adb44	soundPaused_
Functions	0x4adb84	soundFlags_
Functions	0x4adbc4	soundType_
Functions	0x4adc04	soundLength_
Functions	0x4adc6c	soundSetUserData_
Functions	0x4adcac	soundUserData_
Functions	0x4adcec	soundSetNameMangler_
Functions	0x4add00	soundLoop_
Functions	0x4add68	soundVolumeHMItoDirectSound_
Functions	0x4ade0c	soundVolume_
Functions	0x4ade80	soundGetVolume_
Functions	0x4adf68	soundPanLocation_
Functions	0x4adfe0	soundPitch_
Functions	0x4adff0	soundSetCallback_
Functions	0x4ae02c	soundSetChannel_
Functions	0x4ae09c	soundSetDefaultChannel_
Functions	0x4ae0b0	soundSetReadLimit_
Functions	0x4ae0e4	soundPause_
Functions	0x4ae1f0	soundUnpause_
Functions	0x4ae2fc	soundSetFileIO_
Functions	0x4ae378	soundMgrDelete_
Functions	0x4ae49c	soundSetHardwareSettings_
Functions	0x4ae4ac	soundSetLibPath_
Functions	0x4ae4bc	detectSoundDevice_
Functions	0x4ae4cc	soundTimerInit_
Functions	0x4ae4dc	soundGetDriver_
Functions	0x4ae4e0	setSoundDevice_
Functions	0x4ae4f0	soundStageLoop_
Functions	0x4ae578	soundSetMasterVolume_
Functions	0x4ae5c8	doTimerEvent@20_
Functions	0x4ae5e0	registerTimedEvent_
Functions	0x4ae614	removeTimedEvent_
Functions	0x4ae634	soundGetPosition_
Functions	0x4ae6cc	soundSetPosition_
Functions	0x4ae7e0	soundSetMinReadBuffer_
Functions	0x4ae830	removeFadeSound_
Functions	0x4ae888	soundRemoveFadingSound_
Functions	0x4ae8b0	fadeSounds_
Functions	0x4ae988	internalSoundFade_
Functions	0x4aeb0c	soundFade_
Functions	0x4aeb18	soundFadePause_
Functions	0x4aeb28	soundMgrInsert_
Functions	0x4aeb54	soundFlushAllSounds_
Functions	0x4aeb74	soundMgrClose_
Functions	0x4aebc0	soundUpdate_1
Functions	0x4aebe0	soundUpdate_
Functions	0x4aec00	soundSetDefaultFileIO_
Functions	0x4aec60	soundPauseAll_
Functions	0x4aecac	soundPauseFadeAll_
Functions	0x4aed0c	soundUnpauseAll_
Functions	0x4aed2c	soundSetDeleteCallback_
Functions	0x4aed70	stat_init_
Functions	0x4aeec0	stat_reset_
Functions	0x4aeee4	stat_exit_
Functions	0x4aeef4	stat_load_
Functions	0x4aef20	stat_save_
Functions	0x4aef48	stat_level_
Functions	0x4af3e0	stat_get_base_
Functions	0x4af408	stat_get_base_direct_
Functions	0x4af474	stat_get_bonus_
Functions	0x4af4bc	stat_set_base_
Functions	0x4af5d4	inc_stat_
Functions	0x4af608	dec_stat_
Functions	0x4af63c	stat_set_bonus_
Functions	0x4af6cc	stat_set_defaults_
Functions	0x4af6fc	stat_recalc_derived_
Functions	0x4af854	stat_name_
Functions	0x4af898	stat_description_
Functions	0x4af8dc	stat_level_description_
Functions	0x4af8fc	stat_pc_get_
Functions	0x4af910	stat_pc_set_
Functions	0x4af980	stat_pc_set_defaults_
Functions	0x4af9a0	stat_pc_min_exp_
Functions	0x4af9a8	statPcMinExpForLevel_
Functions	0x4af9f4	stat_pc_name_
Functions	0x4afa14	stat_pc_description_
Functions	0x4afa34	stat_picture_
Functions	0x4afa78	stat_result_
Functions	0x4afaa8	stat_pc_add_experience_
Functions	0x4afab8	statPCAddExperienceCheckPMs_
Functions	0x4afc38	statPcResetExperience_
Functions	0x4afd10	strParseValue_
Functions	0x4afd88	strParseStringN_
Functions	0x4afe08	strParseStrFromList_
Functions	0x4afedc	strParseStrFromFunc_
Functions	0x4aff7c	strParseStrSepVal_
Functions	0x4b005c	strParseStrAndSepVal_
Functions	0x4b0130	text_object_init_
Functions	0x4b021c	text_object_reset_
Functions	0x4b0280	text_object_exit_
Functions	0x4b02a4	text_object_disable_
Functions	0x4b02b0	text_object_enable_
Functions	0x4b02bc	text_object_is_enabled_
Functions	0x4b02c4	text_object_set_base_delay_
Functions	0x4b0308	text_object_get_base_delay_
Functions	0x4b031c	text_object_set_line_delay_
Functions	0x4b0358	text_object_get_line_delay_
Functions	0x4b036c	text_object_create_
Functions	0x4b06e8	text_object_render_
Functions	0x4b07f0	text_object_count_
Functions	0x4b07f8	text_object_bk_
Functions	0x4b0954	text_object_get_offset_
Functions	0x4b0c00	text_object_remove_
Functions	0x4b0c40	tile_init_
Functions	0x4b11e4	tile_set_border_
Functions	0x4b129c	tile_reset_
Functions	0x4b12a0	tile_refresh_enabled_
Functions	0x4b12a8	tile_disable_refresh_
Functions	0x4b12b4	tile_enable_refresh_
Functions	0x4b12c0	tile_refresh_rect_
Functions	0x4b12d8	tile_refresh_display_
Functions	0x4b12f8	tile_set_center_
Functions	0x4b1554	refresh_mapper_
Functions	0x4b15e8	refresh_game_
Functions	0x4b1634	tile_toggle_roof_
Functions	0x4b166c	tile_roof_visible_
Functions	0x4b1674	tile_coord_
Functions	0x4b1754	tile_num_
Functions	0x4b185c	tile_dist_
Functions	0x4b1994	tile_in_front_of_
Functions	0x4b1a00	tile_to_right_of_
Functions	0x4b1a6c	tile_num_in_direction_
Functions	0x4b1abc	tile_dir_
Functions	0x4b1b84	tile_num_beyond_
Functions	0x4b1d20	tile_on_edge_
Functions	0x4b1d80	tile_enable_scroll_blocking_
Functions	0x4b1d8c	tile_disable_scroll_blocking_
Functions	0x4b1d98	tile_get_scroll_blocking_
Functions	0x4b1da0	tile_enable_scroll_limiting_
Functions	0x4b1dac	tile_disable_scroll_limiting_
Functions	0x4b1db8	tile_get_scroll_limiting_
Functions	0x4b1dc0	square_coord_
Functions	0x4b1e60	square_coord_roof_
Functions	0x4b1f04	square_num_
Functions	0x4b1f4c	square_num_roof_
Functions	0x4b1f94	square_xy_
Functions	0x4b203c	square_xy_roof_
Functions	0x4b20e8	square_render_roof_
Functions	0x4b22d0	roof_fill_on_
Functions	0x4b23d4	tile_fill_roof_
Functions	0x4b24e0	roof_draw_
Functions	0x4b2944	square_render_floor_
Functions	0x4b2b10	square_roof_intersect_
Functions	0x4b2c78	squares_in_rect_
Functions	0x4b2e60	grid_toggle_
Functions	0x4b2e78	grid_on_
Functions	0x4b2e84	grid_off_
Functions	0x4b2e90	get_grid_flag_
Functions	0x4b2e98	grid_render_
Functions	0x4b2ef0	grid_draw_
Functions	0x4b2f4c	draw_grid_
Functions	0x4b30c4	floor_draw_
Functions	0x4b372c	tile_make_line_
Functions	0x4b3924	tile_scroll_to_
Functions	0x4b39f0	trait_init_
Functions	0x4b3adc	trait_reset_
Functions	0x4b3af8	trait_exit_
Functions	0x4b3b08	trait_load_
Functions	0x4b3b28	trait_save_
Functions	0x4b3b48	trait_set_
Functions	0x4b3b54	trait_get_
Functions	0x4b3b68	trait_name_
Functions	0x4b3b88	trait_description_
Functions	0x4b3ba8	trait_pic_
Functions	0x4b3bc8	trait_level_
Functions	0x4b3bf8	TAS
Functions	0x4b3c7c	trait_adjust_stat_
Functions	0x4b3c97	Strength
Functions	0x4b3d02	Perception
Functions	0x4b3d3d	Endurance
Functions	0x4b3d78	Charisma
Functions	0x4b3db3	Intelligence
Functions	0x4b3dee	Agility
Functions	0x4b3e57	Luck
Functions	0x4b3e92	Maximum_Action_Points
Functions	0x4b3ecf	Armor_Class
Functions	0x4b3f0a	Melee_Damage
Functions	0x4b3f47	Carry_Weight
Functions	0x4b3f98	Sequence
Functions	0x4b3fd5	Healing_Rate
Functions	0x4b4011	Critical_Chance
Functions	0x4b404e	Better_Criticals
Functions	0x4b408b	Radiation_Resistance
Functions	0x4b40b9	Poison_Resistance
Functions	0x4b40f1	NoAdjustStat
Functions	0x4b40fc	trait_adjust_skill_
Functions	0x4b4190	trap_init_
Functions	0x4b4194	trap_data_fill_
Functions	0x4b41d8	trap_check_individual_
Functions	0x4b4244	trap_check_heap_
Functions	0x4b42ac	trap_check_duplicate_
Functions	0x4b43a4	trap_report_
Functions	0x4b4430	duplicate_report_
Functions	0x4b44f0	heap_report_
Functions	0x4b4568	trap_check_bk_
Functions	0x4b4580	getverstr_
Functions	0x4b45a0	deleteChar_
Functions	0x4b45c8	insertChar_
Functions	0x4b45f8	doCursor_
Functions	0x4b4788	textInputRegionDispatch_
Functions	0x4b4c24	winUpdateBackgroundTextInputRegion_
Functions	0x4b4d54	winSetupBackgroundTextInputRegion_
Functions	0x4b4e90	winDoBackgroundTextInputRegion_
Functions	0x4b5154	winDeleteBackgroundTextInputRegion_
Functions	0x4b51d4	win_add_text_input_region_
Functions	0x4b53a8	windowSelectTextInputRegion_
Functions	0x4b53d0	win_delete_all_text_input_regions_
Functions	0x4b541c	win_delete_text_input_region_
Functions	0x4b54c8	win_set_text_input_delete_func_
Functions	0x4b5508	win_add_text_region_
Functions	0x4b5634	win_print_text_region_
Functions	0x4b5714	win_print_substr_region_
Functions	0x4b57e4	win_update_text_region_
Functions	0x4b5864	win_delete_text_region_
Functions	0x4b58a0	win_delete_all_update_regions_
Functions	0x4b58e8	win_text_region_style_
Functions	0x4b5998	win_delete_widgets_
Functions	0x4b5a04	widgetDoInput_
Functions	0x4b5a2c	win_center_str_
Functions	0x4b5a64	showRegion_
Functions	0x4b5be8	draw_widgets_
Functions	0x4b5c24	update_widgets_
Functions	0x4b5c4c	win_register_update_
Functions	0x4b5d0c	win_delete_update_region_
Functions	0x4b5d54	win_do_updateregions_
Functions	0x4b5d78	freeStatusBar_
Functions	0x4b5de4	initWidgets_
Functions	0x4b5e1c	widgetsClose_
Functions	0x4b5e7c	drawStatusBar_
Functions	0x4b5f5c	real_win_set_status_bar_
Functions	0x4b5f80	real_win_update_status_bar_
Functions	0x4b5fd4	real_win_increment_status_bar_
Functions	0x4b6020	real_win_add_status_bar_
Functions	0x4b60cc	real_win_get_status_info_
Functions	0x4b6100	real_win_modify_status_info_
Functions	0x4b6120	windowGetFont_
Functions	0x4b6128	windowSetFont_
Functions	0x4b6138	windowResetTextAttributes_
Functions	0x4b6160	windowGetTextFlags_
Functions	0x4b6168	windowSetTextFlags_
Functions	0x4b6174	windowGetTextColor_
Functions	0x4b6198	windowGetHighlightColor_
Functions	0x4b61bc	windowSetTextColor_
Functions	0x4b6208	windowSetHighlightColor_
Functions	0x4b6254	windowNumLines_
Functions	0x4b62e4	checkRegion_
Functions	0x4b6858	windowCheckRegion_
Functions	0x4b69bc	windowRefreshRegions_
Functions	0x4b6a54	checkAllRegions_
Functions	0x4b6c48	windowAddInputFunc_
Functions	0x4b6ce8	doRegionRightFunc_
Functions	0x4b6d68	doRegionFunc_
Functions	0x4b6de8	windowActivateRegion_
Functions	0x4b6ed0	getInput_
Functions	0x4b6f60	doButtonOn_
Functions	0x4b6f68	doButtonProc_
Functions	0x4b7028	doButtonOff_
Functions	0x4b7034	doButtonPress_
Functions	0x4b703c	doButtonRelease_
Functions	0x4b7048	doRightButtonPress_
Functions	0x4b704c	doRightButtonProc_
Functions	0x4b710c	doRightButtonRelease_
Functions	0x4b7118	setButtonGFX_
Functions	0x4b75f4	redrawButton_
Functions	0x4b7610	windowHide_
Functions	0x4b7648	windowShow_
Functions	0x4b7680	windowDraw_
Functions	0x4b76b8	windowDrawRect_
Functions	0x4b76f8	windowDrawRectID_
Functions	0x4b7734	windowWidth_
Functions	0x4b7754	windowHeight_
Functions	0x4b7774	windowSX_
Functions	0x4b77a4	windowSY_
Functions	0x4b77d4	pointInWindow_
Functions	0x4b7828	windowGetRect_
Functions	0x4b7854	windowGetID_
Functions	0x4b785c	windowGetGNWID_
Functions	0x4b787c	windowGetSpecificGNWID_
Functions	0x4b78a4	deleteWindow_
Functions	0x4b7ac4	resizeWindow_
Functions	0x4b7e7c	scaleWindow_
Functions	0x4b7f3c	createWindow_
Functions	0x4b80a4	windowOutput_
Functions	0x4b814c	windowGotoXY_
Functions	0x4b81c4	selectWindowID_
Functions	0x4b821c	selectWindow_
Functions	0x4b82a0	windowGetDefined_
Functions	0x4b82dc	windowGetBuffer_
Functions	0x4b8308	windowGetName_
Functions	0x4b8330	pushWindow_
Functions	0x4b83d4	popWindow_
Functions	0x4b8414	windowPrintBuf_
Functions	0x4b8638	windowWordWrap_
Functions	0x4b880c	windowFreeWordList_
Functions	0x4b8854	windowWrapLineWithSpacing_
Functions	0x4b88fc	windowWrapLine_
Functions	0x4b8920	windowPrintRect_
Functions	0x4b89b0	windowFormatMessage_
Functions	0x4b8a14	windowFormatMessageColor_
Functions	0x4b8a60	windowPrint_
Functions	0x4b8adc	windowPrintFont_
Functions	0x4b8b10	displayInWindow_
Functions	0x4b8c68	displayFile_
Functions	0x4b8ca8	displayFileRaw_
Functions	0x4b8ce8	windowDisplayWithPalette_
Functions	0x4b8e0c	windowDisplayRaw_
Functions	0x4b8e50	windowDisplay_
Functions	0x4b8ea0	windowDisplayScaled_
Functions	0x4b8ef0	windowDisplayBuf_
Functions	0x4b8f64	windowDisplayTransBuf_
Functions	0x4b8fd8	windowDisplayBufScaled_
Functions	0x4b9048	windowGetXres_
Functions	0x4b9050	windowGetYres_
Functions	0x4b9058	removeProgramReferences_3_
Functions	0x4b9190	initWindow_
Functions	0x4b9454	windowSetWindowFuncs_
Functions	0x4b947c	windowClose_
Functions	0x4b9548	windowDeleteButton_
Functions	0x4b97f8	windowEnableButton_
Functions	0x4b98c4	windowGetButtonID_
Functions	0x4b9928	windowSetButtonFlag_
Functions	0x4b99b4	windowRegisterButtonSoundFunc_
Functions	0x4b99c8	windowAddButton_
Functions	0x4b9dd0	windowAddButtonGfx_
Functions	0x4b9f40	windowAddButtonMask_
Functions	0x4b9fc8	windowAddButtonBuf_
Functions	0x4ba11c	windowAddButtonProc_
Functions	0x4ba1b4	windowAddButtonRightProc_
Functions	0x4ba238	windowAddButtonCfunc_
Functions	0x4ba2b4	windowAddButtonRightCfunc_
Functions	0x4ba34c	windowAddButtonText_
Functions	0x4ba364	windowAddButtonTextWithOffsets_
Functions	0x4ba694	windowFill_
Functions	0x4ba738	windowFillRect_
Functions	0x4ba844	windowEndRegion_
Functions	0x4ba8a4	windowRegionGetUserData_
Functions	0x4ba914	windowRegionSetUserData_
Functions	0x4ba988	windowCheckRegionExists_
Functions	0x4ba9fc	windowStartRegion_
Functions	0x4bab68	windowAddRegionPoint_
Functions	0x4bac58	windowAddRegionRect_
Functions	0x4baca0	windowAddRegionCfunc_
Functions	0x4bad30	windowAddRegionRightCfunc_
Functions	0x4badc0	windowAddRegionProc_
Functions	0x4bae8c	windowAddRegionRightProc_
Functions	0x4baf2c	windowSetRegionFlag_
Functions	0x4bafa8	windowAddRegionName_
Functions	0x4bb0a8	windowDeleteRegion_
Functions	0x4bb220	updateWindows_
Functions	0x4bb234	windowMoviePlaying_
Functions	0x4bb23c	windowSetMovieFlags_
Functions	0x4bb241	sisinit_
Functions	0x4bb24c	windowPlayMovie_
Functions	0x4bb280	windowPlayMovieRect_
Functions	0x4bb2c4	windowStopMovie_
Functions	0x4bb2cc	copyRect_
Functions	0x4bb3a8	drawScaled_
Functions	0x4bb5d0	drawScaledBuf_
Functions	0x4bb7d8	alphaBltBuf_
Functions	0x4bb9e4	alphaBltBufRect_
Functions	0x4bbfc4	fillBuf3x3_
Functions	0x4bc5e0	windowEnableCheckRegion_
Functions	0x4bc5f0	windowDisableCheckRegion_
Functions	0x4bc600	windowSetHoldTime_
Functions	0x4bc60c	windowAddTextRegion_
Functions	0x4bc668	windowPrintTextRegion_
Functions	0x4bc670	windowUpdateTextRegion_
Functions	0x4bc678	windowDeleteTextRegion_
Functions	0x4bc680	windowTextRegionStyle_
Functions	0x4bc698	windowAddTextInputRegion_
Functions	0x4bc6a0	windowDeleteTextInputRegion_
Functions	0x4bc6e4	windowSetTextInputDeleteFunc_
Functions	0x4bc6f0	_word_wrap_
Functions	0x4bc860	can_rest_here
Functions	0x4bc890	wmSetFlags_
Functions	0x4bc89c	wmWorldMap_init_
Functions	0x4bc984	wmGenDataInit_
Functions	0x4bcbfc	wmGenDataReset_
Functions	0x4bce00	wmWorldMap_exit_
Functions	0x4bcef8	wmWorldMap_reset_
Functions	0x4bcf28	wmWorldMap_save_
Functions	0x4bd28c	wmWorldMap_load_
Functions	0x4bd678	wmWorldMapSaveTempData_
Functions	0x4bd6b4	wmWorldMapLoadTempData_
Functions	0x4bd6f0	wmConfigInit_
Functions	0x4bd9f0	wmReadEncounterType_
Functions	0x4bdb64	wmParseEncounterTableIndex_
Functions	0x4bdca8	wmParseEncounterSubEncStr_
Functions	0x4bde94	wmParseFindSubEncTypeMatch_
Functions	0x4bded8	wmFindEncBaseTypeMatch_
Functions	0x4bdf34	wmReadEncBaseType_
Functions	0x4be140	wmParseEncBaseSubTypeStr_
Functions	0x4be2a0	wmEncBaseTypeSlotInit_
Functions	0x4be2c4	wmEncBaseSubTypeSlotInit_
Functions	0x4be32c	wmEncounterSubEncSlotInit_
Functions	0x4be34c	wmEncounterTypeSlotInit_
Functions	0x4be378	wmConditionalDataInit_
Functions	0x4be3b8	wmEncounterTableSlotInit_
Functions	0x4be3d4	wmTileSlotInit_
Functions	0x4be400	wmTerrainTypeSlotInit_
Functions	0x4be414	wmParseTerrainTypes_
Functions	0x4be598	wmParseTerrainRndMaps_
Functions	0x4be61c	wmParseSubTileInfo_
Functions	0x4be6d4	wmParseFindEncounterTypeMatch_
Functions	0x4be73c	wmParseFindTerrainTypeMatch_
Functions	0x4be7a4	wmParseEncounterItemType_
Functions	0x4be888	wmParseItemType_
Functions	0x4be988	wmParseConditional_
Functions	0x4bea24	wmParseSubConditional_
Functions	0x4beebc	wmParseConditionalEval_
Functions	0x4bef1c	wmAreaSlotInit_
Functions	0x4bef68	wmAreaInit_
Functions	0x4bf3e0	wmParseFindMapIdxMatch_
Functions	0x4bf448	wmEntranceSlotInit_
Functions	0x4bf47c	wmMapSlotInit_
Functions	0x4bf4bc	wmMapInit_
Functions	0x4bf954	wmRStartSlotInit_
Functions	0x4bf96c	wmMapMaxCount_
Functions	0x4bf974	wmMapIdxToName_
Functions	0x4bf9bc	wmMapMatchNameToIdx_
Functions	0x4bfa44	wmMapIdxIsSaveable_
Functions	0x4bfa64	wmMapIsSaveable_
Functions	0x4bfa90	wmMapDeadBodiesAge_
Functions	0x4bfabc	wmMapCanRestHere_
Functions	0x4bfafc	wmMapPipboyActive_
Functions	0x4bfb08	wmMapMarkVisited_
Functions	0x4bfb64	wmMatchEntranceFromMap_
Functions	0x4bfbe8	wmMatchEntranceElevFromMap_
Functions	0x4bfc7c	wmMatchAreaFromMap_
Functions	0x4bfd50	wmMapMarkMapEntranceState_
Functions	0x4bfe0c	wmWorldMap_
Functions	0x4bfe10	wmWorldMapFunc_
Functions	0x4c056c	wmCheckGameAreaEvents_
Functions	0x4c05c4	wmInterfaceCenterOnParty_
Functions	0x4c0624	wmCheckGameEvents_
Functions	0x4c0634	wmRndEncounterOccurred_
Functions	0x4c0be4	wmPartyFindCurSubTile_
Functions	0x4c0c00	wmFindCurSubTileFromPos_
Functions	0x4c0ca8	wmFindCurTileFromPos_
Functions	0x4c0cf4	wmRndEncounterPick_
Functions	0x4c0fa4	wmSetupRandomEncounter_
Functions	0x4c11fc	wmSetupCritterObjs_
Functions	0x4c155c	wmSetupRndNextTileNumInit_
Functions	0x4c16f0	wmSetupRndNextTileNum_
Functions	0x4c1a64	wmEvalTileNumForPlacement_
Functions	0x4c1ac8	wmEvalConditional_
Functions	0x4c1c0c	wmEvalSubConditional_
Functions	0x4c1c50	wmGameTimeIncrement_
Functions	0x4c1ce8	wmGrabTileWalkMask_
Functions	0x4c1d9c	wmWorldPosInvalid_
Functions	0x4c1e54	wmPartyInitWalking_
Functions	0x4c1f90	wmPartyWalkingStep_
Functions	0x4c219c	wmInterfaceScrollTabsStart_
Functions	0x4c2270	wmInterfaceScrollTabsStop_
Functions	0x4c2290	wmInterfaceScrollTabsUpdate_
Functions	0x4c2324	wmInterfaceInit_
Functions	0x4c2e44	wmInterfaceExit_
Functions	0x4c31e8	wmInterfaceScroll_
Functions	0x4c3200	wmInterfaceScrollPixel_
Functions	0x4c32ec	wmMouseBkProc_
Functions	0x4c340c	wmMarkSubTileOffsetVisited_
Functions	0x4c3420	wmMarkSubTileOffsetKnown_
Functions	0x4c3434	wmMarkSubTileOffsetVisitedFunc_
Functions	0x4c3550	wmMarkSubTileRadiusVisited_
Functions	0x4c35a8	wmSubTileMarkRadiusVisited_
Functions	0x4c3740	wmSubTileGetVisitedState_
Functions	0x4c37ec	wmTileGrabArt_
Functions	0x4c3830	wmInterfaceRefresh_
Functions	0x4c3c9c	wmInterfaceRefreshDate_
Functions	0x4c3f00	wmMatchWorldPosToArea_
Functions	0x4c3fa8	wmInterfaceDrawCircleOverlay_
Functions	0x4c40a8	wmInterfaceDrawSubTileRectFogged_
Functions	0x4c40e4	wmInterfaceDrawSubTileList_
Functions	0x4c41ec	wmDrawCursorStopped_
Functions	0x4c4490	wmCursorIsVisible_
Functions	0x4c44d8	wmGetAreaName_
Functions	0x4c450c	wmGetAreaIdxName_
Functions	0x4c453c	wmAreaIsKnown_
Functions	0x4c457c	wmAreaVisitedState_
Functions	0x4c45bc	wmMapIsKnown_
Functions	0x4c4624	wmAreaMarkVisited_
Functions	0x4c4634	wmAreaMarkVisitedState_
Functions	0x4c46cc	wmAreaSetVisibleState_
Functions	0x4c4710	wmAreaSetWorldPos_
Functions	0x4c47a4	wmGetPartyWorldPos_
Functions	0x4c47c0	wmGetPartyCurArea_
Functions	0x4c47d8	wmMarkAllSubTiles_
Functions	0x4c4850	wmTownMap_
Functions	0x4c485c	wmTownMapFunc_
Functions	0x4c4a6c	wmTownMapInit_
Functions	0x4c4bd0	wmTownMapRefresh_
Functions	0x4c4d00	wmTownMapExit_
Functions	0x4c4da4	wmCarUseGas_
Functions	0x4c4e34	wmCarFillGas_
Functions	0x4c4e74	wmCarGasAmount_
Functions	0x4c4e7c	wmCarIsOutOfGas_
Functions	0x4c4e8c	wmCarCurrentArea_
Functions	0x4c4e94	wmCarGiveToParty_
Functions	0x4c4f28	wmSfxMaxCount_
Functions	0x4c4f5c	wmSfxRollNextIdx_
Functions	0x4c5004	wmSfxIdxName_
Functions	0x4c50f4	wmRefreshInterfaceOverlay_
Functions	0x4c5244	wmInterfaceRefreshCarFuel_
Functions	0x4c52b0	wmRefreshTabs_
Functions	0x4c55d4	wmMakeTabsLabelList_
Functions	0x4c56c8	wmTabsCompareNames_
Functions	0x4c5710	wmFreeTabsLabelList_
Functions	0x4c5734	wmRefreshInterfaceDial_
Functions	0x4c57bc	wmInterfaceDialSyncTime_
Functions	0x4c5804	wmAreaFindFirstValidMap_
Functions	0x4c58c0	wmMapMusicStart_
Functions	0x4c5928	wmSetMapMusic_
Functions	0x4c59a4	wmMatchAreaContainingMapIdx_
Functions	0x4c5a1c	wmTeleportToArea_
Functions	0x4c5a80	mem_strdup_
Functions	0x4c5ad0	mem_malloc_
Functions	0x4c5ad8	my_malloc_
Functions	0x4c5b50	mem_realloc_
Functions	0x4c5b58	my_realloc_
Functions	0x4c5c24	mem_free_
Functions	0x4c5c2c	my_free_
Functions	0x4c5c5c	mem_check_
Functions	0x4c5ca8	mem_register_func_
Functions	0x4c5cc4	mem_prep_block_
Functions	0x4c5ce4	mem_check_block_
Functions	0x4c5d30	db_init_
Functions	0x4c5d40	db_get_dir_list
Functions	0x4c5d54	db_current_
Functions	0x4c5d58	db_total_
Functions	0x4c5d60	db_exit_
Functions	0x4c5d68	db_dir_entry_
Functions	0x4c5dd4	db_read_to_buf_
Functions	0x4c5eb4	db_fclose_
Functions	0x4c5ec8	db_fopen_
Functions	0x4c5ed0	db_fprintf_
Functions	0x4c5f18	db_vfprintf_
Functions	0x4c5f24	db_fgetc_
Functions	0x4c5f70	db_fgets_
Functions	0x4c5fe4	db_fputc_
Functions	0x4c5fec	db_fputs_
Functions	0x4c5ff4	db_ungetc_
Functions	0x4c5ffc	db_fread_
Functions	0x4c60b8	db_fwrite_
Functions	0x4c60c0	db_fseek_
Functions	0x4c60c8	db_ftell_
Functions	0x4c60d0	db_rewind_
Functions	0x4c60d8	db_feof_
Functions	0x4c60e0	db_freadByte_
Functions	0x4c60f4	db_freadShort_
Functions	0x4c614c	db_freadInt_
Functions	0x4c61ac	db_fwriteByte_
Functions	0x4c61c8	db_fwriteShort_
Functions	0x4c6214	db_fwriteInt_
Functions	0x4c6244	db_fwriteLong_
Functions	0x4c62c4	db_fwriteFloat_
Functions	0x4c62fc	db_freadByteCount_
Functions	0x4c6330	db_freadShortCount_
Functions	0x4c63bc	db_freadIntCount_
Functions	0x4c6438	db_freadLongCount_
Functions	0x4c6464	db_fwriteByteCount_
Functions	0x4c6490	db_fwriteShortCount_
Functions	0x4c64f8	db_fwriteIntCount_
Functions	0x4c6550	db_fwriteLongCount_
Functions	0x4c65f0	db_fwriteFloatCount_
Functions	0x4c6628	db_get_file_list_
Functions	0x4c6868	db_free_file_list_
Functions	0x4c68b8	db_register_mem
Functions	0x4c68bc	db_filelength_
Functions	0x4c68c4	db_register_callback_
Functions	0x4c68e4	db_enable_hash_table_
Functions	0x4c68e8	db_list_compare_
Functions	0x4c6900	GNW_rect_exit_
Functions	0x4c6924	rect_clip_list_
Functions	0x4c6aac	rect_clip_
Functions	0x4c6bb8	rect_malloc_
Functions	0x4c6c04	rect_free_
Functions	0x4c6c18	rect_min_bound_
Functions	0x4c6c68	rect_inside_bound_
Functions	0x4c6cd0	GNW_debug_init_
Functions	0x4c6cdc	debug_register_mono_
Functions	0x4c6d18	debug_register_log_
Functions	0x4c6d5c	debug_register_screen_
Functions	0x4c6d90	debug_register_env_
Functions	0x4c6f18	debug_register_func_
Functions	0x4c6f48	debug_printf_
Functions	0x4c6f94	debug_puts_
Functions	0x4c6fac	debug_clear_
Functions	0x4c7004	debug_mono_
Functions	0x4c7028	debug_log_
Functions	0x4c7068	debug_screen_
Functions	0x4c709c	debug_putc_
Functions	0x4c71ac	debug_scroll_
Functions	0x4c71e8	debug_exit_
Functions	0x4c7200	colorOpen_
Functions	0x4c7218	colorRead_
Functions	0x4c7230	colorClose_
Functions	0x4c7248	colorInitIO_
Functions	0x4c725c	defaultMalloc__
Functions	0x4c7264	defaultRealloc__
Functions	0x4c726c	defaultFree__
Functions	0x4c7274	colorSetNameMangler_
Functions	0x4c727c	colorMixAdd_
Functions	0x4c7298	colorMixMul_
Functions	0x4c72b4	calculateColor_
Functions	0x4c72cc	RGB2Color_
Functions	0x4c72d5	Index2RGB_
Functions	0x4c72e0	Color2RGB_
Functions	0x4c7320	fadeSystemPalette_
Functions	0x4c73d4	colorSetFadeBkFunc_
Functions	0x4c73dc	setBlackSystemPalette_
Functions	0x4c73e4	setSystemPalette_
Functions	0x4c7420	getSystemPalette_
Functions	0x4c7428	setSystemPaletteEntries_
Functions	0x4c74d0	setSystemPaletteEntry_
Functions	0x4c752c	getSystemPaletteEntry_
Functions	0x4c7550	setIntensityTableColor_
Functions	0x4c7658	setIntensityTables_
Functions	0x4c769c	setMixTableColor_
Functions	0x4c78cc	setMixTable_
Functions	0x4c78e4	loadColorTable_
Functions	0x4c7ab4	colorError_
Functions	0x4c7abc	setColorPalette_
Functions	0x4c7af8	setColorPaletteEntry_
Functions	0x4c7b20	getColorPaletteEntry_
Functions	0x4c7b44	buildBlendTable_
Functions	0x4c7d90	rebuildColorBlendTables_
Functions	0x4c7dc0	getColorBlendTable_
Functions	0x4c7e20	freeColorBlendTable_
Functions	0x4c7e58	colorRegisterAlloc_
Functions	0x4c7e6c	colorGamma_
Functions	0x4c7f0c	colorGetGamma_
Functions	0x4c7f14	colorMappedColor_
Functions	0x4c7f28	colorBuildColorTable_
Functions	0x4c824c	colorSetColorTable_
Functions	0x4c8268	redloop_
Functions	0x4c83ec	greenloop_
Functions	0x4c8690	blueloop_
Functions	0x4c8804	maxfill_
Functions	0x4c8828	colorPushColorPalette_
Functions	0x4c88e0	colorPopColorPalette_
Functions	0x4c89cc	initColors_
Functions	0x4c8a18	colorsClose_
Functions	0x4c8a64	getColorPalette_
Functions	0x4c8a70	GNW_input_init_
Functions	0x4c8b40	GNW_input_exit_
Functions	0x4c8b78	get_input_
Functions	0x4c8bc8	get_input_position_
Functions	0x4c8bd9	nullsub_27
Functions	0x4c8bdc	process_bk_
Functions	0x4c8c04	GNW_add_input_buffer_
Functions	0x4c8c9c	get_input_buffer_
Functions	0x4c8d04	flush_input_buffer_
Functions	0x4c8d1c	GNW_do_bk_process_
Functions	0x4c8d74	add_bk_process_
Functions	0x4c8dc4	remove_bk_process_
Functions	0x4c8de4	enable_bk_
Functions	0x4c8df0	disable_bk_
Functions	0x4c8dfc	pause_game_
Functions	0x4c8e38	default_pause_window_
Functions	0x4c8f34	register_pause_
Functions	0x4c8f4c	dump_screen_
Functions	0x4c8ff0	buf_blit_
Functions	0x4c9048	default_screendump_
Functions	0x4c9358	register_screendump_
Functions	0x4c9370	get_time_
Functions	0x4c937c	pause_for_tocks_
Functions	0x4c93b8	block_for_tocks_
Functions	0x4c93e0	elapsed_time_
Functions	0x4c9400	elapsed_tocks_
Functions	0x4c9410	get_bk_time_
Functions	0x4c9418	set_repeat_rate_
Functions	0x4c9420	get_repeat_rate_
Functions	0x4c9428	set_repeat_delay_
Functions	0x4c9430	get_repeat_delay_
Functions	0x4c9438	set_focus_func_
Functions	0x4c9440	get_focus_func_
Functions	0x4c9448	set_idle_func_
Functions	0x4c9450	get_idle_func_
Functions	0x4c9490	GNW95_build_key_map_
Functions	0x4c9bb4	GNW95_hook_input_
Functions	0x4c9c20	GNW95_input_init_
Functions	0x4c9c28	GNW95_hook_keyboard_
Functions	0x4c9c4c	GNW95_keyboard_hook_
Functions	0x4c9cf0	GNW95_process_message_
Functions	0x4c9df0	GNW95_clear_time_stamps_
Functions	0x4c9e14	GNW95_process_key_
Functions	0x4c9eec	GNW95_lost_focus_
Functions	0x4c9f40	GNW_mouse_init_
Functions	0x4c9fd8	GNW_mouse_exit_
Functions	0x4ca01c	mouse_colorize_
Functions	0x4ca064	mouse_get_shape_
Functions	0x4ca0ac	mouse_set_shape_
Functions	0x4ca20c	mouse_get_anim_
Functions	0x4ca26c	mouse_set_anim_frames_
Functions	0x4ca2d0	mouse_anim_
Functions	0x4ca34c	mouse_show_
Functions	0x4ca534	mouse_hide_
Functions	0x4ca59c	mouse_info_
Functions	0x4ca698	mouse_simulate_input_
Functions	0x4ca8c8	mouse_in_
Functions	0x4ca934	mouse_click_in_
Functions	0x4ca9a0	mouse_get_rect_
Functions	0x4ca9dc	mouse_get_position_
Functions	0x4caa04	mouse_set_position_
Functions	0x4caa38	mouse_clip_
Functions	0x4caaa0	mouse_get_buttons_
Functions	0x4caaa8	mouse_hidden_
Functions	0x4caab0	mouse_get_hotspot_
Functions	0x4caac4	mouse_set_hotspot_
Functions	0x4cab54	mouse_query_exist_
Functions	0x4cab5c	mouse_get_raw_state_
Functions	0x4cac1c	mouse_disable_
Functions	0x4cac28	mouse_enable_
Functions	0x4cac34	mouse_is_disabled_
Functions	0x4cac3c	mouse_set_sensitivity_
Functions	0x4cac6c	mouse_get_sensitivity_
Functions	0x4cac74	mouse_elapsed_time_
Functions	0x4cacb4	mouse_reset_elapsed_time_
Functions	0x4cacd0	mmxEnable_
Functions	0x4cad08	init_mode_320_200_
Functions	0x4cad24	init_mode_320_240_
Functions	0x4cad40	init_mode_320_400_
Functions	0x4cad5c	init_mode_640_480_16_
Functions	0x4cad64	init_mode_640_480_
Functions	0x4cad78	init_mode_640_480_hi_
Functions	0x4cad94	init_mode_640_400_
Functions	0x4cada8	init_mode_800_600_
Functions	0x4cadbc	init_mode_1024_768_
Functions	0x4cadd0	init_mode_1280_1024_
Functions	0x4cade4	GNW95_init_mode_
Functions	0x4cadf8	get_start_mode_
Functions	0x4cadfc	zero_vid_mem_
Functions	0x4cae0c	set_update_palette_func_
Functions	0x4cae14	get_update_palette_func_
Functions	0x4cae1c	GNW95_init_mode_ex_
Functions	0x4caecc	init_vesa_mode_
Functions	0x4caedc	GNW95_init_window_
Functions	0x4caf50	ffs_
Functions	0x4caf9c	GNW95_init_DirectDraw_
Functions	0x4cb1b0	GNW95_reset_mode_
Functions	0x4cb218	GNW95_SetPaletteEntry_
Functions	0x4cb310	GNW95_SetPaletteEntries_
Functions	0x4cb450	GNW95_GetPaletteEntry_
Functions	0x4cb568	GNW95_SetPalette_
Functions	0x4cb68c	GNW95_GetPalette_
Functions	0x4cb850	GNW95_ShowRect_
Functions	0x4cb91c	palcpy_
Functions	0x4cb93c	GNW95_MouseShowRect16_
Functions	0x4cba44	GNW95_ShowRect16_
Functions	0x4cba84	trans_palcpy_
Functions	0x4cbab0	GNW95_MouseShowTransRect16_
Functions	0x4cbbc8	GNW95_zero_vid_mem_
Functions	0x4cbc90	GNW_kb_set_
Functions	0x4cbd00	GNW_kb_restore_
Functions	0x4cbd14	kb_wait_
Functions	0x4cbda8	kb_clear_
Functions	0x4cbde8	kb_getch_
Functions	0x4cbe00	kb_disable_
Functions	0x4cbe0c	kb_enable_
Functions	0x4cbe18	kb_is_disabled_
Functions	0x4cbe20	kb_disable_numpad_
Functions	0x4cbe2c	kb_enable_numpad_
Functions	0x4cbe38	kb_numpad_is_disabled_
Functions	0x4cbe40	kb_disable_numlock_
Functions	0x4cbe4c	kb_enable_numlock_
Functions	0x4cbe58	kb_numlock_is_disabled_
Functions	0x4cbe74	kb_set_layout_
Functions	0x4cbeec	kb_get_layout_
Functions	0x4cbef4	kb_ascii_to_scan_
Functions	0x4cbf50	kb_elapsed_time_
Functions	0x4cbf5c	kb_reset_elapsed_time_
Functions	0x4cbf68	kb_simulate_key_
Functions	0x4cc2f0	kb_next_ascii_English_US_
Functions	0x4cc5bc	kb_next_ascii_French_
Functions	0x4cc94c	kb_next_ascii_German_
Functions	0x4cce14	kb_next_ascii_Italian_
Functions	0x4cd0e0	kb_next_ascii_Spanish_
Functions	0x4cda4c	kb_next_ascii_
Functions	0x4cdc08	kb_map_ascii_English_US_
Functions	0x4d0400	kb_map_ascii_French_
Functions	0x4d0c54	kb_map_ascii_German_
Functions	0x4d1758	kb_map_ascii_Italian_
Functions	0x4d1e24	kb_map_ascii_Spanish_
Functions	0x4d24f8	kb_init_lock_status_
Functions	0x4d2540	kb_toggle_caps_
Functions	0x4d255c	kb_toggle_num_
Functions	0x4d2578	kb_toggle_scroll_
Functions	0x4d2594	kb_buffer_put_
Functions	0x4d25d4	kb_buffer_get_
Functions	0x4d2614	kb_buffer_peek_
Functions	0x4d2680	vcr_record_
Functions	0x4d27ec	vcr_play_
Functions	0x4d28f4	vcr_stop_
Functions	0x4d2918	vcr_status_
Functions	0x4d2930	vcr_update_
Functions	0x4d2c64	vcr_create_buffer_
Functions	0x4d2c98	vcr_destroy_buffer_
Functions	0x4d2cd0	vcr_clear_buffer_
Functions	0x4d2cf0	vcr_dump_buffer_
Functions	0x4d2d74	vcr_load_buffer_
Functions	0x4d2e00	vcr_save_record_
Functions	0x4d2ee4	vcr_load_record_
Functions	0x4d2fc0	draw_line_
Functions	0x4d31a4	draw_box_
Functions	0x4d322c	draw_shaded_box_
Functions	0x4d32b4	draw_circle_
Functions	0x4d33f0	cscale_
Functions	0x4d3560	trans_cscale_
Functions	0x4d36d4	buf_to_buf_
Functions	0x4d3704	trans_buf_to_buf_
Functions	0x4d3734	mask_buf_to_buf_
Functions	0x4d37a8	mask_trans_buf_to_buf_
Functions	0x4d3820	rev_trans_buf_to_buf_
Functions	0x4d387c	buf_fill_
Functions	0x4d38e0	buf_texture_
Functions	0x4d3a48	lighten_buf_
Functions	0x4d3a8c	swap_color_buf_
Functions	0x4d3ae0	buf_outline_
Functions	0x4d3bb0	bytes_init_
Functions	0x4d3be0	ByteReaderFill_
Functions	0x4d3c30	bits_init_
Functions	0x4d3c78	init_pack_tables_
Functions	0x4d3d9c	ReadBand_Fail_
Functions	0x4d3da0	ReadBand_Fmt0_
Functions	0x4d3dc8	ReadBand_Fmt3_16_
Functions	0x4d3e90	ReadBand_Fmt17_
Functions	0x4d3f98	ReadBand_Fmt18_
Functions	0x4d4068	ReadBand_Fmt19_
Functions	0x4d4158	ReadBand_Fmt20_
Functions	0x4d4254	ReadBand_Fmt21_
Functions	0x4d4338	ReadBand_Fmt22_
Functions	0x4d4434	ReadBand_Fmt23_
Functions	0x4d4584	ReadBand_Fmt24_
Functions	0x4d4698	ReadBand_Fmt26_
Functions	0x4d47a4	ReadBand_Fmt27_
Functions	0x4d4870	ReadBand_Fmt29_
Functions	0x4d493c	ReadBands_
Functions	0x4d4adc	untransform_subband0_
Functions	0x4d4d1c	untransform_subband_
Functions	0x4d4e80	untransform_all_
Functions	0x4d4f58	AudioDecoder_fill_
Functions	0x4d4fa0	AudioDecoder_Read_
Functions	0x4d5048	AudioDecoder_Close_
Functions	0x4d50a8	Create_AudioDecoder_
Functions	0x4d555c	GNW_text_init_
Functions	0x4d55cc	GNW_text_exit_
Functions	0x4d55fc	load_font_
Functions	0x4d5780	text_add_manager_
Functions	0x4d57f4	text_remove_manager_
Functions	0x4d58ac	GNW_text_font_
Functions	0x4d58d4	text_curr_
Functions	0x4d58dc	text_font_
Functions	0x4d595c	text_font_exists_
Functions	0x4d59b0	GNW_text_to_buf_
Functions	0x4d5b54	GNW_text_height_
Functions	0x4d5b60	GNW_text_width_
Functions	0x4d5ba4	GNW_text_char_width_
Functions	0x4d5bb8	GNW_text_mono_width_
Functions	0x4d5bd8	GNW_text_spacing_
Functions	0x4d5be4	GNW_text_size_
Functions	0x4d5bf8	GNW_text_max_
Functions	0x4d5c30	win_init_
Functions	0x4d5fb8	win_reinit_
Functions	0x4d6164	win_active_
Functions	0x4d616c	win_exit_
Functions	0x4d6238	win_add_
Functions	0x4d6468	win_delete_
Functions	0x4d650c	win_free_
Functions	0x4d6558	win_buffering_
Functions	0x4d6568	win_border_
Functions	0x4d6698	win_no_texture_
Functions	0x4d6708	win_texture_
Functions	0x4d6818	win_set_bk_color_
Functions	0x4d684c	win_print_
Functions	0x4d69dc	win_text_
Functions	0x4d6b24	win_line_
Functions	0x4d6b88	win_box_
Functions	0x4d6c18	win_shaded_box_
Functions	0x4d6cc8	win_fill_
Functions	0x4d6dac	win_show_
Functions	0x4d6e64	win_hide_
Functions	0x4d6ea0	win_move_
Functions	0x4d6f5c	win_draw_
Functions	0x4d6f80	win_draw_rect_
Functions	0x4d6fd8	GNW_win_refresh_
Functions	0x4d759c	win_refresh_all_
Functions	0x4d75b0	win_clip_
Functions	0x4d765c	win_drag_
Functions	0x4d77f8	win_get_mouse_buf_
Functions	0x4d7814	refresh_all_
Functions	0x4d7888	GNW_find_
Functions	0x4d78b0	win_get_buf_
Functions	0x4d78cc	win_get_top_win_
Functions	0x4d7918	win_width_
Functions	0x4d7934	win_height_
Functions	0x4d7950	win_get_rect_
Functions	0x4d797c	win_check_all_buttons_
Functions	0x4d79dc	GNW_find_button_
Functions	0x4d7a34	GNW_check_menu_bars_
Functions	0x4d7ac4	load_texture_
Functions	0x4d80d8	win_set_minimized_title_
Functions	0x4d814c	win_set_trans_b2b_
Functions	0x4d8174	colorOpen_2
Functions	0x4d81e0	colorClose_2
Functions	0x4d81e8	colorRead_2
Functions	0x4d8200	GNWSystemError_
Functions	0x4d8260	win_register_button_
Functions	0x4d8308	win_register_text_button_
Functions	0x4d8674	win_register_button_disable_
Functions	0x4d86a8	win_register_button_image_
Functions	0x4d8758	win_register_button_func_
Functions	0x4d8798	win_register_right_button_
Functions	0x4d87f8	win_register_button_sound_func_
Functions	0x4d8828	win_register_button_mask_
Functions	0x4d8854	button_create_
Functions	0x4d89e4	win_button_down_
Functions	0x4d8a10	GNW_check_buttons_
Functions	0x4d9214	button_under_mouse_
Functions	0x4d927c	win_button_winID_
Functions	0x4d92b4	win_last_button_winID_
Functions	0x4d92bc	win_delete_button_
Functions	0x4d9374	GNW_delete_button_
Functions	0x4d9430	win_delete_button_win_
Functions	0x4d9458	button_new_id_
Functions	0x4d9474	win_enable_button_
Functions	0x4d94d0	win_disable_button_
Functions	0x4d9554	win_set_button_rest_state_
Functions	0x4d962c	win_group_check_buttons_
Functions	0x4d96ec	win_group_radio_buttons_
Functions	0x4d9744	button_check_group_
Functions	0x4d9808	button_draw_
Functions	0x4d9a58	GNW_button_refresh_
Functions	0x4d9aa0	win_button_press_and_release_
Functions	0x4d9b64	__CHP
Functions	0x4d9b90	default_malloc_
Functions	0x4d9b98	default_realloc_
Functions	0x4d9ba0	default_free_
Functions	0x4d9ba8	assoc_init_
Functions	0x4d9c0c	assoc_resize_
Functions	0x4d9c48	assoc_free_
Functions	0x4d9cc4	assoc_find_
Functions	0x4d9d5c	assoc_search_
Functions	0x4d9d88	assoc_insert_
Functions	0x4d9ee8	assoc_delete_
Functions	0x4d9f84	assoc_copy_
Functions	0x4d9fe4	assoc_find_first_
Functions	0x4da090	assoc_read_long_
Functions	0x4da0f4	assoc_read_assoc_array_
Functions	0x4da158	assoc_load_
Functions	0x4da2ec	assoc_write_long_
Functions	0x4da360	assoc_write_assoc_array_
Functions	0x4da3a4	assoc_save_
Functions	0x4da498	assoc_register_mem_
Functions	0x4da4cd	strtod_
Functions	0x4da6c0	win_list_select_
Functions	0x4da70c	win_list_select_at_
Functions	0x4db478	win_get_str_
Functions	0x4db694	win_output_
Functions	0x4db920	win_yes_no_
Functions	0x4dba98	win_msg_
Functions	0x4dbbc4	win_pull_down_
Functions	0x4dbc34	create_pull_down_
Functions	0x4dbd04	process_pull_down_
Functions	0x4dc30c	win_debug_
Functions	0x4dc65c	win_debug_delete_
Functions	0x4dc674	win_register_menu_bar_
Functions	0x4dc768	win_register_menu_pulldown_
Functions	0x4dc8d0	win_delete_menu_bar_
Functions	0x4dc930	GNW_process_menu_
Functions	0x4dc9f0	find_first_letter_
Functions	0x4dca30	win_width_needed_
Functions	0x4dca5c	win_input_str_
Functions	0x4dcd68	win_get_num_i_
Functions	0x4dd03c	calc_max_field_chars_wcursor_
Functions	0x4dd0ac	get_num_i_
Functions	0x4dd3ec	GNW_intr_init_
Functions	0x4dd49c	win_timed_msg_defaults_
Functions	0x4dd4a4	GNW_intr_exit_
Functions	0x4dd4c8	win_timed_msg_
Functions	0x4dd66c	tm_watch_msgs_
Functions	0x4dd6c0	tm_kill_msg_
Functions	0x4dd744	tm_kill_out_of_order_
Functions	0x4dd82c	tm_click_response_
Functions	0x4dd870	tm_index_active_
Functions	0x4dd8b0	gz_open_
Functions	0x4ddb88	gzopen_
Functions	0x4ddb98	gzdopen_
Functions	0x4ddbc8	gzsetparams_
Functions	0x4ddc30	get_byte_
Functions	0x4ddcb0	check_header_
Functions	0x4dddd4	destroy_
Functions	0x4dde84	gzread_
Functions	0x4de080	gzgetc_
Functions	0x4de0a8	gzgets_
Functions	0x4de100	gzwrite_
Functions	0x4de18c	gzprintf_
Functions	0x4de1f4	gzputc_
Functions	0x4de220	gzputs_
Functions	0x4de240	do_flush_
Functions	0x4de310	gzflush_
Functions	0x4de334	gzseek_
Functions	0x4de480	gzrewind_
Functions	0x4de4e4	gztell_
Functions	0x4de4f8	gzeof_
Functions	0x4de50c	putLong_
Functions	0x4de530	getLong_
Functions	0x4de574	gzclose_
Functions	0x4de5ec	gzerror_
Functions	0x4de700	WinMain_
Functions	0x4de7f4	InitClass_
Functions	0x4de864	InitInstance_
Functions	0x4de8d0	LoadDirectX_
Functions	0x4de988	UnloadDirectX_
Functions	0x4de9f4	SignalHandler_
Functions	0x4de9fc	WindowProc_
Functions	0x4deb3a	IF@DPOW
Functions	0x4dec6d	pow_ri_
Functions	0x4dec90	pow_
Functions	0x4deca0	IF@ATAN
Functions	0x4decb5	IF@ATAN2
Functions	0x4decca	atan_
Functions	0x4decd6	atan2_
Functions	0x4dece6	stricmp_
Functions	0x4ded30	xremove_
Functions	0x4ded38	xrename_
Functions	0x4ded40	xtmpfile_
Functions	0x4ded64	xtmpnam_
Functions	0x4ded6c	xfclose_
Functions	0x4dedd4	xfflush_
Functions	0x4dee2c	xfopen_
Functions	0x4defe0	xfreopen_
Functions	0x4df040	xsetbuf_
Functions	0x4df0a8	xsetvbuf_
Functions	0x4df11c	xfprintf_
Functions	0x4df164	xfscanf_
Functions	0x4df1ac	xvfprintf_
Functions	0x4df22c	xfgetc_
Functions	0x4df280	xfgets_
Functions	0x4df320	xfputc_
Functions	0x4df380	xfputs_
Functions	0x4df3f4	xungetc_
Functions	0x4df44c	xfread_
Functions	0x4df4e8	xfwrite_
Functions	0x4df584	xfgetpos_
Functions	0x4df5d8	xfseek_
Functions	0x4df63c	xfsetpos_
Functions	0x4df690	xftell_
Functions	0x4df6e4	xrewind_
Functions	0x4df738	xclearerr_
Functions	0x4df780	xfeof_
Functions	0x4df7d4	xferror_
Functions	0x4df828	xfilelength_
Functions	0x4df878	xsetpath_
Functions	0x4df8f0	xenumpath_
Functions	0x4df938	xaddpath_
Functions	0x4dfab4	xremovepath_
Functions	0x4dfb3c	xenumfiles_
Functions	0x4dff28	xbuild_filelist_
Functions	0x4dff48	xfree_filelist_
Functions	0x4dffac	xmkdir_
Functions	0x4e0114	xrmdir_
Functions	0x4e01f8	xclearpath_
Functions	0x4e0238	xpathexit_
Functions	0x4e0278	xlistenumfunc_
Functions	0x4e02ef	assert_
Functions	0x4e030e	Full_at_exit_rtn_
Functions	0x4e0349	atexit_
Functions	0x4e0385	getenv_
Functions	0x4e03e6	fflush_
Functions	0x4e0400	dxinput_init_
Functions	0x4e0478	dxinput_exit_
Functions	0x4e04e8	dxinput_acquire_mouse_
Functions	0x4e0514	dxinput_unacquire_mouse_
Functions	0x4e053c	dxinput_get_mouse_state_
Functions	0x4e05a8	dxinput_acquire_keyboard_
Functions	0x4e05d4	dxinput_unacquire_keyboard_
Functions	0x4e05fc	dxinput_flush_keyboard_buffer_
Functions	0x4e0650	dxinput_read_keyboard_buffer_
Functions	0x4e070c	dxinput_mouse_init_
Functions	0x4e078c	dxinput_mouse_exit_
Functions	0x4e07b8	dxinput_keyboard_init_
Functions	0x4e0874	dxinput_keyboard_exit_
Functions	0x4e08a0	mmxTest_
Functions	0x4e08e0	mmxSrcCopy_
Functions	0x4e0d00	__STOSB
Functions	0x4e0d37	__STOSD
Functions	0x4e0db0	srcCopy_
Functions	0x4e0ed5	transSrcCopy_
Functions	0x4e1037	fputs_
Functions	0x4e10c4	__ModF
Functions	0x4e1154	__ZBuf2LD
Functions	0x4e119f	Norm_
Functions	0x4e11f0	__set_EDOM_
Functions	0x4e11f5	__set_errno_
Functions	0x4e1203	__set_ERANGE_
Functions	0x4e120a	__set_EINVAL_
Functions	0x4e121a	__set_doserrno_
Functions	0x4e1228	_Scale_
Functions	0x4e1269	_Scale10V_
Functions	0x4e1390	crc_table
Functions	0x4e1790	get_crc_table_
Functions	0x4e1798	crc32_
Functions	0x4e18a0	deflate_copyright
Functions	0x4e18d8	configuration_table
Functions	0x4e1950	deflateInit_
Functions	0x4e1968	deflateInit2_
Functions	0x4e1b8c	deflateSetDictionary_
Functions	0x4e1ca4	deflateReset_
Functions	0x4e1d38	deflateParams_
Functions	0x4e1e28	putShortMSB_
Functions	0x4e1e54	flush_pending_
Functions	0x4e1ec4	deflate_
Functions	0x4e2218	deflateEnd_
Functions	0x4e22c8	deflateCopy_
Functions	0x4e24a0	read_buf_
Functions	0x4e2514	lm_init_
Functions	0x4e25e8	longest_match_
Functions	0x4e27ac	fill_window_
Functions	0x4e2954	deflate_stored_
Functions	0x4e2acc	deflate_fast_
Functions	0x4e2e2c	deflate_slow_
Functions	0x4e3270	mark
Functions	0x4e3274	inflateReset_
Functions	0x4e32cc	inflateEnd_
Functions	0x4e3314	inflateInit2_
Functions	0x4e3434	inflateInit_
Functions	0x4e3480	inflate_
Functions	0x4e387c	inflateSetDictionary_
Functions	0x4e3908	inflateSync_
Functions	0x4e39d4	inflateSyncPoint_
Functions	0x4e39fc	fdopen_
Functions	0x4e3ab0	__iomode_
Functions	0x4e3afe	ftell_
Functions	0x4e3b50	zlibVersion_
Functions	0x4e3b58	zError_
Functions	0x4e3b6c	zcalloc_
Functions	0x4e3b84	zcfree_
Functions	0x4e3b90	DOSCmdLineInit_
Functions	0x4e3ba4	DOSCmdLineCreate_
Functions	0x4e3d3c	DOSCmdLineDestroy_
Functions	0x4e3d88	DOSCmdLineFatalError_
Functions	0x4e3d90	CtrlSignalHandler@4_
Functions	0x4e3de9	CtrlHandlerIsNeeded_
Functions	0x4e3e28	StartCtrlHandler_
Functions	0x4e3e54	KillCtrlHandler_
Functions	0x4e3e8b	__sigabort_
Functions	0x4e3e90	raise_
Functions	0x4e3ec9	__sigfpe_handler_
Functions	0x4e3f10	signal_
Functions	0x4e3ff5	__SigInit_
Functions	0x4e4022	__NullAccessRtn_1
Functions	0x4e4040	___ExceptionFilter
Functions	0x4e43f3	__NewExceptionHandler_
Functions	0x4e4431	__DoneExceptionHandler_
Functions	0x4e4480	WinMainCRTStartup_
Functions	0x4e4493	Watcom_Copyright
Functions	0x4e44fe	__pow87_err_
Functions	0x4e4588	__@DEXP1
Functions	0x4e4590	IF@DEXP
Functions	0x4e4592	__@DEXP
Functions	0x4e45f2	exp_
Functions	0x4e4600	fdiv_main_routine_
Functions	0x4e4717	__fdiv_fpr
Functions	0x4e4bb3	__fdivp_sti_st
Functions	0x4e4bc6	__fdivrp_sti_st
Functions	0x4e4bd9	__fdiv_chk
Functions	0x4e4bec	__fdiv_m32
Functions	0x4e4c38	__fdiv_m64
Functions	0x4e4c84	__fdiv_m32r
Functions	0x4e4cd0	__fdiv_m64r
Functions	0x4e4d1c	__fpatan_wrap
Functions	0x4e4d50	tmpfile_
Functions	0x4e4e1f	putbits_
Functions	0x4e4e47	init_name_
Functions	0x4e4e80	tmpnam_
Functions	0x4e4f40	fpattern_h_id
Functions	0x4e4f58	dbase_open_
Functions	0x4e5270	dbase_close_
Functions	0x4e5308	dbase_findfirst_
Functions	0x4e53a0	dbase_findnext_
Functions	0x4e541c	dbase_findclose_
Functions	0x4e5424	dfile_filelength_
Functions	0x4e542c	dfile_fclose_
Functions	0x4e54e0	dfile_fflush_
Functions	0x4e5504	dfile_fopen_
Functions	0x4e556c	dfile_freopen_
Functions	0x4e55d4	dfile_setbuf_
Functions	0x4e5610	dfile_setvbuf_
Functions	0x4e5630	dfile_fprintf_
Functions	0x4e5678	dfile_fscanf_
Functions	0x4e56c0	dfile_vfprintf_
Functions	0x4e5700	dfile_fgetc_
Functions	0x4e5764	dfile_fgets_
Functions	0x4e5830	dfile_fputc_
Functions	0x4e5854	dfile_fputs_
Functions	0x4e5894	dfile_ungetc_
Functions	0x4e58fc	dfile_fread_
Functions	0x4e59f8	dfile_fwrite_
Functions	0x4e5a38	dfile_fgetpos_
Functions	0x4e5a74	dfile_fseek_
Functions	0x4e5c4c	dfile_fsetpos_
Functions	0x4e5c88	dfile_ftell_
Functions	0x4e5cb0	dfile_rewind_
Functions	0x4e5ce8	dfile_clearerr_
Functions	0x4e5d10	dfile_feof_
Functions	0x4e5d40	dfile_ferror_
Functions	0x4e5d70	dinfo_bsearch_compare_
Functions	0x4e5d78	dbase_find_
Functions	0x4e5d9c	dfile_fopen_helper_
Functions	0x4e5f9c	dfile_fgetc_helper_
Functions	0x4e6078	dfile_read_comp_bytes_
Functions	0x4e613c	dfile_zungetc_
Functions	0x4e6147	setbuf_
Functions	0x4e6164	setvbuf_
Functions	0x4e61dd	vfprintf_
Functions	0x4e61e2	ungetc_
Functions	0x4e627d	fgetpos_
Functions	0x4e6290	fsetpos_
Functions	0x4e629c	strdup_
Functions	0x4e62e1	getcwd_
Functions	0x4e635a	chdir_
Functions	0x4e6380	xsys_findfirst_
Functions	0x4e63a8	xsys_findnext_
Functions	0x4e63cc	xsys_findclose_
Functions	0x4e63de	pickup_
Functions	0x4e63f2	_makepath_
Functions	0x4e65dd	rmdir_
Functions	0x4e65fc	__terminate_
Functions	0x4e660e	__null_int23_exit_
Functions	0x4e660f	exit_
Functions	0x4e6627	_exit_
Functions	0x4e664c	__flush_
Functions	0x4e6736	flushall_
Functions	0x4e673b	__flushall_
Functions	0x4e6776	__threadid_
Functions	0x4e6782	__SingleThread_
Functions	0x4e6787	__NullAccessRtn_
Functions	0x4e6788	__DefInitAccessH_
Functions	0x4e678d	__DefFiniAccessH_
Functions	0x4e6792	__NTInit_
Functions	0x4e68b9	__NTMainInit_
Functions	0x4e68ff	__exit_
Functions	0x4e691e	__ioalloc_
Functions	0x4e6996	_CmpBigInt
Functions	0x4e69d0	_Rnd2Int
Functions	0x4e6a3b	_Bin2String
Functions	0x4e6aa5	getpow10
Functions	0x4e6aaa	pow10table
Functions	0x4e6b5a	pow10end
Functions	0x4e6b60	adler32_
Functions	0x4e6b70	extra_lbits
Functions	0x4e6be4	extra_dbits
Functions	0x4e6c5c	extra_blbits
Functions	0x4e6cbc	static_ltree
Functions	0x4e713c	static_dtree
Functions	0x4e71b4	_dist_code
Functions	0x4e73b4	_length_code
Functions	0x4e74b4	base_length
Functions	0x4e7528	base_dist
Functions	0x4e75a4	_tr_init
Functions	0x4e7618	init_block_
Functions	0x4e7694	pqdownheap_
Functions	0x4e77a8	gen_bitlen_
Functions	0x4e7a20	gen_codes_
Functions	0x4e7a8c	build_tree_
Functions	0x4e7d10	scan_tree_
Functions	0x4e7e0c	send_tree_
Functions	0x4e8578	build_bl_tree_
Functions	0x4e85e8	send_all_trees_
Functions	0x4e8944	_tr_stored_block
Functions	0x4e8a44	_tr_align
Functions	0x4e8dac	_tr_flush_block
Functions	0x4e903c	_tr_tally
Functions	0x4e90dc	compress_block_
Functions	0x4e96ac	set_data_type_
Functions	0x4e971c	bi_reverse_
Functions	0x4e9738	bi_flush_
Functions	0x4e97d0	bi_windup_
Functions	0x4e9844	copy_block_
Functions	0x4e98f0	border
Functions	0x4e993c	inflate_blocks_reset_
Functions	0x4e99a8	inflate_blocks_new_
Functions	0x4e9a74	inflate_blocks_
Functions	0x4eab1c	inflate_blocks_free_
Functions	0x4eab4c	inflate_set_dictionary_
Functions	0x4eab7c	inflate_blocks_sync_point_
Functions	0x4eab88	__open_flags_
Functions	0x4eac59	__doopen_
Functions	0x4ead1d	_fsopen_
Functions	0x4ead56	fopen_
Functions	0x4ead60	close_file_
Functions	0x4eadda	freopen_
Functions	0x4eae42	__allocfp_
Functions	0x4eaefa	__freefp_
Functions	0x4eaf33	__purgefp_
Functions	0x4eaf51	__chktty_
Functions	0x4eaf82	__IOMode_
Functions	0x4eafd7	__SetIOMode_
Functions	0x4eafec	calloc_
Functions	0x4eb004	_control87_
Functions	0x4eb057	__save_8087_
Functions	0x4eb05c	__rest_8087_
Functions	0x4eb060	__init_8087_
Functions	0x4eb091	_fpreset_
Functions	0x4eb09b	__chk8087_
Functions	0x4eb0e5	__NTRealKey_
Functions	0x4eb111	initConsoleHandles_
Functions	0x4eb17a	__NTConsoleInput_
Functions	0x4eb185	__NTConsoleOutput_
Functions	0x4eb190	__NTAtMaxFiles_
Functions	0x4eb1d5	__NTAddFileHandle_
Functions	0x4eb24e	__NTAddSpecificFileHandle_
Functions	0x4eb2ea	__NTRemoveFileHandle_
Functions	0x4eb316	__NTInitFileHandles_
Functions	0x4eb34d	__NTGetFakeHandle_
Functions	0x4eb35f	__WinMain
Functions	0x4eb450	__verify_pentium_fdiv_bug_
Functions	0x4eb4a5	__math1err_
Functions	0x4eb4af	__math2err_
Functions	0x4eb58a	__math87_err_
Functions	0x4eb610	__fpatan_chk
Functions	0x4eb810	fclose_
Functions	0x4eb84f	__shutdown_stream_
Functions	0x4eb864	__hex_
Functions	0x4eb870	__MkTmpFile_
Functions	0x4eb8d5	__doclose_
Functions	0x4eb980	getpid_
Functions	0x4eb990	id_
Functions	0x4eb9a8	copyright_
Functions	0x4eb9ca	fpattern_h_id_2
Functions	0x4eb9e4	fpattern_isvalid_
Functions	0x4ebaac	fpattern_submatch_
Functions	0x4ebcf8	fpattern_match_
Functions	0x4ebd2c	fpattern_matchn_
Functions	0x4ebd3c	file_putc_
Functions	0x4ebd4d	__fprtf_
Functions	0x4ebdde	_dosret0_
Functions	0x4ebde9	__set_errno_dos_
Functions	0x4ebe3a	__set_errno_nt_
Functions	0x4ebe49	is_directory_
Functions	0x4ebe76	__opendir_
Functions	0x4ebed6	_opendir_
Functions	0x4ebfa9	opendir_
Functions	0x4ebfb6	readdir_
Functions	0x4ec029	closedir_
Functions	0x4ec076	_mbptov_
Functions	0x4ec0b4	_mbvtop_
Functions	0x4ec0ce	__mbvtop_
Functions	0x4ec102	__mbInitOnStartup_
Functions	0x4ec133	_mbgetcode_
Functions	0x4ec1a0	_mbsnextc_
Functions	0x4ec1f2	_mbsinc_
Functions	0x4ec238	_mbsdec_
Functions	0x4ec2be	__exit_with_msg_
Functions	0x4ec2f5	__fatal_runtime_error_
Functions	0x4ec312	__setenvp_
Functions	0x4ec3ca	__qwrite_
Functions	0x4ec470	_do_nothing_1
Functions	0x4ec471	__CloseSemaphore_
Functions	0x4ec49d	__AccessIOB_
Functions	0x4ec4a7	__ReleaseIOB_
Functions	0x4ec4b1	__AccessFileH_
Functions	0x4ec4be	__ReleaseFileH_
Functions	0x4ec4ce	__InitAccessH_
Functions	0x4ec4d3	__FiniAccessH_
Functions	0x4ec4ef	__AccessNHeap_
Functions	0x4ec4f6	__ReleaseNHeap_
Functions	0x4ec500	__AccessFHeap_
Functions	0x4ec507	__ReleaseFHeap_
Functions	0x4ec511	__AccessTDList_
Functions	0x4ec518	__ReleaseTDList_
Functions	0x4ec51f	__AccessFList_
Functions	0x4ec524	__AccessSemaphore_
Functions	0x4ec581	__ReleaseFList_
Functions	0x4ec586	__ReleaseSemaphore_
Functions	0x4ec5ab	__MultipleThread_
Functions	0x4ec5cb	__AllocInitThreadData_
Functions	0x4ec60a	__NTThreadInit_
Functions	0x4ec656	__NTAddThread_
Functions	0x4ec6a3	__NTRemoveThread_
Functions	0x4ec6f0	__ThreadExit_
Functions	0x4ec6fa	__NTThreadFini_
Functions	0x4ec71a	__InitMultipleThread_
Functions	0x4ec833	__FiniSema4s_
Functions	0x4ec89e	__null_FPE_rtn
Functions	0x4ec8a0	__InitRtns
Functions	0x4ec8eb	__FiniRtns
Functions	0x4ec940	inflate_codes_new_
Functions	0x4ec9b4	inflate_codes_
Functions	0x4ed2d8	inflate_codes_free_
Functions	0x4ed2f0	inflate_copyright
Functions	0x4ed320	cplens
Functions	0x4ed39c	cplext
Functions	0x4ed418	cpdist
Functions	0x4ed490	cpdext
Functions	0x4ed508	huft_build_
Functions	0x4edb84	inflate_trees_bits_
Functions	0x4edc14	inflate_trees_dynamic_
Functions	0x4edd60	inflate_trees_fixed_
Functions	0x4edf20	inflate_flush_
Functions	0x4ee0ad	open_
Functions	0x4ee0d1	sopen_
Functions	0x4ee288	isatty_
Functions	0x4ee2ca	_do_nothing_
Functions	0x4ee2cc	__init_80x87
Functions	0x4ee2f3	__RegisterThreadDataSize_
Functions	0x4ee308	stackavail_
Functions	0x4ee337	__CommonInit
Functions	0x4ee342	_set_matherr_
Functions	0x4ee348	__rterrmsg_
Functions	0x4ee390	_matherr_
Functions	0x4ee3bf	__close_
Functions	0x4ee42e	__prtf_
Functions	0x4ee7cd	getprintspecs_
Functions	0x4ee90b	evalflags_
Functions	0x4ee96a	far_strlen_
Functions	0x4ee98e	far_other_strlen_
Functions	0x4ee9b1	fmt4hex_
Functions	0x4eea0f	FixedPoint_Format_
Functions	0x4eeb04	float_format_
Functions	0x4eeb0b	formstring_
Functions	0x4eeff4	zupstr_
Functions	0x4ef00c	__MakeDOSDT_
Functions	0x4ef02e	__FromDOSDT_
Functions	0x4ef056	__GetNTDirInfo_
Functions	0x4ef091	__NTFindNextFileWithAttr_
Functions	0x4ef0bf	__InitFiles_
Functions	0x4ef136	__full_io_exit_
Functions	0x4ef142	fcloseall_
Functions	0x4ef147	docloseall_
Functions	0x4ef19f	__EnterWVIDEO_
Functions	0x4ef1c5	nmalloc_
Functions	0x4ef2b4	nfree_
Functions	0x4ef342	__GetThreadData_
Functions	0x4ef379	__AddThreadData_
Functions	0x4ef3da	__RemoveThreadData_
Functions	0x4ef424	__FreeThreadDataList_
Functions	0x4ef44d	__FiniThreadProcessing_
Functions	0x4ef460	inflate_fast_
Functions	0x4ef89a	__GetNTCreateAttr_
Functions	0x4ef8c7	__GetNTAccessAttr_
Functions	0x4ef8f3	__GetNTShareAttr_
Functions	0x4ef922	__matherr
Functions	0x4ef927	__get_std_stream_
Functions	0x4ef946	_no_support_loaded_
Functions	0x4ef958	_Alphabet_2
Functions	0x4ef97d	ultoa_
Functions	0x4ef9c7	ltoa_
Functions	0x4ef9e2	__MemAllocator
Functions	0x4efa8a	__MemFree
Functions	0x4efb95	__LinkUpNewMHeap_
Functions	0x4efc09	__CreateNewNHeap_
Functions	0x4efc99	__ExpandDGROUP_
Functions	0x4efcaa	__AdjustAmount_
Functions	0x4efcf4	__nmemneed_
Functions	0x4efcf7	__CInitThread_
Functions	0x4efcfa	_beginthread_
Functions	0x4efd01	_endthread_
Functions	0x4efd08	__initthread_
Functions	0x4efd0f	__RegisterThreadData_
Functions	0x4efd4e	matherr_
Functions	0x4efd51	_heapenable_
Functions	0x4efd72	_heapshrink_
Functions	0x4efd86	__ReturnMemToSystem_
Functions	0x4efde4	__ReleaseMiniHeap_
Functions	0x4efe37	_begin_thread_helper
Functions	0x4efee3	__CBeginThread_
Functions	0x4effb7	__CEndThread_
Functions	0x4effe1	memmove_
Functions	0x4f002e	mem_putc_1
Functions	0x4f0041	sprintf_
Functions	0x4f0080	memset_
Functions	0x4f0098	atoi_
Functions	0x4f0105	strpbrk_
Functions	0x4f014f	strncpy_
Functions	0x4f0174	strrchr_
Functions	0x4f018e	fread_
Functions	0x4f038d	filelength_
Functions	0x4f03e6	__update_buffer_
Functions	0x4f0428	fseek_
Functions	0x4f051c	remove_
Functions	0x4f0521	rename_
Functions	0x4f0538	byteswap_
Functions	0x4f055e	med3_
Functions	0x4f05b6	qsort_
Functions	0x4f09ef	copypart_
Functions	0x4f0a25	_splitpath_
Functions	0x4f0afe	strlwr_
Functions	0x4f0b23	strspn_
Functions	0x4f0b67	strcspn_
Functions	0x4f0bb0	strcmp_
Functions	0x4f0c51	_Alphabet_3
Functions	0x4f0c76	utoa_
Functions	0x4f0cc0	itoa_
Functions	0x4f0cdb	fgets_
Functions	0x4f0d56	fprintf_
Functions	0x4f0d78	clock_
Functions	0x4f0d7d	toupper_
Functions	0x4f0d8b	_getdrive_
Functions	0x4f0d9c	_getdiskfree_
Functions	0x4f0da1	strupr_
Functions	0x4f0dc6	strtok_
Functions	0x4f0e6a	tolower_
Functions	0x4f0e78	strncmp_
Functions	0x4f0ea1	cget_string_
Functions	0x4f0eca	uncget_string_
Functions	0x4f0ece	vsscanf_
Functions	0x4f0ef5	sscanf_
Functions	0x4f0f16	access_
Functions	0x4f0f48	printf_
Functions	0x4f0f6a	strncat_
Functions	0x4f0fa9	fwrite_
Functions	0x4f118f	mkdir_
Functions	0x4f11aa	__get_errno_
Functions	0x4f11b4	__get_doserrno_
Functions	0x4f11be	strerror_
Functions	0x4f11d5	fgetc_
Functions	0x4f1273	__filbuf_
Functions	0x4f12a2	__fill_buffer_
Functions	0x4f134e	fputc_
Functions	0x4f1411	rewind_
Functions	0x4f1428	mem_putc_
Functions	0x4f143b	vsprintf_
Functions	0x4f1450	strstr_
Functions	0x4f150e	_setjmp_
Functions	0x4f154d	longjmp_
Functions	0x4f15d2	time_
Functions	0x4f1601	_localtime_
Functions	0x4f1652	localtime_
Functions	0x4f1669	nrealloc_
Functions	0x4f16e3	strnicmp_
Functions	0x4f1736	initrandnext_
Functions	0x4f1740	rand_
Functions	0x4f1764	srand_
Functions	0x4f1774	bsearch_
Functions	0x4f17df	tell_
Functions	0x4f181c	lseek_
Functions	0x4f1856	write_
Functions	0x4f1b0e	read_
Functions	0x4f1cb5	close_
Functions	0x4f1cfd	__setbits_
Functions	0x4f1d3b	__qread_
Functions	0x4f1daf	unlink_
Functions	0x4f1dc8	_mbsnccnt_
Functions	0x4f1e06	_mbsnbcnt_
Functions	0x4f1e37	_mbsninc_
Functions	0x4f1e50	__mbsninc_
Functions	0x4f1e95	_mbscat_
Functions	0x4f1ee6	_mbscpy_
Functions	0x4f1f05	_mbsdup_
Functions	0x4f1f46	_mbsncat_
Functions	0x4f1fa3	_mbsnbcat_
Functions	0x4f2095	_mbsncpy_
Functions	0x4f20b4	_mbsnbcpy_
Functions	0x4f2168	__setEFGfmt_
Functions	0x4f2183	getclock_
Functions	0x4f2198	__clock_init
Functions	0x4f21a3	get_clock_time_
Functions	0x4f21af	_dos_getdrive_
Functions	0x4f21e0	_dos_getdiskfree_
Functions	0x4f2250	cget_
Functions	0x4f2257	uncget_
Functions	0x4f225f	__scnf_
Functions	0x4f24a6	get_opt_
Functions	0x4f259b	scan_white_
Functions	0x4f25da	scan_char_
Functions	0x4f266f	scan_string_
Functions	0x4f2792	report_scan_
Functions	0x4f27f0	makelist_
Functions	0x4f2833	scan_arb_
Functions	0x4f292d	scan_float_
Functions	0x4f2c44	scan_int_
Functions	0x4f2e34	radix_value__2
Functions	0x4f2e5b	cgetw_
Functions	0x4f2e81	getche_
Functions	0x4f2ea3	default_handler_
Functions	0x4f2ea4	__getctime_
Functions	0x4f2f09	mktime_
Functions	0x4f305d	__CacheOSTZ_
Functions	0x4f30b1	tryOSTimeZone_
Functions	0x4f31a7	tzset_
Functions	0x4f31b9	__parse_tz_
Functions	0x4f31f0	parse_time_
Functions	0x4f3214	parse_offset_
Functions	0x4f333d	parse_rule_
Functions	0x4f350f	__brktime
Functions	0x4f3624	_gmtime
Functions	0x4f3642	gmtime_
Functions	0x4f3659	__leapyear_
Functions	0x4f3694	calc_yday_
Functions	0x4f3779	check_order_
Functions	0x4f37ad	__isindst_
Functions	0x4f3a70	time_less_
Functions	0x4f3aa0	_nmsize_
Functions	0x4f3aa9	_nexpand_
Functions	0x4f3ae3	__HeapManager_expand_
Functions	0x4f3c82	__fini_387_emulator
Functions	0x4f3c83	__CHK
Functions	0x4f3c93	__STK
Functions	0x4f3cb2	__STKOVERFLOW_
Functions	0x4f3cc2	__GRO
Functions	0x4f3ce2	_EFG_Format
Functions	0x4f3dcc	forcedecpt_
Functions	0x4f3e2b	__cnvs2d
Functions	0x4f3e3a	__FDFS
Functions	0x4f3e86	do_getch_
Functions	0x4f3f91	getch_
Functions	0x4f4007	putch_
Functions	0x4f4069	_SetMaxPrec_
Functions	0x4f406f	DoEFormat_
Functions	0x4f4112	DoFFormat_
Functions	0x4f4175	AdjField_
Functions	0x4f41e6	_FtoS_
Functions	0x4f4420	__Nan_Inf_
Functions	0x4f44b2	IF@LOG
Functions	0x4f44f5	IF@LOG2
Functions	0x4f44f9	IF@LOG10
Functions	0x4f44fd	log_
Functions	0x4f4509	log10_
Functions	0x4f4515	log2_
Functions	0x4f4521	floor_
Functions	0x4f455d	__cvt_
Functions	0x4f473a	__log87_err_
Functions	0x4f4776	modf_
Functions	0x4f478f	frexp_
Functions	0x4f4800	MVE_memCallbacks_
Functions	0x4f4860	MVE_ioCallbacks_
Functions	0x4f4870	MVE_memIO_
Functions	0x4f4890	MVE_MemInit_
Functions	0x4f48c0	MVE_MemFree_
Functions	0x4f48f0	MVE_sndInit_
Functions	0x4f4940	MVE_sfSVGA_
Functions	0x4f49f0	MVE_sfCallbacks_
Functions	0x4f4a00	do_nothing_2
Functions	0x4f4a10	MVE_palCallbacks_
Functions	0x4f4b90	MVE_rmCallbacks_
Functions	0x4f4bd0	MVE_rmFrameCounts_
Functions	0x4f4bf0	MVE_rmPrepMovie_
Functions	0x4f4c90	ioReset_
Functions	0x4f4d00	ioRead_
Functions	0x4f4d40	MVE_MemAlloc_
Functions	0x4f4da0	ioNextRecord_
Functions	0x4f4e20	MVE_rmHoldMovie_
Functions	0x4f4e40	syncWait_
Functions	0x4f4ea0	MVE_sndPause_
Functions	0x4f4ec0	MVE_rmStepMovie_
Functions	0x4f4f3e	setup_delays
Functions	0x4f54f0	syncInit_
Functions	0x4f5540	syncReset_
Functions	0x4f5570	MVE_sndConfigure_
Functions	0x4f56c0	MVE_syncSync_
Functions	0x4f56f0	MVE_sndReset_
Functions	0x4f5720	MVE_sndSync_
Functions	0x4f59b0	syncWaitLevel_
Functions	0x4f5a00	CallsSndBuff.Lock
Functions	0x4f5b70	MVE_sndAdd_
Functions	0x4f5ca0	MVE_sndResume_
Functions	0x4f5cb0	nfConfig_
Functions	0x4f5f40	sfShowFrame_
Functions	0x4f6080	do_nothing_3
Functions	0x4f6090	SetPalette_1
Functions	0x4f60c0	SetPalette_2
Functions	0x4f60f0	palMakeSynthPalette_
Functions	0x4f6210	palLoadPalette_
Functions	0x4f6240	MVE_rmEndMovie_
Functions	0x4f6270	syncRelease_
Functions	0x4f6280	MVE_RunMovie_
Functions	0x4f62f0	MVE_RunMovieContinue_
Functions	0x4f6350	MVE_ReleaseMem_
Functions	0x4f6370	ioRelease_
Functions	0x4f6380	MVE_sndRelease_
Functions	0x4f6390	nfRelease_
Functions	0x4f63d0	MVE_strerror_
Functions	0x4f6480	MVE_frOpen_
Functions	0x4f6550	frLoad_
Functions	0x4f6610	frSave_
Functions	0x4f66d0	MVE_frGet_
Functions	0x4f6930	MVE_frClose_
Functions	0x4f697c	MVE_sndDecompM16_
Functions	0x4f69ad	MVE_sndDecompS16_
Functions	0x4f69fb	nfHiColorDecomp_
Functions	0x4f6c20	nfHiColorDecompChg_
Functions	0x4f6e94	nfDecomp_
Functions	0x4f70ae	nfDecompChg_
Functions	0x4f731d	nfPkConfig_
Functions	0x4f7359	nfPkDecomp_
Functions	0x4f7438	$$R0006
Functions	0x4f7440	$$R000A
Functions	0x4f7444	$$R000D
Functions	0x4f7464	$$R0019
Functions	0x4f7478	$$R0028
Functions	0x4f7488	$$R0034
Functions	0x4f74a4	$$R003D
Functions	0x4f754c	$$R002A
Functions	0x4f7800	$$R0044
Functions	0x4f7d94	$$R0032
Functions	0x4f8440	$$R0039
Functions	0x4f8bc4	$$R003F
Functions	0x4f8c38	$$R0011
Functions	0x4f8cf0	$$R0002
Functions	0x4f8d6c	$$R0042
Functions	0x4f8d80	$$R0050
Functions	0x4f8dd4	nfPkDecompH_
Functions	0x4f8ec8	$$R001B
Functions	0x4f8ed0	$$R0020
Functions	0x4f8ed4	$$R0025
Functions	0x4f8efc	$$R003C
Functions	0x4f8f10	$$R003E
Functions	0x4f8f20	$$R004A
Functions	0x4f8f44	$$R005E
Functions	0x4f8fb4	$$R0031
Functions	0x4f9190	$$R0046
Functions	0x4f950c	$$R0060
Functions	0x4f9988	$$R0023
Functions	0x4f9da8	$$R0024
Functions	0x4f9de8	$$R0041
Functions	0x4f9e80	$$R0027
Functions	0x4f9edc	$$R0057
Functions	0x4f9eed	nullsub_36
Functions	0x4f9ef0	$$R005F
Functions	0x4f9f28	nfHPkDecomp_
Functions	0x4fa014	$$R001A
Functions	0x4fa01c	$$R001D
Functions	0x4fa020	$$R0022
Functions	0x4fa048	$$R003A
Functions	0x4fa060	$$R0040
Functions	0x4fa074	$$R004F
Functions	0x4fa090	$$R005D
Functions	0x4fa178	$$R006B
Functions	0x4fa3ec	$$R0066
Functions	0x4fa8a0	$$R0043
Functions	0x4fb0bc	$$R0038
Functions	0x4fbb5c	$$R002C
Functions	0x4fbc34	$$R0030
Functions	0x4fbd64	$$R005B
Functions	0x4fbe10	$$R0045
Functions	0x4fbe90	$$R0017
Functions	0x4fbe91	mve_ShowFrameField_
Functions	0x4fc10d	mve_ShowFrameFieldHi_
Functions	0x4fc31b	_mve_sfShowFrameChg
Functions	0x4fc725	$$R0047
Functions	0x4fc72d	$$R004B
Functions	0x4fc735	$$R0051
Functions	0x4fc73d	$$R0056
Functions	0x4fc745	$$R0059
Functions	0x4fc74d	$$R005C
Functions	0x4fc755	$$R0061
Functions	0x4fc75d	$$R0065
Functions	0x4fc76e	_mve_sfHiColorShowFrameChg
Functions	0x4fcb78	$$R0064
Functions	0x4fcb80	$$R006A
Functions	0x4fcb88	$$R006C
Functions	0x4fcb90	$$R0001
Functions	0x4fcb98	$$R0008
Functions	0x4fcba0	$$R000B
Functions	0x4fcba8	$$R000E
Functions	0x4fcbb0	$$R0012
Functions	0x4fcbc1	MVE_SetPalette_
Functions	0x4fcc02	palLoadCompPalette_
Functions	0x4fcc9b	gfxMode_
Functions	0x4fccad	gfxLoadCrtc_
Functions	0x4fcd1c	gfxGetCrtc_
Functions	0x4fcd46	gfxVres_
Functions	0x4fce17	MVE_gfxWaitRetrace_
Functions	0x4fce34	MVE_gfxSetSplit_
Functions	0x4fce8c	_mveliba_end
Functions	0x4fce90	_c_rgodfDIMouse$S18691
Functions	0x4fcf20	_c_rgodfDIKeyboard$S18691
Functions	0x4fdf20	_c_dfDIKeyboard
Functions	0x4fdf38	WriteConsoleA
Functions	0x4fdf3e	SetConsoleMode
Functions	0x4fdf44	GetConsoleMode
Functions	0x4fdf4a	ReadConsoleInputA
Functions	0x4fdf50	GetTimeZoneInformation
Functions	0x4fdf56	GetLocalTime
Functions	0x4fdf5c	GetDiskFreeSpaceA_0
Functions	0x4fdf62	GetTickCount_
Functions	0x4fdf68	DeleteFileA
Functions	0x4fe02e	ReadFile
Functions	0x4fe03a	_RtlUnwind@16
Functions	0x4fe046	CreateDirectoryA
Functions	0x4fe04c	GetFileAttributesA_0
Functions	0x4fe094	MoveFileA
Functions	0x4fe0ac	ExitThread
Functions	0x4fe0b2	CreateThread
Functions	0x4fe0b8	CreateEventA
Functions	0x4fe0be	GetCurrentThread
Functions	0x4fe0c4	SetEvent
Functions	0x4fe0ca	VirtualFree
Functions	0x4fe0d0	VirtualAlloc
Functions	0x4fe0d6	LocalFileTimeToFileTime
Functions	0x4fe0dc	DosDateTimeToFileTime
Functions	0x4fe0e2	FileTimeToDosDateTime
Functions	0x4fe0e8	FileTimeToLocalFileTime
Functions	0x4fe0ee	GetFileType
Functions	0x4fe0f4	TlsFree
Functions	0x4fe0fa	TlsSetValue
Functions	0x4fe100	TlsAlloc
Functions	0x4fe106	TlsGetValue
Functions	0x4fe10c	ReleaseMutex
Functions	0x4fe112	WaitForSingleObject_0
Functions	0x4fe118	CreateMutexA_0
Functions	0x4fe11e	GetCurrentThreadId_0
Functions	0x4fe124	CloseHandle_0
Functions	0x4fe12a	SetFilePointer
Functions	0x4fe130	GetCPInfo
Functions	0x4fe136	FindNextFileA
Functions	0x4fe13c	FindClose
Functions	0x4fe142	FindFirstFileA
Functions	0x4fe148	GetLastError_0
Functions	0x4fe14e	GetCurrentProcessId
Functions	0x4fe154	GetStdHandle
Functions	0x4fe15a	SetStdHandle
Functions	0x4fe160	CreateFileA
Functions	0x4fe166	GetModuleHandleA
Functions	0x4fe16c	GetVersion
Functions	0x4fe172	GetCommandLineA
Functions	0x4fe178	GetEnvironmentStrings
Functions	0x4fe17e	ExitProcess
Functions	0x4fe184	RemoveDirectoryA
Functions	0x4fe18a	SetCurrentDirectoryA
Functions	0x4fe190	GetCurrentDirectoryA
Functions	0x4fe196	WriteFile
Functions	0x4fe19c	GetModuleFileNameA_0
Functions	0x4fe1a2	GetProcAddress_0
Functions	0x4fe1a8	LoadLibraryA_0
Functions	0x4fe1ae	GetActiveWindow
Functions	0x4fe1b4	wsprintfA
Functions	0x4fe1ba	SetConsoleCtrlHandler
Functions	0x4fe1c0	aF2_res_dll
Variables	0x500004	Violence_level
Variables	0x500014	preferences
Variables	0x500020	aThrow_change_f
Variables	0x50003c	aSomethingWentW
Variables	0x500074	aSkill_useInval
Variables	0x500094	aCannotClearTar
Variables	0x5000cc	aCannotClearExt
Variables	0x500100	aWhn1xxx1
Variables	0x50010c	aWhc1xxx1
Variables	0x500118	Name
Variables	0x500138	aUnableToBeginR
Variables	0x500160	interrupt_walk
Variables	0x500170	system
Variables	0x500178	variable
Variables	0x500188	preferences1
Variables	0x500194	aCombat_speed
Variables	0x5001a4	aGggnnnbbbgnb
Variables	0x5001b4	aVfngfbnfvppp
Variables	0x5001c4	art_cache_size
Variables	0x5001d4	system1
Variables	0x5001dc	aCache_initFail
Variables	0x5001fc	language
Variables	0x500208	english
Variables	0x500210	aArt
Variables	0x500218	format
Variables	0x500228	aArt_read_lstFa
Variables	0x50024c	aOutOfMemoryFor
Variables	0x500278	aOutOfMemoryF_0
Variables	0x5002b4	rt
Variables	0x5002b8	aUnableToOpenSI
Variables	0x5002d8	aHmjmps
Variables	0x5002e0	aHfjmps
Variables	0x5002e8	aHmwarr
Variables	0x5002f0	aHfprim
Variables	0x5002f8	aGrid001_frm
Variables	0x500304	aOutOfMemoryF_1
Variables	0x500330	aUnableToOpen_0
Variables	0x500350	str_characters
Variables	0x500358	aSSSSCC_frm
Variables	0x50036c	aSSSSCC_frC
Variables	0x500380	aSSSSCCD_frm
Variables	0x500394	aSSSS
Variables	0x5003a8	aArtSS
Variables	0x5003b4	rb1
Variables	0x5003b8	wb
Variables	0x5003bc	aRaw
Variables	0x5003c0	aAudioopenCould
Variables	0x5003e8	a__IntAudio_c
Variables	0x5003f8	aAudiowriteShou
Variables	0x500420	aRaw_0
Variables	0x500424	a__IntAudiof_c
Variables	0x500434	aAudiofwriteSho
Variables	0x50045c	master_patches
Variables	0x50046c	system2
Variables	0x500474	aAutomap_db
Variables	0x500480	aMaps
Variables	0x500488	sss
Variables	0x500494	iisxxxx1
Variables	0x5004a0	AUTOMAP_Error
Variables	0x5004cc	aAutomapSavingA
Variables	0x5004fc	AUTOMAP_Error1
Variables	0x500528	ss1
Variables	0x500530	aRB
Variables	0x500534	aAutomapErrorOp
Variables	0x500564	aErrorContinued
Variables	0x500590	aAutomapErrorRe
Variables	0x5005c8	aAutomapError_0
Variables	0x500600	aAutomap_tmp
Variables	0x50060c	wb1
Variables	0x500610	aAutomapError_1
Variables	0x500638	aAutomapErrorCo
Variables	0x50065c	aAutomapError_2
Variables	0x500684	aAutomapError_3
Variables	0x5006ac	AUTOMAP_Error2
Variables	0x5006d0	AUTOMAP_Error3
Variables	0x5006f4	AUTOMAP_Error4
Variables	0x50071c	AUTOMAP_Error5
Variables	0x500740	AUTOMAP_Error6
Variables	0x500764	AUTOMAP_Error7
Variables	0x50079c	AUTOMAP_Error8
Variables	0x5007cc	aErrorContinu_0
Variables	0x5007f4	AUTOMAP_Error9
Variables	0x500828	AUTOMAP_Error10
Variables	0x50085c	aAutomapErrorDe
Variables	0x500888	AUTOMAP_Error11
Variables	0x5008c0	AUTOMAP_Error12
Variables	0x5008f4	aAutomapErrorCr
Variables	0x500928	rb2
Variables	0x50092c	aAutomapErro_15
Variables	0x500960	aErrorContinu_1
Variables	0x500988	aAutomapErro_16
Variables	0x5009c0	aDbox_msg
Variables	0x5009cc	ss2
Variables	0x5009d4	aErrorDialog_ou
Variables	0x5009e8	filename
Variables	0x500a0c	aCacheStatsAreD
Variables	0x500a34	String2
Variables	0x500a38	aCombat_msg
Variables	0x500a44	ss3
Variables	0x500a4c	aFriendlyWasInT
Variables	0x500a68	aTarget_highlig
Variables	0x500a7c	preferences2
Variables	0x500a88	aComputingAttac
Variables	0x500aa0	aSequencingAtta
Variables	0x500ab8	aRunningAttack_
Variables	0x500acc	aErrorCompute_e
Variables	0x500b10	aCombat_difficu
Variables	0x500b24	aWhoaBadSkillVa
Variables	0x500b50	a_1
Variables	0x500b54	aCombat_message
Variables	0x500b64	ss4
Variables	0x500b70	aIcsxxxx1
Variables	0x500b7c	aBadCalledShotV
Variables	0x500b98	aAlways
Variables	0x500ba0	aSometimes
Variables	0x500bac	aBe_sure
Variables	0x500bb4	aBe_careful
Variables	0x500bc0	aBe_absolutely_
Variables	0x500bd4	none
Variables	0x500bdc	aCoward
Variables	0x500be4	aFinger_hurts
Variables	0x500bf4	aBleeding
Variables	0x500c00	aNot_feeling_go
Variables	0x500c14	aTourniquet
Variables	0x500c20	aNever
Variables	0x500c28	aNo_pref
Variables	0x500c30	aMelee
Variables	0x500c38	aMelee_over_ran
Variables	0x500c4c	aRanged_over_me
Variables	0x500c60	aRanged
Variables	0x500c68	aUnarmed
Variables	0x500c70	aUnarmed_over_t
Variables	0x500c84	aRandom
Variables	0x500c8c	aStay_close
Variables	0x500c98	aCharge
Variables	0x500ca0	aSnipe
Variables	0x500ca8	aOn_your_own
Variables	0x500cb4	aStay
Variables	0x500cbc	aWhomever_attac
Variables	0x500cd4	aStrongest
Variables	0x500ce0	aWeakest
Variables	0x500ce8	aWhomever
Variables	0x500cf4	aClosest
Variables	0x500cfc	aClean
Variables	0x500d04	aStims_when_hur
Variables	0x500d1c	aStims_when_h_0
Variables	0x500d34	aAnytime
Variables	0x500d3c	aCustom
Variables	0x500d44	aDefensive
Variables	0x500d50	aAggressive
Variables	0x500d5c	aBerserk
Variables	0x500d64	aBlind
Variables	0x500d6c	aCrippled
Variables	0x500d78	aCrippled_legs
Variables	0x500d88	aCrippled_arms
Variables	0x500da0	aUnrecognizedFl
Variables	0x500db8	aDataAi_txt
Variables	0x500dc4	aPacket_num
Variables	0x500dd0	aMax_dist
Variables	0x500ddc	aMin_to_hit
Variables	0x500de8	aMin_hp
Variables	0x500df0	aAggression
Variables	0x500dfc	aHurt_too_much
Variables	0x500e0c	aSecondary_freq
Variables	0x500e1c	aCalled_freq
Variables	0x500e28	aFont
Variables	0x500e30	aColor
Variables	0x500e38	aOutline_color
Variables	0x500e48	aChance
Variables	0x500e50	aRun_start
Variables	0x500e5c	aRun_end
Variables	0x500e64	aMove_start
Variables	0x500e70	aMove_end
Variables	0x500e7c	aAttack_start
Variables	0x500e8c	aAttack_end
Variables	0x500e98	aMiss_start
Variables	0x500ea4	aMiss_end
Variables	0x500eb0	aHit_head_start
Variables	0x500ec0	aHit_head_end
Variables	0x500ed0	aHit_left_arm_s
Variables	0x500ee4	aHit_left_arm_e
Variables	0x500ef8	aHit_right_arm_
Variables	0x500f0c	aHit_right_ar_0
Variables	0x500f20	aHit_torso_star
Variables	0x500f30	aHit_torso_end
Variables	0x500f40	aHit_right_leg_
Variables	0x500f54	aHit_right_le_0
Variables	0x500f68	aHit_left_leg_s
Variables	0x500f7c	aHit_left_leg_e
Variables	0x500f90	aHit_eyes_start
Variables	0x500fa0	aHit_eyes_end
Variables	0x500fb0	aHit_groin_star
Variables	0x500fc0	aHit_groin_end
Variables	0x500fd0	aArea_attack_mo
Variables	0x500fe4	aRun_away_mode
Variables	0x500ff4	aBest_weapon
Variables	0x501000	aDistance
Variables	0x50100c	aAttack_who
Variables	0x501018	aChem_use
Variables	0x501024	aChem_primary_d
Variables	0x501038	aDisposition
Variables	0x501044	aBody_type
Variables	0x501050	aGeneral_type
Variables	0x501060	aErrorProcessin
Variables	0x501078	aMissingAiPacke
Variables	0x50108c	aSMinhpDCurhpD
Variables	0x5010a8	aSSS_
Variables	0x5010b4	aSS_
Variables	0x5010bc	aAi_danger_sour
Variables	0x501104	aAi_danger_so_0
Variables	0x501148	aInTheWay
Variables	0x501154	combat_difficulty
Variables	0x501168	preferences3
Variables	0x501174	aSFleeingCanTPo
Variables	0x50119c	aSFleeingCanT_0
Variables	0x5011c4	aSFleeingCanT_1
Variables	0x5011f8	aSFleeingIMHurt
Variables	0x501210	aSFleeingINeedD
Variables	0x50122c	aSFleeingSomebo
Variables	0x501268	aNoteSHadExtraA
Variables	0x501290	aErrorCombatdat
Variables	0x5012c4	combat_taunts
Variables	0x5012d4	aSIsUsingSPacketWithADChanceToTaunt
Variables	0x501308	aSSaidMessageD
Variables	0x50131c	aErrorCombatai_
Variables	0x501354	aCombatai_msg
Variables	0x501364	ss5
Variables	0x50136c	language_filter
Variables	0x50137c	aSomebodyDiedAn
Variables	0x5013b0	rt1
Variables	0x5013b4	wt1
Variables	0x5013b8	s1
Variables	0x5013c0	ss6
Variables	0x5013cc	a_6f
Variables	0x5013d4	aTurningOnCount
Variables	0x5013fc	color_pal
Variables	0x501408	aRt_1
Variables	0x50140c	aGchar
Variables	0x501414	a_gcd
Variables	0x50141c	aCorpse
Variables	0x501424	aErrorInitingCr
Variables	0x501450	aSscrname_msg
Variables	0x501460	aErrorLoadingCr
Variables	0x50148c	source
Variables	0x501498	aErrorCritterKi
Variables	0x5014c8	aErrorCritter_0
Variables	0x5014f0	aErrorCritter_b
Variables	0x50151c	aRb_1
Variables	0x501520	wb2
Variables	0x501524	color_cycling
Variables	0x501534	system3
Variables	0x50153c	aCycle_speed_fa
Variables	0x501550	aPcx
Variables	0x501554	a__IntDatafile_
Variables	0x501568	rb3
Variables	0x50156c	a__IntDialog_c
Variables	0x50157c	aReplyHasOnlyOn
Variables	0x5015b4	aEnded
Variables	0x5015bc	aWaitingForRepl
Variables	0x5015d8	aReplyEnded
Variables	0x5015e8	aErrorCanTCallS
Variables	0x50162c	aPatches
Variables	0x501634	system4
Variables	0x50163c	aMonitor
Variables	0x501644	aErrorLoadingCh
Variables	0x501674	aIb1p1xx1_0
Variables	0x501680	iisxxxx1_1
Variables	0x50168c	dst
Variables	0x501694	_editor_msg
Variables	0x5016a0	ss7
Variables	0x5016a8	__1
Variables	0x5016ac	aUnknownFolderT
Variables	0x5016cc	sd
Variables	0x5016d4	ss8
Variables	0x5016dc	sd1
Variables	0x5016ec	s2
Variables	0x5016f0	aDD
Variables	0x5016f8	aD
Variables	0x501700	aSDS
Variables	0x501720	a__5
Variables	0x501724	aTxt_1
Variables	0x501728	a__0
Variables	0x501730	sss1
Variables	0x501738	aGcd
Variables	0x50173c	ss9
Variables	0x501744	rb4
Variables	0x501748	wt2
Variables	0x501750	a_2dSD_4dS
Variables	0x501764	aSSD
Variables	0x50176c	sss2
Variables	0x501774	aS_2dSS
Variables	0x501784	s3
Variables	0x501788	aS_2dS_3d_3dS_2
Variables	0x5017a8	aS_2dS_3dS_2d
Variables	0x5017c0	aS_2dS_2dS_3d
Variables	0x5017dc	aS_2dS_2dS_3dLb
Variables	0x5017fc	aS_2dS_3d
Variables	0x501810	s4
Variables	0x501818	aSD_1
Variables	0x501824	sss3
Variables	0x501834	ss10
Variables	0x501840	s5
Variables	0x501844	aS_3dS_3d
Variables	0x501860	aS_3d
Variables	0x501870	aSxS
Variables	0x50187c	aSDLbs_
Variables	0x501888	a0
Variables	0x501890	aIsdxxxx1
Variables	0x50189c	aPerkNotFoundIn
Variables	0x5018c4	ib3p1xx1
Variables	0x5018ec	s6
Variables	0x5018fc	sss4
Variables	0x501908	ss11
Variables	0x501910	aErrorRunningPe
Variables	0x501938	d1
Variables	0x501940	aErrorRunning_0
Variables	0x501970	aErrorRunning_1
Variables	0x5019a0	aUnableToAddPer
Variables	0x5019c8	aRt_12
Variables	0x5019cc	fullname
Variables	0x5019e0	aDataGenrep_txt
Variables	0x5019f0	aElv1_1
Variables	0x5019f8	aError_4
Variables	0x501a00	aElv1_2
Variables	0x501a08	aElv1_3
Variables	0x501a10	aElv2_3
Variables	0x501a18	aTheStartElevLe
Variables	0x501a40	aAkiss
Variables	0x501a48	credits_txt
Variables	0x501a54	color_pal1
Variables	0x501a60	subtitles
Variables	0x501a6c	preferences4
Variables	0x501a78	language1
Variables	0x501a84	system5
Variables	0x501a8c	aTextSCuts
Variables	0x501a9c	ss12
Variables	0x501aa4	aSS_txt
Variables	0x501ab8	aArtIntrface
Variables	0x501ac8	aSS_pal
Variables	0x501ad4	rt2
Variables	0x501ad8	a10labone
Variables	0x501ae4	aDataEndgame_tx
Variables	0x501af8	aNarratorNar_5
Variables	0x501b08	aDataEnddeath_t
Variables	0x501b1c	aErrorEndgamese
Variables	0x501b54	aNarrator_0
Variables	0x501b60	aEndgamesetupde
Variables	0x501b94	aErrorEndgame_0
Variables	0x501bcc	aNarratorNar_4
Variables	0x501bdc	aEndgamesetup_0
Variables	0x501c0c	aTimes_run
Variables	0x501c18	system6
Variables	0x501c20	aEreg
Variables	0x501c28	ApplicationName
Variables	0x501c38	a__IntExport_c
Variables	0x501c48	aUnknU
Variables	0x501c54	d2
Variables	0x501c58	aInt
Variables	0x501c5c	aFloat
Variables	0x501c64	aF1
Variables	0x501c68	aStr
Variables	0x501c6c	s7
Variables	0x501c74	sss5
Variables	0x501c80	aFontmgr_c
Variables	0x501c8c	aFontD_aaf
Variables	0x501c98	rb
Variables	0x501c9c	aGame_0
Variables	0x501ca4	aLanguage_1
Variables	0x501cb0	section
Variables	0x501cb8	aFrench
Variables	0x501cc0	aGerman
Variables	0x501cc8	aItalian
Variables	0x501cd0	aSpanish
Variables	0x501cd8	aFailedOnPartym
Variables	0x501cf4	aPartymember_in
Variables	0x501d08	aSoundInitializ
Variables	0x501d28	aGsound_init
Variables	0x501d38	aInitmovie
Variables	0x501d48	aFailedOnGmovie
Variables	0x501d60	aGmovie_init
Variables	0x501d70	aFailedOnMovief
Variables	0x501d88	aMoviefx_init
Variables	0x501d98	aFailedOnIso_in
Variables	0x501dac	aIso_init
Variables	0x501db8	aFailedOnGmouse
Variables	0x501dd0	aGmouse_init
Variables	0x501de0	aFailedOnProto_
Variables	0x501df8	aProto_init
Variables	0x501e08	aAnim_init
Variables	0x501e18	aFailedOnScr_in
Variables	0x501e2c	aScr_init
Variables	0x501e38	aFailedOnGame_l
Variables	0x501e54	aGame_load_info
Variables	0x501e68	aFailedOnScr_ga
Variables	0x501e84	aScr_game_init
Variables	0x501e94	aFailedOnWmworl
Variables	0x501eb0	aWmworldmap_ini
Variables	0x501ec4	aChareditinit
Variables	0x501ed4	aPip_init
Variables	0x501ee0	aInitloadsave
Variables	0x501ef0	aFailedOnGdialo
Variables	0x501f08	aGdialog_init
Variables	0x501f18	aFailedOnCombat
Variables	0x501f30	aCombat_init
Variables	0x501f40	aFailedOnAutoma
Variables	0x501f58	aAutomap_init
Variables	0x501f68	aFailedOnMessag
Variables	0x501f80	aMessage_init
Variables	0x501f90	aMisc_msg
Variables	0x501f9c	ss13
Variables	0x501fa4	aFailedOnMess_0
Variables	0x501fbc	aMessage_load
Variables	0x501fcc	aFailedOnScr_di
Variables	0x501fe4	aScr_disable
Variables	0x501ff4	aFailedOnInit_o
Variables	0x502014	aInit_options_m
Variables	0x502028	aFailedOnEndgam
Variables	0x50204c	aEndgamedeathen
Variables	0x502068	aGameExit
Variables	0x502074	ib1p1xx1
Variables	0x502080	aIisxxxx1_1
Variables	0x50208c	aErrorCallingSk
Variables	0x5020b8	aDec11199816543
Variables	0x5020d0	editor_msg1
Variables	0x5020dc	aSDDS
Variables	0x5020ec	aErrorCallingSa
Variables	0x502110	aErrorCallingLo
Variables	0x502134	aErrorCalling_0
Variables	0x502158	aErrorCalling_1
Variables	0x50217c	aErrorAttemptTo
Variables	0x5021b4	aErrorAttempt_0
Variables	0x5021ec	var_name
Variables	0x502200	path
Variables	0x502214	rt3
Variables	0x502218	aD_1
Variables	0x502220	aArtIntrfaceHel
Variables	0x50223c	color_pal2
Variables	0x502248	aHashing
Variables	0x502250	aMaster_dat
Variables	0x50225c	master_patches1
Variables	0x50226c	msg
Variables	0x50230c	aCritter_dat
Variables	0x502318	aCritter_patche
Variables	0x502328	aCouldNotFind_0
Variables	0x5023c8	aPatch03d_dat
Variables	0x5023d8	aSplash
Variables	0x5023e0	aEnglish_0
Variables	0x5023e8	aArtSplash
Variables	0x5023f4	aArtSSplash
Variables	0x502404	aSsplashD_rix
Variables	0x502414	rb5
Variables	0x502418	aGame
Variables	0x502420	executable
Variables	0x50242c	aSystem_7
Variables	0x502434	aMaster_dat_0
Variables	0x502440	aMaster_dat_1
Variables	0x50244c	aData
Variables	0x502454	master_patches2
Variables	0x502464	aCritter_dat_0
Variables	0x502470	aCritter_dat_1
Variables	0x50247c	aCritter_patc_0
Variables	0x50248c	aEnglish_1
Variables	0x502494	aLanguage_2
Variables	0x5024a0	aScroll_lock
Variables	0x5024ac	interrupt_walk1
Variables	0x5024bc	art_cache_size1
Variables	0x5024cc	color_cycling1
Variables	0x5024dc	aHashing_0
Variables	0x5024e4	aSplash_0
Variables	0x5024ec	aFree_space
Variables	0x5024f8	game_difficulty
Variables	0x502508	preferences5
Variables	0x502514	aCombat_diffi_1
Variables	0x502528	violence_level
Variables	0x502538	target_highlight
Variables	0x50254c	item_highlight
Variables	0x50255c	combat_looks
Variables	0x50256c	combat_messages
Variables	0x50257c	aCombat_taunt_0
Variables	0x50258c	language_filter1
Variables	0x50259c	running
Variables	0x5025a4	subtitles1
Variables	0x5025b0	combat_speed
Variables	0x5025c0	player_speed
Variables	0x5025d0	text_base_delay
Variables	0x5025e0	text_line_delay
Variables	0x5025f0	brightness
Variables	0x5025fc	mouse_sensitivity1
Variables	0x502610	aInitialize
Variables	0x50261c	sound
Variables	0x502624	aDevice
Variables	0x50262c	aPort
Variables	0x502634	aIrq
Variables	0x502638	aDma
Variables	0x50263c	aSounds
Variables	0x502644	aMusic
Variables	0x50264c	aSpeech
Variables	0x502654	master_volume
Variables	0x502664	music_volume
Variables	0x502674	sndfx_volume
Variables	0x502684	speech_volume
Variables	0x502694	aCache_size
Variables	0x5026a0	aSoundMusic
Variables	0x5026b0	aMusic_path1
Variables	0x5026bc	aMusic_path2
Variables	0x5026c8	aEnvironment
Variables	0x5026d4	mode
Variables	0x5026dc	aDebug
Variables	0x5026e4	aShow_tile_num
Variables	0x5026f4	aShow_script_me
Variables	0x50270c	aShow_load_info
Variables	0x50271c	aOutput_map_dat
Variables	0x502734	mapper
Variables	0x50273c	aOverride_libra
Variables	0x502750	aLibrarian
Variables	0x50275c	aUse_art_not_pr
Variables	0x502770	aRebuild_protos
Variables	0x502780	aFix_map_object
Variables	0x502790	fix_map_inventory
Variables	0x5027a4	aIgnore_rebuild
Variables	0x5027bc	aShow_pid_numbe
Variables	0x5027d0	aSave_text_maps
Variables	0x5027e0	aRun_mapper_as_
Variables	0x5027f4	aDefault_f8_as_
Variables	0x502808	aSort_script_li
Variables	0x50281c	aFallout2_cfg
Variables	0x50282c	ss14
Variables	0x50284c	aSaidGood
Variables	0x502858	aSaidNeutral
Variables	0x502868	aSaidBad
Variables	0x502874	aErrorGdialogen
Variables	0x50289c	aErrorGdialogCa
Variables	0x5028c4	aErrorGdialog_0
Variables	0x5028ec	aGdialogBleep
Variables	0x502900	aCensor
Variables	0x502908	aStartingLipsyn
Variables	0x502924	aEndingLipsynch
Variables	0x50293c	FailureUnloc
Variables	0x50295c	aErrorReplyWind
Variables	0x502980	aErrorSettingOp
Variables	0x502998	aErrorDialogRan
Variables	0x5029bc	aErrorDialogR_0
Variables	0x5029e0	aCS
Variables	0x5029e8	aErrorInitializ
Variables	0x502a0c	aErrorGdialogRe
Variables	0x502a38	s8
Variables	0x502a3c	aGdialogErrorGr
Variables	0x502a64	aGdialogError_0
Variables	0x502a8c	aErrorRanOutOfR
Variables	0x502ab0	aErrorRanOutO_0
Variables	0x502ad4	aErrorRanOutO_1
Variables	0x502af8	aErrorRanOutO_2
Variables	0x502b1c	d
Variables	0x502b20	aErrorDialogEmp
Variables	0x502b50	aErrorDialogE_0
Variables	0x502b80	aErrorDialogE_1
Variables	0x502bb0	aGdialogError_1
Variables	0x502bd8	aErrorDialogE_2
Variables	0x502c08	aGdialogError_2
Variables	0x502c30	c
Variables	0x502c38	aError___canTFi
Variables	0x502c58	aErrorCanTCreat
Variables	0x502c78	ErrorCouldnT
Variables	0x502cb8	FailureUnlocki
Variables	0x502cd8	aFailure
Variables	0x502ce4	s9
Variables	0x502ce8	aErrorNoAvailab
Variables	0x502d1c	aChoosingFidget
Variables	0x502d3c	aWaitingForFidg
Variables	0x502d60	aStartingTransi
Variables	0x502d78	aErrorUnlocking
Variables	0x502da8	aErrorLockingTr
Variables	0x502dc8	aErrorUnlocki_0
Variables	0x502de8	aFinishedTransi
Variables	0x502e00	aErrorDemo_copy
Variables	0x502e28	aErrorDemo_co_0
Variables	0x502e50	aErrorDemo_co_1
Variables	0x502e7c	aErrorDemo_co_2
Variables	0x502eb8	aErrorDemo_co_3
Variables	0x502ee8	aErrorDemo_co_4
Variables	0x502f10	aErrorDemo_co_5
Variables	0x502f3c	aErrorDemo_co_6
Variables	0x502f68	aErrorDemo_co_7
Variables	0x502fa8	aErrorDemo_co_8
Variables	0x502fd8	aErrorGdialogre
Variables	0x50300c	aErrorGdialog_1
Variables	0x50303c	aErrorGdialog_2
Variables	0x503084	aErrorGdialog_3
Variables	0x5030bc	aErrorGdialog_4
Variables	0x503100	aErrorGdialog_5
Variables	0x503144	aDialogueReacti
Variables	0x503158	s10
Variables	0x50315c	aErrorDisplay_m
Variables	0x503180	aDD_0
Variables	0x503188	aDD_1
Variables	0x503190	aD_3
Variables	0x503194	aErrorGdialog_6
Variables	0x5031bc	aGameCustom_msg
Variables	0x5031cc	aBurstD
Variables	0x5031d8	aErrorGdialog_7
Variables	0x503200	aErrorLockingBa
Variables	0x503228	aErrorGettingBa
Variables	0x503258	aErrorGettingHe
Variables	0x503280	aGmemory_c
Variables	0x50328c	d3
Variables	0x503290	c1
Variables	0x503294	combat_looks1
Variables	0x5032a4	preferences6
Variables	0x5032b0	d4
Variables	0x5032b8	c2
Variables	0x5032c0	running1
Variables	0x5032c8	aIaccuxx1
Variables	0x5032d4	item_highlight1
Variables	0x5032e4	executable1
Variables	0x5032f0	system7
Variables	0x5032f8	mapper1
Variables	0x503300	aIplogo_mve
Variables	0x50330c	aIntro_mve
Variables	0x503318	aElder_mve
Variables	0x503324	aVsuit_mve
Variables	0x503330	aAfailed_mve
Variables	0x50333c	aAdestroy_mve
Variables	0x50334c	aCar_mve
Variables	0x503354	aCartucci_mve
Variables	0x503364	aTimeout_mve
Variables	0x503370	aTanker_mve
Variables	0x50337c	aEnclave_mve
Variables	0x503388	aDerrick_mve
Variables	0x503394	aArtimer1_mve
Variables	0x5033a4	aArtimer2_mve
Variables	0x5033b4	aArtimer3_mve
Variables	0x5033c4	aArtimer4_mve
Variables	0x5033d4	aCredits_mve
Variables	0x5033e0	aArtCutsIntrosu
Variables	0x5033f8	aArtCutsEldersu
Variables	0x503410	aArtCutsArtmrsu
Variables	0x503428	aArtCutsCrdtssu
Variables	0x503440	aPlayingMovieS
Variables	0x503454	language2
Variables	0x503460	system8
Variables	0x503468	aGmovie_playErr
Variables	0x5034a0	english1
Variables	0x5034a8	aArtSCutsS
Variables	0x5034b8	aArtCutsS
Variables	0x5034c4	aGmovie_playE_0
Variables	0x5034f0	subtitles2
Variables	0x5034fc	preferences7
Variables	0x503508	aArtCutsSubtitl
Variables	0x503520	color_pal3
Variables	0x503530	aTextSCutsS
Variables	0x503540	a_sve
Variables	0x503548	rb6
Variables	0x50354c	aGraphlibErrorA
Variables	0x503580	aGraphlibErro_0
Variables	0x5035bc	aSoundSfx
Variables	0x5035c8	aSoundMusic_0
Variables	0x5035d8	aSoundSpeech_0
Variables	0x5035e8	aTryingToInitia
Variables	0x50360c	aInitialize_0
Variables	0x503618	sound1
Variables	0x503620	aDebug_0
Variables	0x503628	aInitializingSo
Variables	0x503648	config_id_str
Variables	0x503654	aMusic_path2_0
Variables	0x503660	aMusicPathsWayT
Variables	0x50367c	aFailed
Variables	0x503688	aPort_0
Variables	0x503690	aIrq_0
Variables	0x503694	aDma_0
Variables	0x503698	aSuccess_
Variables	0x5036a4	aCache_size_0
Variables	0x5036b0	aConfigFileNeed
Variables	0x5036e8	aCache_sizeLine
Variables	0x503724	aCache_sizeToTh
Variables	0x503760	aUnableToInitia
Variables	0x50378c	aFailureSetting
Variables	0x5037b0	aSounds_0
Variables	0x5037b8	aSoundsAre
Variables	0x5037c4	aNot
Variables	0x5037cc	aOn_
Variables	0x5037d4	aMusic_0
Variables	0x5037dc	aMusicIs
Variables	0x5037e8	aSpeech_0
Variables	0x5037f0	aSpeechIs
Variables	0x5037fc	master_volume1
Variables	0x50380c	music_volume1
Variables	0x50381c	sndfx_volume1
Variables	0x50382c	speech_volume1
Variables	0x503840	aResettingSound
Variables	0x50385c	aDone_
Variables	0x503868	aRequestedMaste
Variables	0x503890	ErrorSetting
Variables	0x5038b8	aErrorSettingSf
Variables	0x5038d8	aRequestedBackg
Variables	0x503908	a_acm
Variables	0x503910	aLoadingBackgro
Variables	0x503938	FailedBecaus_2
Variables	0x503968	FailedBecaus_3
Variables	0x5039a4	FailedBecaus_4
Variables	0x5039d4	FailedBecaus_5
Variables	0x503a04	FailedBecaus_6
Variables	0x503a30	Soundsetcall_1
Variables	0x503a60	aUnableToSetRea
Variables	0x503a7c	FailedOnCall_0
Variables	0x503a9c	aFailedStarting
Variables	0x503ab8	aSucceeded_
Variables	0x503ac4	aBackgroundRest
Variables	0x503ae0	aRequestedSpeec
Variables	0x503b0c	aLoadingSpeechS
Variables	0x503b30	FailedBecauseS
Variables	0x503b60	FailedBecauseF
Variables	0x503b9c	FailedBecauseT
Variables	0x503bcc	FailedBecauseL
Variables	0x503bf8	Soundsetcallba
Variables	0x503c24	FailedOnCallTo
Variables	0x503c44	aLoadingSoundFi
Variables	0x503c60	FailedBecaus_0
Variables	0x503c98	SSS_0
Variables	0x503ca0	aShCxxxxSS
Variables	0x503cb0	aTyringS
Variables	0x503cbc	aSucceededWithA
Variables	0x503cd8	aShmxxxxSS
Variables	0x503ce8	aSucceededWithM
Variables	0x503d08	aSmamtntSS
Variables	0x503d18	aTryingS
Variables	0x503d24	aFailed_
Variables	0x503d30	aTryingToManual
Variables	0x503d78	aUnableToDelete
Variables	0x503dc8	aSCC
Variables	0x503dd0	aA6s1d
Variables	0x503dd8	aN6s1d
Variables	0x503de0	aWCC1dCxx1d
Variables	0x503df0	aSCC4s1d
Variables	0x503dfc	aSCdoorsC
Variables	0x503e08	aICcntnrC
Variables	0x503e14	Ib1p1xx1_7
Variables	0x503e20	Ib1lu1x1_0
Variables	0x503e2c	aToggle
Variables	0x503e34	Ib2p1xx1_1
Variables	0x503e40	Ib2lu1x1_1
Variables	0x503e4c	Ib3p1xx1_1
Variables	0x503e58	Ib3lu1x1_0
Variables	0x503e64	Rb_21
Variables	0x503e68	FullBackgrou_0
Variables	0x503e88	aFindingBackgro
Variables	0x503ea4	aByCopy
Variables	0x503eb0	aUnableToFindMu
Variables	0x503edc	Wb_0
Variables	0x503ee0	aUnableToOpenMu
Variables	0x503f10	aOutOfMemoryInG
Variables	0x503f44	aBackgroundSoun
Variables	0x503f74	aLikelyOutOfDis
Variables	0x503f90	FullBackgrou_1
Variables	0x503fb0	aIn2ndPath
Variables	0x503fc0	aFindFailed
Variables	0x503fd0	FullBackground
Variables	0x503ff0	aFindingSpeechS
Variables	0x504008	aDeletingOldMus
Variables	0x50402c	aPlaying
Variables	0x504038	aUnableToPlayBa
Variables	0x504060	aUnableToPlaySp
Variables	0x504084	OutOfMemoryI_1
Variables	0x5040b4	aConfig_set_str
Variables	0x5040e4	aConfig_get_str
Variables	0x504114	aWarningDActive
Variables	0x504134	aCanTAllocateSo
Variables	0x504158	aSoundallocateR
Variables	0x504178	aCanTSetFileIoO
Variables	0x50419c	aSoundsetfileio
Variables	0x5041c0	FailedBecaus_1
Variables	0x5041f0	aSoundsetcall_0
Variables	0x504214	aGsound_setup_p
Variables	0x504238	aGsoundPlayingA
Variables	0x504260	aGsoundPlayin_0
Variables	0x504290	Rb_16
Variables	0x504294	Wb_6
Variables	0x504298	aHeapErrorUnkno
Variables	0x5042cc	aHeapErrorCould
Variables	0x504304	aHeapWarningCou
Variables	0x50433c	aHeapErrorBadGu
Variables	0x504378	aHeapErrorBad_0
Variables	0x5043b0	aHeapErrorMisma
Variables	0x5043f4	aHeapErrorUnk_0
Variables	0x50442c	aHeapErrorAttem
Variables	0x504460	aHeapErrorCou_0
Variables	0x50448c	aHeapErrorBad_1
Variables	0x5044c0	aHeapErrorBad_2
Variables	0x5044f4	aHeapErrorMis_0
Variables	0x504530	aHeapErrorUnk_1
Variables	0x504560	aHeapErrorAtt_0
Variables	0x504598	aHeapErrorCou_1
Variables	0x5045bc	aHeapErrorBad_3
Variables	0x5045f4	aHeapErrorBad_4
Variables	0x504628	aHeapErrorMis_1
Variables	0x504668	aHeapErrorAtt_1
Variables	0x5046a4	aHeapErrorCou_2
Variables	0x5046cc	aValidatingHeap
Variables	0x5046e0	aBadGuardBeginD
Variables	0x50470c	aBadGuardEndDet
Variables	0x504738	aRanOffEndOfHea
Variables	0x504760	InvalidNumbe_0
Variables	0x504780	aInvalidSizeOfF
Variables	0x5047a0	InvalidNumbe_1
Variables	0x5047c4	aInvalidSizeOfM
Variables	0x5047e8	InvalidNumbe_2
Variables	0x50480c	aInvalidSizeOfL
Variables	0x50482c	aHeapIsO_k_
Variables	0x50483c	aBadGuardBegi_0
Variables	0x504878	aBadGuardEndD_0
Variables	0x5048b4	InvalidNumbe_3
Variables	0x5048d8	aInvalidSizeOfS
Variables	0x5048f8	aHeapTotalFreeB
Variables	0x5049dc	aHeapErrorCou_4
Variables	0x504a08	aHeapErrorCou_3
Variables	0x504a34	S1
Variables	0x504a3c	aAllocatingBloc
Variables	0x504a64	aFatalErrorInte
Variables	0x504aa8	aCouldnTBuildMo
Variables	0x504acc	aUnimped
Variables	0x504ad4	aObjIsNull
Variables	0x504ae0	aCanTMatchProgr
Variables	0x504afc	aFollows
Variables	0x504b04	Error_0
Variables	0x504b0c	aCritter
Variables	0x504b18	ScriptErrorS_7
Variables	0x504b34	aScriptErrorSIn
Variables	0x504b68	ScriptErrorSOp
Variables	0x504ba4	ScriptErrorS_0
Variables	0x504bd0	ScriptErrorS_1
Variables	0x504bfc	ScriptErrorS_2
Variables	0x504c30	ScriptErrorS_3
Variables	0x504c6c	ScriptErrorS_4
Variables	0x504cac	ScriptErrorS_5
Variables	0x504ce4	aOverride_map_s
Variables	0x504d08	aErrorSObj_set_
Variables	0x504d44	aErrorSObj_move
Variables	0x504d80	aErrorSObj_mo_0
Variables	0x504db4	ScriptErrorS_6
Variables	0x504de4	name
Variables	0x504df0	aScriptErrorS_8
Variables	0x504e20	aScriptErrorS_9
Variables	0x504e54	aRoll_vs_skill
Variables	0x504e64	aScriptError_10
Variables	0x504e98	aSkill_contest
Variables	0x504ea8	aScriptError_11
Variables	0x504ed8	aScriptError_12
Variables	0x504f0c	aDo_check
Variables	0x504f18	aScriptError_13
Variables	0x504f44	aScriptError_14
Variables	0x504f70	aScriptError_15
Variables	0x504f9c	aHow_much
Variables	0x504fa8	aScriptError_16
Variables	0x504fdc	aScriptError_17
Variables	0x505014	aScriptError_18
Variables	0x505040	aScriptError_19
Variables	0x505070	aRoll_dice
Variables	0x50507c	aScriptError_20
Variables	0x5050a8	aMove_to
Variables	0x5050b0	aScriptError_21
Variables	0x5050e4	ErrorAttempt_2
Variables	0x505120	ErrorAttempt_3
Variables	0x505158	aScriptError_22
Variables	0x505188	aDestroy_object
Variables	0x505198	ErrorAttempt_4
Variables	0x5051d4	aScriptError_23
Variables	0x505204	Show_script__1
Variables	0x50521c	Debug_2
Variables	0x505228	aScript_overrid
Variables	0x50523c	aScriptError_24
Variables	0x505274	aObj_is_carryin
Variables	0x50528c	aScriptError_25
Variables	0x5052c8	aSource_obj
Variables	0x5052d4	aTarget_obj
Variables	0x5052e0	aObj_being_used
Variables	0x5052f4	aScriptError_26
Variables	0x505324	aScriptError_27
Variables	0x505358	aScriptError_28
Variables	0x505384	aScriptError_29
Variables	0x5053b4	aScriptError_30
Variables	0x5053e4	aScriptError_31
Variables	0x50541c	aScriptError_32
Variables	0x505450	aScriptError_33
Variables	0x50548c	aScript_action
Variables	0x50549c	aScriptError_34
Variables	0x5054cc	aScriptError_35
Variables	0x505500	aScriptError_36
Variables	0x505538	aGet_critter_st
Variables	0x50554c	aScriptError_37
Variables	0x505584	aSet_critter_st
Variables	0x505598	aCanTModifyAnyo
Variables	0x5055c0	aScriptError_38
Variables	0x5055f4	aAnimate_stand_
Variables	0x505608	aScriptError_39
Variables	0x50563c	aAnimate_stan_0
Variables	0x505658	aScriptError_40
Variables	0x505698	aAnimate_move_o
Variables	0x5056b4	aScriptError_41
Variables	0x5056ec	aScriptError_42
Variables	0x505720	aScriptError_43
Variables	0x505758	aTile_distance_
Variables	0x50576c	aPassedATileIns
Variables	0x5057a0	aScriptError_44
Variables	0x5057cc	aTile_num
Variables	0x5057d8	aScriptError_45
Variables	0x505814	aErrorSOp_tile_
Variables	0x505844	aTile_num_in_di
Variables	0x50585c	aRotationOutOfR
Variables	0x505874	aTilenumIs1
Variables	0x505884	aScriptError_46
Variables	0x5058b0	aPickup_obj
Variables	0x5058bc	aScriptError_47
Variables	0x5058e8	aDrop_obj
Variables	0x5058f4	aScriptError_48
Variables	0x50592c	aAdd_obj_to_inv
Variables	0x505940	aItemWasAlready
Variables	0x505970	aScriptError_49
Variables	0x5059a8	aScriptError_50
Variables	0x5059e0	aWield_obj_crit
Variables	0x5059f4	Inven_wieldF_0
Variables	0x505a20	aOnlyWorksForCr
Variables	0x505a50	aScriptError_51
Variables	0x505a7c	aUse_obj
Variables	0x505a84	aScriptError_52
Variables	0x505ab8	aObj_can_see_ob
Variables	0x505ac8	aScriptError_53
Variables	0x505af4	aAttack
Variables	0x505afc	aButIsAlreadyIn
Variables	0x505b34	aButTargetIsAlr
Variables	0x505b60	aButTargetIsAfr
Variables	0x505b7c	aScriptError_54
Variables	0x505bb0	aStart_gdialog
Variables	0x505bc0	aScriptError_55
Variables	0x505bf4	aScriptError_56
Variables	0x505c24	aScriptError_57
Variables	0x505c58	aScriptError_58
Variables	0x505c8c	aSet_map_musicD
Variables	0x505ca4	aScriptError_59
Variables	0x505cdc	aSet_obj_visibi
Variables	0x505cf0	ErrorAttempt_5
Variables	0x505d30	aScriptError_60
Variables	0x505d5c	aScriptError_61
Variables	0x505d88	aScriptError_62
Variables	0x505dbc	aWm_area_set_po
Variables	0x505dcc	aInvalidParamet
Variables	0x505de0	aScriptError_63
Variables	0x505e14	aScriptError_64
Variables	0x505e40	aAnim_busy
Variables	0x505e4c	aScriptError_65
Variables	0x505e80	aScriptError_66
Variables	0x505eb4	aScriptError_67
Variables	0x505ee0	aElevation
Variables	0x505eec	aScriptError_68
Variables	0x505f20	aKill_critter
Variables	0x505f30	ErrorAttempt_6
Variables	0x505f6c	Violence_lev_3
Variables	0x505f7c	Preferences_14
Variables	0x505f88	aScriptError_69
Variables	0x505fc0	ErrorAttempt_7
Variables	0x505ffc	aKill_critter_t
Variables	0x506010	aInfiniteLoopDe
Variables	0x506034	aScriptError_70
Variables	0x506068	aCritter_damage
Variables	0x506078	aCanTCallOnNonC
Variables	0x506098	aScriptError_71
Variables	0x5060cc	aScriptError_72
Variables	0x506104	aScriptError_73
Variables	0x506134	aScriptError_74
Variables	0x50616c	aScriptError_75
Variables	0x506198	aScriptError_76
Variables	0x5061c8	aHas_trait
Variables	0x5061d4	aScriptError_77
Variables	0x506208	aScriptError_78
Variables	0x50623c	aScriptError_79
Variables	0x506270	aScriptError_80
Variables	0x5062a8	aFixed_param
Variables	0x5062b4	aScriptError_81
Variables	0x5062e8	aAction_being_u
Variables	0x5062fc	aScriptError_82
Variables	0x50632c	aCritter_state
Variables	0x50633c	aScriptError_83
Variables	0x506370	aScriptError_84
Variables	0x5063a4	aRadiation_inc
Variables	0x5063b4	aScriptError_85
Variables	0x5063e8	aRadiation_dec
Variables	0x5063f8	aScriptError_86
Variables	0x506438	aCritter_attemp
Variables	0x506454	aScriptError_87
Variables	0x506480	aObj_pid
Variables	0x506488	aScriptError_88
Variables	0x5064c0	aCritter_add_tr
Variables	0x5064d4	aIntextraCritte
Variables	0x506508	aScriptError_89
Variables	0x506548	aPerkD
Variables	0x506554	aScriptError_90
Variables	0x50658c	aScriptError_91
Variables	0x5065c8	aScriptError_92
Variables	0x506600	aCritter_rm_tra
Variables	0x506614	aScriptErrorOp_
Variables	0x506648	aScriptError_93
Variables	0x506684	aScriptError_94
Variables	0x5066b4	aScriptError_95
Variables	0x5066e4	aErrorNoMessage
Variables	0x506718	aScriptError_96
Variables	0x506750	aCritter_inven_
Variables	0x506764	aNotACritter
Variables	0x506778	aScriptErrorSEr
Variables	0x5067b8	aScriptError_97
Variables	0x5067f0	aObj_set_light_
Variables	0x506804	aScriptError_98
Variables	0x506834	aAnim
Variables	0x50686c	aFloat_msg
Variables	0x5068a8	aIntextraErrorM
Variables	0x5068d4	Language_fil_4
Variables	0x5068e4	aMetaruleW_dama
Variables	0x5068fc	aNotAWeapon
Variables	0x5069a4	aObj_carrying_p
Variables	0x506a28	aReg_anim_anima
Variables	0x506a7c	aReg_anim_ani_0
Variables	0x506ad8	aReg_anim_obj_m
Variables	0x506b30	aReg_anim_obj_r
Variables	0x506b88	aReg_anim_obj_0
Variables	0x506be4	aReg_anim_obj_1
Variables	0x506c30	aErrorPlayingMo
Variables	0x506cf4	aErrorExplosion
Variables	0x506d18	aErrorStartingD
Variables	0x506df0	aInvalidArg3ToS
Variables	0x506ed4	aInvalidArg4ToS
Variables	0x506f1c	aPoison
Variables	0x506f24	aScriptErrorPoi
Variables	0x506f78	aScriptErrorGet
Variables	0x506fac	aGet_poison
Variables	0x506fe4	aParty_add
Variables	0x507020	aParty_remove
Variables	0x507070	aReg_anim_ani_1
Variables	0x5070c0	aCritter_injure
Variables	0x507100	aScriptErrorGdi
Variables	0x507128	Game_difficu_3
Variables	0x507138	aRunning_burnin
Variables	0x50717c	aObj_is_locked
Variables	0x5071b8	aObj_lock
Variables	0x5071f0	aObj_unlock
Variables	0x50722c	aObj_is_open
Variables	0x507264	aObj_open
Variables	0x50729c	aObj_close
Variables	0x5072d4	aGfade_out
Variables	0x50730c	aGfade_in
Variables	0x50734c	aItem_caps_tota
Variables	0x507394	aItem_caps_adju
Variables	0x5073e0	aAnim_action_fr
Variables	0x507464	aReg_anim_play_
Variables	0x507478	aCanTMatchStrin
Variables	0x5074c8	aCritter_mod_sk
Variables	0x5074dc	aCanTModifyAn_0
Variables	0x50753c	aSfx_build_char
Variables	0x5076ac	aSfx_build_open
Variables	0x5076f4	aButIsAlreadyDe
Variables	0x50771c	aButTargetIsA_0
Variables	0x5077b4	aUse_obj_on_obj
Variables	0x507800	aMove_obj_inven
Variables	0x507848	aObj_art_fid
Variables	0x507950	Combat_diffi_3
Variables	0x507994	aObj_on_screen
Variables	0x5079d8	aCritter_is_fle
Variables	0x507a28	aCritter_set_fl
Variables	0x507aa4	aCritter_stop_a
Variables	0x507b24	aObj_name
Variables	0x507b78	aIciboxx1
Variables	0x507b84	aIcibcxx1
Variables	0x507b90	aIcombat2
Variables	0x507b9c	aIcombat1
Variables	0x507ba8	aIntrface_msg
Variables	0x507bb8	SS_6
Variables	0x507bc0	aIntrfaceErrorI
Variables	0x507bf0	aIntrfaceErro_0
Variables	0x507c2c	aIntrfaceErro_1
Variables	0x507c68	aIntrfaceNoFree
Variables	0x507c8c	aInvalidTypeGiv
Variables	0x507cb0	aCannotLoad3x3F
Variables	0x507ccc	a__IntIntlib_c
Variables	0x507cdc	aInvalidArg6Giv
Variables	0x507cfc	aInvalidArg5Giv
Variables	0x507d1c	aInvalidArg4Giv
Variables	0x507d3c	InvalidArg3G_0
Variables	0x507d5c	InvalidArg2G_0
Variables	0x507d7c	aInvalidArg1Giv
Variables	0x507d9c	aErrorFormattin
Variables	0x507db8	S_18
Variables	0x507dbc	D_12
Variables	0x507dc0	a_5f
Variables	0x507dc8	aErrorInvalidAr
Variables	0x507df8	aErrorInvalid_0
Variables	0x507e28	aErrorInvalid_1
Variables	0x507e4c	aErrorInvalid_2
Variables	0x507e8c	aErrorInvalid_3
Variables	0x507eb8	aErrorInvalid_4
Variables	0x507edc	InvalidArg3Giv
Variables	0x507f0c	InvalidArg2Giv
Variables	0x507f3c	aErrorInPrintre
Variables	0x507f50	aInvalidTypeG_0
Variables	0x507f70	aErrorSelecingW
Variables	0x507f8c	aInvalidTypeG_1
Variables	0x507fac	aInvalidTypeG_2
Variables	0x507fd0	aInvalidTypeG_3
Variables	0x507ff0	aInvalidTypeG_4
Variables	0x508010	aErrorSettingMo
Variables	0x50802c	aInvalidArgGive
Variables	0x50804c	a_mve
Variables	0x508054	aErrorPlaying_0
Variables	0x508068	aInvalidArgGi_0
Variables	0x508088	aInvalidTypeG_5
Variables	0x5080ac	aInvalidArg1G_0
Variables	0x5080d4	InvalidNumberO
Variables	0x508100	aAddregionCallW
Variables	0x508128	aInvalidYValueG
Variables	0x508148	aInvalidXValueG
Variables	0x508168	aInvalidNameGiv
Variables	0x508188	aUnnamedRegions
Variables	0x5081a8	aInvalidProcedu
Variables	0x5081d8	aInvalidProce_0
Variables	0x508208	aInvalidProce_1
Variables	0x508238	aInvalidProce_2
Variables	0x508268	aInvalidNameG_0
Variables	0x50828c	aErrorSettingPr
Variables	0x5082b4	aInvalidProce_3
Variables	0x5082ec	aInvalidProce_4
Variables	0x508324	aInvalidNameG_1
Variables	0x508350	aErrorSettingRi
Variables	0x508384	aCouldnTCreateW
Variables	0x50839c	aCouldnTResizeW
Variables	0x5083b4	aCouldnTScaleWi
Variables	0x5083cc	aErrorDeletingW
Variables	0x5083e8	aErrorStartin_0
Variables	0x508400	ErrorSetting_1
Variables	0x508418	aErrorDuringGot
Variables	0x50844c	ErrorSetting_2
Variables	0x508464	aInvalidArg2ToS
Variables	0x508480	aErrorQuittingO
Variables	0x508498	aSaymsgtimeoutI
Variables	0x5084c4	aInvalidOperand
Variables	0x5084e4	aInvalidArg2G_1
Variables	0x50850c	aInvalidArg1G_1
Variables	0x508534	aErrorSettingFl
Variables	0x508554	aInvalidArg2G_2
Variables	0x50857c	aInvalidArg1G_2
Variables	0x5085a4	ErrorSetting_3
Variables	0x5085c4	aInvalidHeightG
Variables	0x5085e8	aInvalidWidthGi
Variables	0x50860c	aInvalidYGivenT
Variables	0x50862c	aInvalidXGivenT
Variables	0x50864c	aInvalidNameG_2
Variables	0x50866c	aInvalidTextStr
Variables	0x508698	aInvalidNameG_3
Variables	0x5086bc	aErrorSettingTe
Variables	0x5086e0	aInvalidFilenam
Variables	0x508708	aInvalidNameG_4
Variables	0x50872c	aErrorSettingGr
Variables	0x508754	aInvalidProce_5
Variables	0x508784	aInvalidProce_6
Variables	0x5087b4	aInvalidProce_7
Variables	0x5087e4	aInvalidProce_8
Variables	0x508814	aInvalidNameG_5
Variables	0x508838	ErrorSetting_4
Variables	0x508860	aInvalidProce_9
Variables	0x508898	aInvalidProc_10
Variables	0x5088d0	aInvalidNameG_6
Variables	0x5088fc	ErrorSetting_5
Variables	0x508930	aInvalidTypeG_6
Variables	0x508954	aErrorDeletingB
Variables	0x50896c	aInvalidRedValu
Variables	0x508990	aInvalidGreenVa
Variables	0x5089b8	aInvalidBlueVal
Variables	0x5089dc	aInvalidRedVa_0
Variables	0x508a00	aInvalidGreen_0
Variables	0x508a28	aInvalidBlueV_0
Variables	0x508a50	aInvalidArg1G_3
Variables	0x508a70	aInvalidArg2G_3
Variables	0x508a90	aInvalidArg3G_1
Variables	0x508ab0	aInvalidArg4G_0
Variables	0x508ad0	aInvalidArg3G_2
Variables	0x508af4	aInvalidArg2G_4
Variables	0x508b18	aInvalidFilen_0
Variables	0x508b40	aErrorLoadingMo
Variables	0x508b5c	aSetglobalmouse
Variables	0x508b7c	aInvalidTypeG_7
Variables	0x508ba4	aInvalidTypeG_8
Variables	0x508bc8	aInvalidTypeG_9
Variables	0x508bf0	aInvalidType_10
Variables	0x508c14	aInvalidType_11
Variables	0x508c38	aInvalidArg2G_5
Variables	0x508c58	aInvalidArg1G_4
Variables	0x508c78	aKeyOutOfRange
Variables	0x508c8c	aInvalidArg1G_5
Variables	0x508cb0	aInvalidArg1G_6
Variables	0x508cd4	aInvalidArg1G_7
Variables	0x508cf4	aErrorSettingFo
Variables	0x508d08	aInvalidArg1G_8
Variables	0x508d28	ErrorSetting_6
Variables	0x508d44	aInvalidType_12
Variables	0x508d68	ErrorSetting_7
Variables	0x508d84	aInvalidType_13
Variables	0x508dac	ErrorSetting_8
Variables	0x508dc8	aInvalidType_14
Variables	0x508dec	aErrorSettingRe
Variables	0x508e08	aInvalidType_15
Variables	0x508e30	ErrorSetting_9
Variables	0x508e54	aInvalidArg5G_0
Variables	0x508e7c	ErrorSettin_10
Variables	0x508e98	aInvalidArg1G_9
Variables	0x508ec0	ErrorSettin_11
Variables	0x508edc	aInvalidArg1_10
Variables	0x508f04	ErrorSettin_12
Variables	0x508f20	aInvalidArg5G_1
Variables	0x508f48	ErrorSettin_13
Variables	0x508f64	aInvalidArg2G_6
Variables	0x508f88	aInvalidArg1_11
Variables	0x508fac	aErrorSettingDi
Variables	0x508fc8	aInvalidArg4G_1
Variables	0x508fec	aInvalidArg4G_2
Variables	0x509010	aInvalidArg3G_3
Variables	0x509034	aInvalidArg2G_7
Variables	0x509058	aInvalidArg1_12
Variables	0x50907c	aErrorSettingSc
Variables	0x509094	aInvalidArg4G_3
Variables	0x5090b8	aInvalidArg4G_4
Variables	0x5090dc	aInvalidArg3G_4
Variables	0x509104	aInvalidArg2G_8
Variables	0x50912c	aInvalidArg1_13
Variables	0x509154	ErrorSettin_14
Variables	0x509170	aInvalidArg1_14
Variables	0x509198	ErrorSettin_15
Variables	0x5091b8	aErrorRestartin
Variables	0x5091d0	aSound_no_devic
Variables	0x5091e0	aSoundplayError
Variables	0x5091f8	aSound_not_init
Variables	0x509210	aSound_no_sound
Variables	0x509220	aSound_func_not
Variables	0x50923c	aSound_no_buffe
Variables	0x509258	aSound_file_not
Variables	0x509270	aSound_already_
Variables	0x509288	aSound_not_play
Variables	0x50929c	aSound_alread_0
Variables	0x5092b4	aSound_not_paus
Variables	0x5092c8	aSound_invalid_
Variables	0x5092e0	aSound_no_memor
Variables	0x5092f0	aSound_error
Variables	0x5092fc	aInvalidArg2G_9
Variables	0x509320	aInvalidArg1_15
Variables	0x509344	aInvalidArg1_16
Variables	0x509368	aInvalidArg1_17
Variables	0x50938c	aInvalidArg1_18
Variables	0x5093b0	aInvalidArg1_19
Variables	0x5093d4	aInvalidArg1_20
Variables	0x5093f8	aSetoneoptpause
Variables	0x50942c	aCouldnTFindPro
Variables	0x509444	aErrorDuringExe
Variables	0x509464	aNoCurrentScrip
Variables	0x509478	aCurrentScriptS
Variables	0x50949c	Pushshortsta_0
Variables	0x5094bc	Pushshortstack
Variables	0x5094dc	StackUnderfl_0
Variables	0x5094f4	StackUnderflow
Variables	0x50950c	aReferenceCount
Variables	0x50952c	aStringRefWentN
Variables	0x509564	a__IntIntrpret_
Variables	0x509578	Rb_2
Variables	0x50957c	aCouldnTOpenSFo
Variables	0x509598	aWarningReferen
Variables	0x5095d4	aProgramSString
Variables	0x50962c	aMergedStringWo
Variables	0x50965c	aInternalConsis
Variables	0x509690	aInvalidType_16
Variables	0x5096b4	aInvalidType_17
Variables	0x5096d4	aInvalidProc_11
Variables	0x5096fc	aInvalidTimeGiv
Variables	0x509718	aInvalidProc_12
Variables	0x50974c	aInvalidAddress
Variables	0x509778	aInvalidType_18
Variables	0x509794	aInvalidType_19
Variables	0x5097b4	aInvalidProc_13
Variables	0x5097e0	aInvalidType_20
Variables	0x509800	D_13
Variables	0x509804	a_05f
Variables	0x50980c	a_5f_0
Variables	0x509814	aDivisionDivByZ
Variables	0x50982c	aTryingToModWit
Variables	0x509848	aDivisionModByZ
Variables	0x509860	aTryingToModAFl
Variables	0x509878	aInvalidArgGi_1
Variables	0x509898	aInvalidType_21
Variables	0x5098b8	aInvalidAddre_0
Variables	0x5098d8	ExternalProc_3
Variables	0x5098f8	aWrongNumberOfA
Variables	0x509944	aInvalidType_22
Variables	0x509974	aExternalVariab
Variables	0x50999c	aExternalVari_0
Variables	0x5099c4	aErrorExporting
Variables	0x5099e4	aExternalVari_1
Variables	0x509a08	aErrorAlreadyHa
Variables	0x509a30	aInvalidType_23
Variables	0x509a50	aErrorSpawningC
Variables	0x509a68	aErrorAlready_0
Variables	0x509a90	aInvalidType_24
Variables	0x509aac	aCouldnTForkScr
Variables	0x509ac8	aWrongNumberO_0
Variables	0x509af0	aWrongTypeGiven
Variables	0x509b18	aCouldnTFindStr
Variables	0x509b3c	aBadOpcodeXCD_
Variables	0x509b54	aUndefinedOpcod
Variables	0x509b6c	ExternalProc_4
Variables	0x509b90	aWrongNumberO_1
Variables	0x509bb8	aWrongNumberO_2
Variables	0x509be0	aWrongNumberO_3
Variables	0x509c08	ExternalProc_5
Variables	0x509c2c	aWrongNumberO_4
Variables	0x509c54	aWrongNumberO_5
Variables	0x509c7c	ExternalProc_6
Variables	0x509ca0	aWrongNumberO_6
Variables	0x509cc8	aWrongNumberO_7
Variables	0x509cf0	ExternalProc_1
Variables	0x509d14	ExternalProc_2
Variables	0x509d54	ExternalProced
Variables	0x509d78	ExternalProc_0
Variables	0x509db8	aTooManyOpcodes
Variables	0x509dcc	aW
Variables	0x509dd0	D_14
Variables	0x509dd8	S_19
Variables	0x509ddc	Unknown1
Variables	0x509de8	aProgramS
Variables	0x509df4	aFreeSpaceLengt
Variables	0x509e0c	aSizeDRefDStrin
Variables	0x509e2c	aTotalLengthOfH
Variables	0x509e58	aNoStringHeapFo
Variables	0x509e78	aInventry_msg
Variables	0x509e88	SS_22
Variables	0x509e90	aXD
Variables	0x509e94	aIpickup1
Variables	0x509ea0	aIputdown
Variables	0x509eac	D_5
Variables	0x509eb0	D_6
Variables	0x509eb8	aDD_2
Variables	0x509ec0	aDD_3
Variables	0x509ec8	aSDDSD
Variables	0x509edc	SDD_0
Variables	0x509ee8	aSDDS_0
Variables	0x509ef4	SDD_1
Variables	0x509f00	aS1D
Variables	0x509f08	aSD_2
Variables	0x509f10	Inven_wieldFai
Variables	0x509f3c	aErrorInven_dis
Variables	0x509f68	aErrorInven_d_0
Variables	0x509f94	ErrorCouldnT_2
Variables	0x509fb4	D_7
Variables	0x509fbe	_dbl_160
Variables	0x509fc6	_dbl_2_0
Variables	0x509fce	_dbl_100
Variables	0x509fd6	_dbl_0.01
Variables	0x509fe0	aD_0
Variables	0x509fe4	Iisxxxx1_3
Variables	0x509ff0	Ib1p1xx1_4
Variables	0x509ffc	aItem_1
Variables	0x50a004	aItem_msg
Variables	0x50a010	SS_18
Variables	0x50a018	aWarningAttempt
Variables	0x50a050	ErrorPerform_0
Variables	0x50a090	ErrorPerform_w
Variables	0x50a0cc	aErrorTooFewMar
Variables	0x50a0f4	aSoundgetpositi
Variables	0x50a110	aFailedSetOfSta
Variables	0x50a130	aFailedPlay
Variables	0x50a144	aSoundSpeech
Variables	0x50a158	__2
Variables	0x50a15c	Rb_5
Variables	0x50a160	aLoadingOldSave
Variables	0x50a184	aLoadingCurrent
Variables	0x50a1ac	aErrorLipsFileW
Variables	0x50a1d4	aOutOfMemoryInL
Variables	0x50a1f8	aLips_load_file
Variables	0x50a228	aLoadErrorSpeec
Variables	0x50a258	aOutOfMemoryI_0
Variables	0x50a27c	aLips_load_fi_0
Variables	0x50a2a8	aLoadErrorSpe_0
Variables	0x50a2d8	aLoadErrorSpe_1
Variables	0x50a310	aLoadErrorSpe_2
Variables	0x50a340	aLoadErrorSpe_3
Variables	0x50a378	aVoc_0
Variables	0x50a37c	aAcm
Variables	0x50a380	aTxt_0
Variables	0x50a384	aLip_0
Variables	0x50a388	aSSS_S
Variables	0x50a394	aSoundallocateF
Variables	0x50a3c0	aAck
Variables	0x50a3c8	aError
Variables	0x50a3d0	aLips_make_spee
Variables	0x50a400	aSFileProbablyD
Variables	0x50a424	Master_patches
Variables	0x50a434	System
Variables	0x50a43c	LoadsaveErro_7
Variables	0x50a480	Sav_2
Variables	0x50a484	aMaps_0
Variables	0x50a48c	aPro
Variables	0x50a490	aProtoCritters
Variables	0x50a4a0	aProtoItems
Variables	0x50a4b0	LoadsaveErrorR
Variables	0x50a4f4	aSlot
Variables	0x50a4fc	aSavegame
Variables	0x50a508	aSS_2d
Variables	0x50a514	aSave_dat
Variables	0x50a520	Rb
Variables	0x50a524	aLsgame_msg
Variables	0x50a530	SS_3
Variables	0x50a538	Iisxxxx1_0
Variables	0x50a544	aLoadsaveErrorL
Variables	0x50a57c	S_0
Variables	0x50a584	Ib1p1xx1_1
Variables	0x50a590	aLoadsaveErrorG
Variables	0x50a5cc	aLoadsaveErro_0
Variables	0x50a610	aLoadsaveErro_1
Variables	0x50a650	SS_4
Variables	0x50a658	aSSS_2d
Variables	0x50a668	aProto
Variables	0x50a670	aCritters_0
Variables	0x50a67c	aItems
Variables	0x50a684	aLoadsaveWarnin
Variables	0x50a6b4	aLoadsaveSaveNa
Variables	0x50a6d0	Wb
Variables	0x50a6d4	aLoadsaveErrorO
Variables	0x50a70c	aBak
Variables	0x50a710	aLoadsaveErrorW
Variables	0x50a744	aLoadsaveSaveFi
Variables	0x50a778	aLoadsaveSave_0
Variables	0x50a7ac	aLoadsaveErro_2
Variables	0x50a7e4	aLoadsaveSaveFu
Variables	0x50a820	aLoadsaveTotalS
Variables	0x50a850	ErrorCouldnTFi
Variables	0x50a878	aLoadsaveLoadNa
Variables	0x50a894	aLoadsaveErro_3
Variables	0x50a8d0	aLoadsaveErro_4
Variables	0x50a904	aLoadsaveLoadFi
Variables	0x50a938	aLoadsaveErro_5
Variables	0x50a970	aLoadsaveLoadFu
Variables	0x50a9a8	aLoadsaveLoad_0
Variables	0x50a9e0	aLoadsaveTotalL
Variables	0x50aa0c	aMaps_1
Variables	0x50aa14	S_1
Variables	0x50aa18	aErrorCouldnT_0
Variables	0x50aa40	aFalloutSaveFil
Variables	0x50aa54	Sav
Variables	0x50aa58	aLoadsaveInvali
Variables	0x50aa88	aLoadsaveLoadSl
Variables	0x50aab4	aSS_2dS
Variables	0x50aac4	aLoadsaveErro_6
Variables	0x50aafc	aLoadsaveSave_1
Variables	0x50ab30	aLoadsaveSave_2
Variables	0x50ab5c	aS_2d
Variables	0x50ab70	S_2
Variables	0x50ab7c	S_3
Variables	0x50ab80	S_4
Variables	0x50ab84	a_2dS_4d_4d
Variables	0x50ab98	SS_8
Variables	0x50aba0	aFilenameS
Variables	0x50abb0	aLoadsaveAError
Variables	0x50abe4	aLoadsaveBError
Variables	0x50ac18	aLoadsaveCError
Variables	0x50ac4c	__0
Variables	0x50ac50	aProtoCritter_0
Variables	0x50ac60	aProtoItems_0
Variables	0x50ac6c	SSS_1
Variables	0x50ac78	aSSS_2dSS
Variables	0x50ac8c	aS_S
Variables	0x50ac94	aSSS_2d_0
Variables	0x50aca4	aAutomap_db_0
Variables	0x50acb0	aSSS_2dS
Variables	0x50acc0	aLoadsaveInSlot
Variables	0x50acdc	aLoadsaveReturn
Variables	0x50acf4	aLoadsaveRetu_0
Variables	0x50ad0c	aLoadsaveRetu_1
Variables	0x50ad24	aLoadsaveRetu_2
Variables	0x50ad3c	aLoadsaveRetu_3
Variables	0x50ad54	aLoadsaveRetu_4
Variables	0x50ad6c	aLoadsaveRetu_5
Variables	0x50ad84	aLoadsaveRetu_6
Variables	0x50ad9c	aLoadsaveRetu_7
Variables	0x50adb4	aLoadsaveRetu_8
Variables	0x50adcc	aS_S_0
Variables	0x50add4	SSS_2
Variables	0x50addc	aLoadsaveBackin
Variables	0x50ae08	aLoadsaveDMapFi
Variables	0x50ae2c	aLoadsaveRestor
Variables	0x50ae58	aLoadsaveErasin
Variables	0x50ae80	a07desert
Variables	0x50ae8c	aLanguage_fil_2
Variables	0x50ae9c	Preferences_10
Variables	0x50aea8	Color_pal_0
Variables	0x50aeb4	aErrorRunningLo
Variables	0x50aed8	aMainMenuTimedO
Variables	0x50aef0	Credits_txt
Variables	0x50aefc	aQuotes_txt
Variables	0x50af08	aFalloutIi
Variables	0x50af14	aMaps_map
Variables	0x50af20	aSelectMap
Variables	0x50af2c	aEnterNameForRe
Variables	0x50af68	aPremadeCombat_
Variables	0x50af7c	aSubtitles_2
Variables	0x50af88	aShowdeathS
Variables	0x50af9c	aArtIntrfaceDea
Variables	0x50afb4	aLanguage_3
Variables	0x50afc0	System_9
Variables	0x50afc8	aMainErrorGrabi
Variables	0x50b00c	aEnglish_2
Variables	0x50b014	a_txt
Variables	0x50b01c	aTextSCutsSS
Variables	0x50b030	Rt_2
Variables	0x50b034	aColor_pal_3
Variables	0x50b040	aNmselec1
Variables	0x50b04c	aNmselec0
Variables	0x50b05c	aWin_addFailedI
Variables	0x50b078	aWin_get_bufFai
Variables	0x50b098	aWin_get_rectFa
Variables	0x50b0bc	aArt_initFailed
Variables	0x50b0dc	aArt_init
Variables	0x50b0e8	aTile_initFaile
Variables	0x50b108	aTile_init
Variables	0x50b118	aObj_initFailed
Variables	0x50b138	aObj_init
Variables	0x50b144	aCycle_init
Variables	0x50b154	aIntface_initFa
Variables	0x50b178	aIntface_init
Variables	0x50b188	aExecutable_1
Variables	0x50b194	System_2
Variables	0x50b19c	Mapper_2
Variables	0x50b1a4	aErrorInitingMa
Variables	0x50b1c4	aSmap_msg
Variables	0x50b1d0	aErrorLoadingMa
Variables	0x50b1f0	aErrorExitingMa
Variables	0x50b210	ErrorAttempt_8
Variables	0x50b248	ErrorAttempt_9
Variables	0x50b280	ErrorAttempt_1
Variables	0x50b2b8	aErrorAttemp_10
Variables	0x50b2f0	aErrorRanOutOfM
Variables	0x50b30c	aErrorF2
Variables	0x50b318	aMapsS
Variables	0x50b320	_map_1
Variables	0x50b328	aSelectAMapToLo
Variables	0x50b340	_map
Variables	0x50b348	a_sav
Variables	0x50b350	Rb_0
Variables	0x50b354	aWind2
Variables	0x50b35c	aInvalidFileHan
Variables	0x50b370	aErrorReadingHe
Variables	0x50b388	aInvalidMapVers
Variables	0x50b39c	aErrorAllocatin
Variables	0x50b3bc	aErrorLoadingGl
Variables	0x50b3d8	aErrorAllocat_0
Variables	0x50b3f4	aErrorLoadingLo
Variables	0x50b410	aErrorReadingSc
Variables	0x50b428	aErrorReadingOb
Variables	0x50b440	ErrorSettingMa
Variables	0x50b45c	ErrorSettingTi
Variables	0x50b478	a_map_0
Variables	0x50b480	a_gam
Variables	0x50b488	aMap_global_var
Variables	0x50b49c	aErrorCreatingN
Variables	0x50b4bc	aErrorSettingUp
Variables	0x50b4e0	aSWhileLoadingM
Variables	0x50b4f8	aErrorScr_load_
Variables	0x50b520	aMapLoadingSave
Variables	0x50b53c	aSav_0
Variables	0x50b540	aErrorCritterAg
Variables	0x50b56c	aDestroyingRand
Variables	0x50b590	aSav_1
Variables	0x50b594	aMaps_2
Variables	0x50b59c	aErrorOutOfMemo
Variables	0x50b5b4	aErrorMapAttemp
Variables	0x50b5e4	ErrorCouldnTMa
Variables	0x50b61c	aSaveFileNoExte
Variables	0x50b638	Master_patch_0
Variables	0x50b648	aMaps_3
Variables	0x50b650	aErrorMap_saveM
Variables	0x50b678	Wb_1
Variables	0x50b67c	aUnableToOpenST
Variables	0x50b698	aSSaved_
Variables	0x50b6a4	aErrorSavingScr
Variables	0x50b6c0	aErrorSavingObj
Variables	0x50b6dc	aSaving_savMap_
Variables	0x50b6f4	aNotSavingRando
Variables	0x50b718	aData_0
Variables	0x50b720	S_20
Variables	0x50b724	aSErrorAllocati
Variables	0x50b758	aMalloc
Variables	0x50b760	aFreeFreeOfANul
Variables	0x50b784	aRealloc
Variables	0x50b78c	aCalloc
Variables	0x50b794	aStrdup
Variables	0x50b79c	Error_1
Variables	0x50b7a4	Rt_11
Variables	0x50b7a8	aDataBadwords_t
Variables	0x50b7bc	Language_0
Variables	0x50b7c8	System_4
Variables	0x50b7d0	aText
Variables	0x50b7d8	SSS_4
Variables	0x50b7e4	aWt_1
Variables	0x50b7e8	aCDCCSCCSC
Variables	0x50b7fc	aErrorLoadingAu
Variables	0x50b81c	aErrorLoadingTe
Variables	0x50b838	aErrorParsingNu
Variables	0x50b850	aErrorAddingMes
Variables	0x50b868	aErrorLoadingMe
Variables	0x50b898	aErrorReadingMe
Variables	0x50b8d0	aErrorReading_0
Variables	0x50b8fc	aErrorReading_1
Variables	0x50b930	aStringNotFound
Variables	0x50b960	a@@@@
Variables	0x50b980	aLanguage_fil_1
Variables	0x50b990	Preferences_6
Variables	0x50b99c	a__IntMousemgr_
Variables	0x50b9b0	aMouseCacheOver
Variables	0x50b9cc	aAnimating1ButC
Variables	0x50b9f0	R_0
Variables	0x50b9f4	aMousesetframeC
Variables	0x50ba18	aAnim_0
Variables	0x50ba20	aDF
Variables	0x50ba28	aNotEnoughFrame
Variables	0x50ba54	aBadLineSInS
Variables	0x50ba68	DD_5
Variables	0x50ba70	aMou
Variables	0x50ba74	aCanTFindS
Variables	0x50ba84	aHmCurrentMouse
Variables	0x50bac8	aHmCurrentMou_0
Variables	0x50bb0c	a__IntMovie_c
Variables	0x50bb1c	aFramesDDropped
Variables	0x50bb34	aCouldnTLockMov
Variables	0x50bb58	aRb
Variables	0x50bb5c	aCouldnTFindMov
Variables	0x50bb7c	aOpeningSubtitl
Variables	0x50bb98	R
Variables	0x50bb9c	aCouldnTOpenSub
Variables	0x50bbbc	aSubtitleCouldn
Variables	0x50bbdc	aReadDSubtitles
Variables	0x50bbf0	aDirect
Variables	0x50bbf8	aPlayingAtDD
Variables	0x50bc10	aBuffered
Variables	0x50bc1c	aScaled
Variables	0x50bc24	aNotScaled
Variables	0x50bc30	aRuntoend
Variables	0x50bc3c	aMovieAborted
Variables	0x50bc4c	aMovieError
Variables	0x50bc5c	a_cfg
Variables	0x50bc64	aTotal_effects
Variables	0x50bc74	aInfo
Variables	0x50bc7c	aEffect_frames
Variables	0x50bc8c	aFade_type
Variables	0x50bc98	aIn
Variables	0x50bc9c	aOut
Variables	0x50bca0	aFade_color
Variables	0x50bcac	aFade_steps
Variables	0x50bcb8	aNevs_allocNevs
Variables	0x50bce4	a__IntNevs_c
Variables	0x50bcf4	aNevs_initonceO
Variables	0x50bd14	aNevs_findNevs_
Variables	0x50bd40	aNevs_addcevent
Variables	0x50bd5c	aNevs_cleareven
Variables	0x50bd78	aNevs_signalS
Variables	0x50bd90	aNepPUsedUProgP
Variables	0x50bdbc	aNevs_updateWeH
Variables	0x50bde4	aErrorCanTAddPl
Variables	0x50be0c	Fix_map_invent
Variables	0x50be20	Mapper_0
Variables	0x50be28	Violence_level1
Variables	0x50be38	Preferences_3
Variables	0x50be44	aErrorConnectin
Variables	0x50be68	aErrorLoadingIn
Variables	0x50be84	aErrorObj_loadP
Variables	0x50beb0	aErrorMiscItemP
Variables	0x50bee4	aErrorInvalidOb
Variables	0x50bf08	aErrorObj_load_
Variables	0x50bf3c	OptionMenuEr_1
Variables	0x50bf70	Ib1p1xx1_2
Variables	0x50bf7c	aOptions_msg
Variables	0x50bf88	SS_23
Variables	0x50bf90	aErrorLoadingPa
Variables	0x50bfc0	aErrorOpeningPa
Variables	0x50bfe4	aPreferenceMenu
Variables	0x50c020	Ib3p1xx1
Variables	0x50c02c	Ib3lu1x1
Variables	0x50c038	Ib2p1xx1
Variables	0x50c044	Ib2lu1x1
Variables	0x50c050	aButin1
Variables	0x50c058	aNarratorOption
Variables	0x50c06c	Ib1lu1x1
Variables	0x50c0c0	aOptionMenuInva
Variables	0x50c150	Brightness
Variables	0x50c15c	Preferences_4
Variables	0x50c188	Game_difficult
Variables	0x50c198	Combat_diffi_0
Variables	0x50c1ac	Violence_lev_0
Variables	0x50c1bc	aTarget_highl_0
Variables	0x50c1d0	aCombat_messa_0
Variables	0x50c1e0	aCombat_looks_0
Variables	0x50c1f0	Combat_taunts
Variables	0x50c200	Language_filte
Variables	0x50c210	Running
Variables	0x50c218	Subtitles_0
Variables	0x50c224	aItem_highlig_0
Variables	0x50c234	aCombat_speed_0
Variables	0x50c244	Text_base_dela
Variables	0x50c254	aPlayer_speed_0
Variables	0x50c264	Master_volume
Variables	0x50c274	Sound
Variables	0x50c27c	Music_volume
Variables	0x50c28c	Sndfx_volume
Variables	0x50c29c	Speech_volume
Variables	0x50c2ac	Mouse_sensitiv
Variables	0x50c2c0	Text_line_dela
Variables	0x50c2e8	OptionMenuErro
Variables	0x50c310	aOptionMenuEr_0
Variables	0x50c37c	aFadeTimeIsUFad
Variables	0x50c3b0	aDataParty_txt
Variables	0x50c3c0	aPartyMemberD
Variables	0x50c3d0	aParty_member_p
Variables	0x50c3e4	aArea_attack__0
Variables	0x50c3f8	aAttack_who_0
Variables	0x50c404	aBest_weapon_0
Variables	0x50c410	aChem_use_0
Variables	0x50c41c	aDistance_0
Variables	0x50c428	aRun_away_mod_0
Variables	0x50c438	aDisposition_0
Variables	0x50c444	aLevel_up_every
Variables	0x50c454	aLevel_minimum
Variables	0x50c464	aLevel_pids
Variables	0x50c470	ErrorPartym_13
Variables	0x50c4b8	aPartymemberadd
Variables	0x50c4d4	aPartymemberrem
Variables	0x50c4f4	ErrorPartymemb
Variables	0x50c530	aErrorPartyme_0
Variables	0x50c56c	aPartymemberpre
Variables	0x50c5a8	aErrorPartyme_1
Variables	0x50c5d8	aErrorPartyme_2
Variables	0x50c608	aWarningPartyme
Variables	0x50c664	ErrorPartym_14
Variables	0x50c6a4	aPartymemberrec
Variables	0x50c6c8	aPartyMemberDS
Variables	0x50c6e0	aErrorPartym_15
Variables	0x50c720	ErrorPartyme_3
Variables	0x50c758	aErrorPartyme_4
Variables	0x50c790	aErrorPartyme_5
Variables	0x50c7c8	aCouldnTFindPar
Variables	0x50c804	aErrorPartyme_6
Variables	0x50c840	aErrorPartyme_7
Variables	0x50c874	aErrorPartyme_8
Variables	0x50c8a4	aErrorPartyme_9
Variables	0x50c8d4	aErrorPartym_10
Variables	0x50c904	aErrorPartym_11
Variables	0x50c93c	aErrorPartym_12
Variables	0x50c974	aPartyMembers
Variables	0x50c988	aPmS
Variables	0x50c994	aDestroyingEvil
Variables	0x50c9bc	aErrorRemovingT
Variables	0x50c9ec	aErrorAttemptin
Variables	0x50ca2c	aErrorFailedToF
Variables	0x50ca60	aTotalCritterCo
Variables	0x50ca7c	aPartymemberinc
Variables	0x50ca98	aPmLevelmodDLvl
Variables	0x50cacc	Rb_9
Variables	0x50cad0	a__IntPcx_c
Variables	0x50cae0	aPerk_msg
Variables	0x50caec	SS_24
Variables	0x50caf4	aErrorPerkgetle
Variables	0x50cb30	aErrorPerk_remo
Variables	0x50cb68	aErrorPerk_re_0
Variables	0x50cba0	aPipboy_msg
Variables	0x50cbac	SS_25
Variables	0x50cbb4	aErrorLoadingPi
Variables	0x50cbdc	aErrorOpeningPi
Variables	0x50cc04	aIisxxxx1_4
Variables	0x50cc10	aPipon
Variables	0x50cc18	aShow_script__0
Variables	0x50cc30	aDebug_1
Variables	0x50cc38	aScriptMapUpdat
Variables	0x50cc50	aIb1p1xx1_5
Variables	0x50cc5c	SS_26
Variables	0x50cc64	aD_S
Variables	0x50cc6c	aWordWrapErrorI
Variables	0x50cc90	aEndDisk
Variables	0x50cca0	aPipboy1Holodis
Variables	0x50cccc	aPipboyPrematur
Variables	0x50cd04	aPipboy2Holodis
Variables	0x50cd30	aDSD
Variables	0x50cd3c	aEndPar
Variables	0x50cd48	aSelectedMovieN
Variables	0x50cd74	aIb2lu1x1_0
Variables	0x50cd80	SDD
Variables	0x50cd8c	aPipboyReturnin
Variables	0x50cdb8	aPipboyReturn_0
Variables	0x50cde4	aPipboyReturn_1
Variables	0x50ce44	aHealthAdded
Variables	0x50ce70	aGameQuests_msg
Variables	0x50ce80	Rt_4
Variables	0x50ce84	aDataQuests_txt
Variables	0x50ce94	aDataHolodisk_t
Variables	0x50cea8	aErrorCanTFindM
Variables	0x50cec4	SS_11
Variables	0x50cecc	ErrorCouldnT_1
Variables	0x50ceec	aErrorAddingObj
Variables	0x50cf14	Done_1
Variables	0x50cf1c	aHowManyS?
Variables	0x50cf2c	aNone_4
Variables	0x50cf34	Cancel_0
Variables	0x50cf3c	aProto_0
Variables	0x50cf44	a08d
Variables	0x50cf50	a_lst
Variables	0x50cf58	aAT
Variables	0x50cf5c	aS_pro
Variables	0x50cf64	Rt_7
Variables	0x50cf68	a_pro
Variables	0x50cf70	aNoteReadingPud
Variables	0x50cfa0	aErrorInProto_d
Variables	0x50cfc8	aErrorUnimpDDat
Variables	0x50cffc	aErrorUnimpDD_0
Variables	0x50d030	aErrorUnimpDD_1
Variables	0x50d064	aErrorUnimpDD_2
Variables	0x50d098	aErrorUnimpDD_3
Variables	0x50d0cc	aErrorUnimpDD_4
Variables	0x50d100	aMaster_patch_4
Variables	0x50d110	System_12
Variables	0x50d118	aSProto
Variables	0x50d124	aCritters_1
Variables	0x50d130	aItems_0
Variables	0x50d138	aPremadePlayer_
Variables	0x50d14c	aErrorInitingPr
Variables	0x50d174	a_msg
Variables	0x50d17c	aSpro_4sS
Variables	0x50d188	aErrorLoadingPr
Variables	0x50d1b0	aDrugStatSpecia
Variables	0x50d1c4	aNone_1
Variables	0x50d1cc	aErrorFindingSt
Variables	0x50d1e8	aErrorFindingPe
Variables	0x50d204	aErrorIniting_0
Variables	0x50d230	aSproto_msg
Variables	0x50d23c	ErrorLoading_1
Variables	0x50d268	Wb_7
Variables	0x50d26c	Rb_17
Variables	0x50d270	aErrorCanTFopen
Variables	0x50d290	aErrorProto_fin
Variables	0x50d2c0	aErrorFoundDupl
Variables	0x50d2f4	a__IntRegion_c
Variables	0x50d304	aRegionaddpoint
Variables	0x50d328	aRegiondeleteNu
Variables	0x50d34c	aRegionaddnameN
Variables	0x50d370	aRegiongetnameN
Variables	0x50d394	aNull
Variables	0x50d39c	aRegiongetuserd
Variables	0x50d3c4	aRegionsetuserd
Variables	0x50d3ec	aRandomNumberDI
Variables	0x50d418	aIMadeANegative
Variables	0x50d438	aChiSquaredIsLf
Variables	0x50d460	aWarningSequenc
Variables	0x50d494	aSequenceIsRand
Variables	0x50d4cc	aS_system
Variables	0x50d4d8	aS_spatial
Variables	0x50d4e4	aS_time
Variables	0x50d4ec	aS_item
Variables	0x50d4f4	aS_critter
Variables	0x50d500	aScripts
Variables	0x50d50c	aNo_p_proc
Variables	0x50d518	aStart
Variables	0x50d520	aSpatial_p_proc
Variables	0x50d530	aDescription_p_
Variables	0x50d544	aPickup_p_proc
Variables	0x50d554	aDrop_p_proc
Variables	0x50d560	aUse_p_proc
Variables	0x50d56c	aUse_obj_on_p_p
Variables	0x50d580	aUse_skill_on_p
Variables	0x50d594	aNone_x_bad
Variables	0x50d5a0	aTalk_p_proc
Variables	0x50d5ac	aCritter_p_proc
Variables	0x50d5bc	aCombat_p_proc
Variables	0x50d5cc	aDamage_p_proc
Variables	0x50d5dc	aMap_enter_p_pr
Variables	0x50d5f0	aMap_exit_p_pro
Variables	0x50d600	aCreate_p_proc
Variables	0x50d610	aDestroy_p_proc
Variables	0x50d620	aLook_at_p_proc
Variables	0x50d630	aTimed_event_p_
Variables	0x50d644	aMap_update_p_p
Variables	0x50d658	aPush_p_proc
Variables	0x50d664	aIs_dropping_p_
Variables	0x50d678	aCombat_is_star
Variables	0x50d694	aCombat_is_over
Variables	0x50d6ac	aInvalid
Variables	0x50d6b8	Error_2
Variables	0x50d6c4	aD02d
Variables	0x50d6cc	aQueueProcessMi
Variables	0x50d6e8	aErrorNew_obj_i
Variables	0x50d71c	a_int
Variables	0x50d724	aWarningElevato
Variables	0x50d75c	aWarningEleva_0
Variables	0x50d794	aWarningEleva_1
Variables	0x50d7cc	aErrorScripts_r
Variables	0x50d7fc	aErrorExec_scri
Variables	0x50d82c	aScripts_lst
Variables	0x50d838	aAt
Variables	0x50d83c	a08d_0
Variables	0x50d844	S_int_0
Variables	0x50d84c	Rt_8
Variables	0x50d854	aLocal_vars
Variables	0x50d860	S_int
Variables	0x50d868	aErrorInScr_set
Variables	0x50d8a0	aErrorInScr_s_0
Variables	0x50d8dc	aErrorInScr_s_1
Variables	0x50d918	aErrorInScr_cle
Variables	0x50d954	aErrorInitingSc
Variables	0x50d978	aErrorInScript_
Variables	0x50d998	aScript_msg
Variables	0x50d9a4	SS_12
Variables	0x50d9ac	aErrorLoadingSc
Variables	0x50d9d0	aScriptsGameRes
Variables	0x50d9e8	aErrorExitingSc
Variables	0x50da0c	aErrorInScr_mes
Variables	0x50da28	aErrorScr_ptrCa
Variables	0x50da58	aErrorInMem_rea
Variables	0x50da8c	aErrorRemovingL
Variables	0x50dab8	aErrorRemovin_0
Variables	0x50dae8	aErrorScr_exec_
Variables	0x50db28	aErrorScr_print
Variables	0x50db50	aScriptDebugDum
Variables	0x50db70	aSD_3
Variables	0x50db7c	aMap_usageScrip
Variables	0x50dbb0	aMap_usageScr_0
Variables	0x50dbc8	aSDestScripts
Variables	0x50dbdc	Error_3
Variables	0x50dbe8	aDialogS_msg
Variables	0x50dbf8	aErrorLoading_0
Variables	0x50dc24	aErrorFiltering
Variables	0x50dc54	aErrorMessage_s
Variables	0x50dc8c	aMissingSpeechN
Variables	0x50dca8	aErrorCanTFin_0
Variables	0x50dcd8	aErrorSystemScr
Variables	0x50dd14	S_14
Variables	0x50dd1c	aColor_pal_5
Variables	0x50dd28	aIb2p1xx1_0
Variables	0x50dd34	aS_gcd
Variables	0x50dd3c	aErrorInDudeIni
Variables	0x50dd5c	aS02d
Variables	0x50dd64	S_15
Variables	0x50dd6c	aDD_4
Variables	0x50dd74	D_9
Variables	0x50dd78	D_10
Variables	0x50dd80	aS_bio
Variables	0x50dd88	Rt_5
Variables	0x50dd8c	aSelfrun_sdf
Variables	0x50dd9c	aSelfrun
Variables	0x50dda8	SS_27
Variables	0x50ddb0	a_vcr
Variables	0x50ddb8	a_sdf
Variables	0x50ddc0	aSSS_8
Variables	0x50ddc8	Rb_10
Variables	0x50ddcc	aMaster_patch_5
Variables	0x50dddc	aSystem_14
Variables	0x50dde4	SS_28
Variables	0x50ddec	Wb_4
Variables	0x50ddf0	aDebug_sfxc
Variables	0x50ddfc	aSound_2
Variables	0x50de08	aSSndlist_lst
Variables	0x50de18	aSsndlist_lst
Variables	0x50de28	Rt_6
Variables	0x50de2c	aReadingSndlist
Variables	0x50de54	aWt_0
Variables	0x50de58	D_11
Variables	0x50de5c	S_16
Variables	0x50de60	aSfxlistCanTOpe
Variables	0x50de88	a_snd
Variables	0x50de90	a_acm_0
Variables	0x50de98	Rb_11
Variables	0x50de9c	aSkill_msg
Variables	0x50dea8	SS_29
Variables	0x50deb0	Game_difficu_0
Variables	0x50dec0	Preferences_7
Variables	0x50decc	aErrorLoadingSk
Variables	0x50defc	aIb1p1xx1_6
Variables	0x50df08	aSkilldex_msg
Variables	0x50df18	SS_30
Variables	0x50df20	aSound_cNoError
Variables	0x50df34	aSound_cSosDriv
Variables	0x50df54	aSound_cSosInva
Variables	0x50df74	aSound_cSosDete
Variables	0x50df94	aSound_cSosFail
Variables	0x50dfb4	aSound_cSosMemo
Variables	0x50dfd0	aSound_cSosIn_0
Variables	0x50dff0	aSound_cSosNoDr
Variables	0x50e010	aSound_cSosDe_0
Variables	0x50e030	aSound_cSosDr_0
Variables	0x50e04c	aSound_cSosIn_1
Variables	0x50e068	aSound_cSosNoHa
Variables	0x50e080	aSound_cSosPaus
Variables	0x50e094	aSound_cSosNotP
Variables	0x50e0ac	aSound_cSosIn_2
Variables	0x50e0c8	aSound_cSosDrvF
Variables	0x50e0e4	aSound_cSosIn_3
Variables	0x50e100	aSound_cSosIn_4
Variables	0x50e11c	aSound_cSosIn_5
Variables	0x50e138	aSound_cSosIn_6
Variables	0x50e158	aSound_cNoDevic
Variables	0x50e16c	aSound_cNotInit
Variables	0x50e188	aSound_cNoSound
Variables	0x50e19c	aSound_cFunctio
Variables	0x50e1bc	aSound_cNoBuffe
Variables	0x50e1dc	aSound_cFileNot
Variables	0x50e1f4	aSound_cAlrea_0
Variables	0x50e210	aSound_cNotPlay
Variables	0x50e228	aSound_cAlready
Variables	0x50e240	aSound_cNotPaus
Variables	0x50e254	aSound_cInvalid
Variables	0x50e26c	aSound_cNoMemor
Variables	0x50e28c	aSound_cUnknown
Variables	0x50e2a4	aLockedMemoryRe
Variables	0x50e2f0	aResettingReadb
Variables	0x50e318	aNoLongerAboveR
Variables	0x50e348	aHmNoSecondWrit
Variables	0x50e398	aDserr_allocate
Variables	0x50e3a8	aCreatesoundbuf
Variables	0x50e3bc	SS_31
Variables	0x50e3c4	aDserr_invalidp
Variables	0x50e3d8	aDserr_outofmem
Variables	0x50e3ec	aDserr_unsuppor
Variables	0x50e400	aDserr_badforma
Variables	0x50e410	aDserr_noaggreg
Variables	0x50e424	aDserr_uninitia
Variables	0x50e438	aSoundinitSetti
Variables	0x50e47c	aSoundinitCould
Variables	0x50e4a4	aSetformat
Variables	0x50e4b0	aDserr_invalidc
Variables	0x50e4c4	aDserr_prioleve
Variables	0x50e4dc	aSoundinitPrima
Variables	0x50e528	aSoundinitCou_0
Variables	0x50e550	aSoundinitUsing
Variables	0x50e580	aSoundinitError
Variables	0x50e5b4	aErrorInSoundco
Variables	0x50e5f0	aActualSoundVol
Variables	0x50e664	aSoundpauseallS
Variables	0x50e678	aSoundpausefade
Variables	0x50e690	aStat_msg
Variables	0x50e69c	SS_32
Variables	0x50e6a4	aLevelup
Variables	0x50e6b4	aStrparsestrfro
Variables	0x50e6f4	aStrparsestrf_0
Variables	0x50e734	aText_base_de_0
Variables	0x50e744	Preferences_8
Variables	0x50e750	aText_line_de_0
Variables	0x50e778	aErrorInText_ob
Variables	0x50e79c	aExecutable_2
Variables	0x50e7a8	aSystem_15
Variables	0x50e7b0	aMapper_3
Variables	0x50e7e8	aTrait_msg
Variables	0x50e7f4	SS_33
Variables	0x50e7fc	aTrap_heap_max
Variables	0x50e80c	Debug_4
Variables	0x50e814	aTrappedAStompE
Variables	0x50e82c	aStompCaughtByC
Variables	0x50e850	aOfModuleS_
Variables	0x50e860	aDataStompedWas
Variables	0x50e87c	aAtAddressP_
Variables	0x50e890	aSeeCommentInTr
Variables	0x50e8c0	aIsolatingTheSt
Variables	0x50e8dc	aStomped
Variables	0x50e8e8	StompCaughtB_1
Variables	0x50e90c	aThisIsDuplicat
Variables	0x50e930	aAtAnInternalOf
Variables	0x50e950	aTrapSizeIsD_
Variables	0x50e964	SeeCommentIn_1
Variables	0x50e994	aStompCaughtB_0
Variables	0x50e9b8	aDataStompedW_0
Variables	0x50e9e0	aSeeCommentIn_0
Variables	0x50ea10	aTrap_c
Variables	0x50ea18	aFalloutIiD_02d
Variables	0x50ea2c	a__IntWidget_c
Variables	0x50ea3c	aInvalidInputTy
Variables	0x50ea70	D_2
Variables	0x50ea80	a6_2f
Variables	0x50ea8c	aInvalidOutputT
Variables	0x50eae8	aStatusBarDimen
Variables	0x50eb0c	aAdd
Variables	0x50eb10	aGet
Variables	0x50eb14	aModify
Variables	0x50eb24	a__IntWindow_c
Variables	0x50eb34	aErrorInitial_0
Variables	0x50eb5c	aNotEnoughMemor
Variables	0x50eb88	aCouldnTFindLoa
Variables	0x50eba8	aAttemptToIniti
Variables	0x50ebd4	aWindowSystemNo
Variables	0x50ebf4	aCurrentWindows
Variables	0x50ec24	aErrorInitial_1
Variables	0x50ec4c	aProgramAlready
Variables	0x50ec68	aProgramTitleNo
Variables	0x50ec80	aFailureInitial
Variables	0x50eca8	aUnknownErrorCo
Variables	0x50ecc8	aOff
Variables	0x50eccc	aOn
Variables	0x50ecd0	aNo_0
Variables	0x50ecd4	aYes_0
Variables	0x50ecd8	None_3
Variables	0x50ece0	aRare
Variables	0x50ece8	aUncommon
Variables	0x50ecf4	aCommon
Variables	0x50ecfc	aFrequent
Variables	0x50ed08	aForced
Variables	0x50ed10	aNo_fill
Variables	0x50ed18	aFill_n
Variables	0x50ed20	aFill_s
Variables	0x50ed28	aFill_e
Variables	0x50ed30	aFill_w
Variables	0x50ed38	aFill_nw
Variables	0x50ed40	aFill_ne
Variables	0x50ed48	aFill_sw
Variables	0x50ed50	aFill_se
Variables	0x50ed58	aLight
Variables	0x50ed60	aNormal
Variables	0x50ed68	aHeavy
Variables	0x50ed70	aSmall
Variables	0x50ed78	aMedium
Variables	0x50ed80	aLarge
Variables	0x50ed88	aNothing
Variables	0x50ed90	aAmbush
Variables	0x50ed98	aFighting
Variables	0x50eda4	aAnd
Variables	0x50eda8	__4
Variables	0x50edc0	aOr
Variables	0x50edc4	aSurrounding
Variables	0x50edd0	aStraight_line
Variables	0x50ede0	aDouble_line
Variables	0x50edec	aWedge
Variables	0x50edf4	aCone
Variables	0x50edfc	aHuddle
Variables	0x50ee04	aYouDetectSomet
Variables	0x50ee24	aDoYouWishToEnc
Variables	0x50ee44	aCricket
Variables	0x50ee4c	aCricket1
Variables	0x50ee58	aWorldmap_msg
Variables	0x50ee68	SS_34
Variables	0x50ee70	Wb_5
Variables	0x50ee74	aWorldmap_dat
Variables	0x50ee84	Rb_12
Variables	0x50ee88	aDataWorldmap_t
Variables	0x50ee9c	aData_1
Variables	0x50eea4	aTerrain_types
Variables	0x50eeb4	aEncounterTable
Variables	0x50eec8	aLookup_name
Variables	0x50eed4	aNum_horizontal
Variables	0x50eeec	aTileData
Variables	0x50eef8	aWmconfiginitEr
Variables	0x50ef20	aTileD
Variables	0x50ef28	aArt_idx
Variables	0x50ef30	aWmconfiginit_0
Variables	0x50ef54	aEncounter_diff
Variables	0x50ef6c	aWalk_mask_name
Variables	0x50ef7c	aD_D
Variables	0x50ef84	aWmconfiginit_1
Variables	0x50efa8	aWmconfiginit_2
Variables	0x50efcc	aWmconfiginit_3
Variables	0x50effc	aMaps_4
Variables	0x50f004	aEnc_02d
Variables	0x50f010	aWmconfiginit_4
Variables	0x50f050	sepStr
Variables	0x50f054	matchStr
Variables	0x50f05c	aCounter
Variables	0x50f064	aSpecial
Variables	0x50f06c	aMap
Variables	0x50f074	aScenery
Variables	0x50f080	aIf
Variables	0x50f084	aEnc
Variables	0x50f090	aPlayer
Variables	0x50f098	aEncounterS
Variables	0x50f0a8	aType_00
Variables	0x50f0b0	aWmconfiginit_5
Variables	0x50f0dc	aType_02d
Variables	0x50f0e8	aTeam_num
Variables	0x50f0f4	aPosition
Variables	0x50f100	aSpacing
Variables	0x50f108	aDistance_1
Variables	0x50f114	aRatio
Variables	0x50f11c	aDead
Variables	0x50f124	aPid
Variables	0x50f128	aTilenum
Variables	0x50f130	aItem
Variables	0x50f138	aScript
Variables	0x50f140	aRandomMapsS
Variables	0x50f150	aMap_02d
Variables	0x50f15c	WorldmapErro_0
Variables	0x50f198	WorldmapErro_1
Variables	0x50f1d0	aItem_0
Variables	0x50f1d8	aWielded
Variables	0x50f1e4	aWielded_0
Variables	0x50f1f0	aWorn
Variables	0x50f1f8	aWorn_0
Variables	0x50f204	aRand
Variables	0x50f210	aGlobal
Variables	0x50f218	aPlayerLevel
Variables	0x50f228	aDays_played
Variables	0x50f234	aTime_of_day
Variables	0x50f240	aEnctrNum_critt
Variables	0x50f254	aDataCity_txt
Variables	0x50f264	aArea02d
Variables	0x50f270	aTownmap_art_id
Variables	0x50f280	aWmconfiginit_6
Variables	0x50f2a4	aTownmap_label_
Variables	0x50f2bc	aArea_name
Variables	0x50f2c8	aWmconfiginit_7
Variables	0x50f2ec	aWorld_pos
Variables	0x50f2f8	aWmconfiginit_8
Variables	0x50f31c	aStart_state
Variables	0x50f328	aWmconfiginit_9
Variables	0x50f34c	aLock_state
Variables	0x50f358	aSize
Variables	0x50f360	aWmconfigini_10
Variables	0x50f384	aEntrance_D
Variables	0x50f390	aWmareainitErro
Variables	0x50f3b4	WorldmapErro_2
Variables	0x50f3e8	aDataMaps_txt
Variables	0x50f3f8	aMap03d
Variables	0x50f404	aWmconfigini_11
Variables	0x50f428	aMap_name
Variables	0x50f434	aWmconfigini_12
Variables	0x50f458	aMusic_1
Variables	0x50f460	aAmbient_sfx
Variables	0x50f46c	aWmmapinitError
Variables	0x50f4b4	aSaved
Variables	0x50f4bc	aDead_bodies_ag
Variables	0x50f4cc	aCan_rest_here
Variables	0x50f4dc	aPipboy_active
Variables	0x50f4ec	aRandom_start_p
Variables	0x50f504	aElev
Variables	0x50f50c	aTile_num_0
Variables	0x50f518	aRandom_start_0
Variables	0x50f530	aS_map
Variables	0x50f538	aRanOuttaGas
Variables	0x50f548	Game_difficu_1
Variables	0x50f558	Preferences_9
Variables	0x50f564	aEncounterDiffi
Variables	0x50f584	aWorldmapErrorR
Variables	0x50f5b4	aWorldmapGiving
Variables	0x50f5f8	aErrorWmsetupra
Variables	0x50f630	aWmsetuprandome
Variables	0x50f65c	aWmsetupcritter
Variables	0x50f68c	aErrorWmsetupcr
Variables	0x50f6c0	aErrorWmsetup_0
Variables	0x50f70c	aErrorWmsetup_1
Variables	0x50f740	aWarningEvalTil
Variables	0x50f760	aWmsetuprndnext
Variables	0x50f784	aDataS_msk
Variables	0x50f790	a23world
Variables	0x50f798	a20car
Variables	0x50f7a0	aBrdchir1
Variables	0x50f7ac	aBrdchirp
Variables	0x50f7b8	WorldmapErrorC
Variables	0x50f7e4	aWmsetmapmusicD
Variables	0x50f7fc	aMemory_c
Variables	0x50f808	aSU
Variables	0x50f814	aReallocFailure
Variables	0x50f828	aCurrentMemoryA
Variables	0x50f860	aMaxMemoryAlloc
Variables	0x50f898	aMemoryHeaderSt
Variables	0x50f8b0	aMemoryFooterSt
Variables	0x50f8c8	file
Variables	0x50f8d0	exp
Variables	0x50f8dc	aDe
Variables	0x50f8e0	Rb_3
Variables	0x50f8e4	aBuf
Variables	0x50f8e8	aFormat
Variables	0x50f8f0	SS_13
Variables	0x50f8f8	aDebugactive
Variables	0x50f904	aMono
Variables	0x50f90c	aLog
Variables	0x50f910	aWt_2
Variables	0x50f914	aDebug_log
Variables	0x50f920	aScreen
Variables	0x50f928	aGnw
Variables	0x50f930	aColor_cNoError
Variables	0x50f95c	aColor_cColorTa
Variables	0x50f984	aColor_cColorpa
Variables	0x50f9ac	aColor_cColor_0
Variables	0x50f9d4	aColor_pal_6
Variables	0x50f9e0	DisplayText
Variables	0x50f9e8	aDone_0
Variables	0x50f9f0	aScr_5d_bmp
Variables	0x50f9fc	Rb_18
Variables	0x50fa00	aWb_8
Variables	0x50fa0c	ClassName
Variables	0x50fa18	Wb_11
Variables	0x50fa1c	Rb_23
Variables	0x50fa20	aFontD_fon
Variables	0x50fa2c	Rb_13
Variables	0x50fa30	path_patches
Variables	0x50fa34	aRt_9
Variables	0x50fa38	aDDD
Variables	0x50fa44	Rb_22
Variables	0x50fa50	Done
Variables	0x50fa58	Cancel
Variables	0x50fa60	aYes
Variables	0x50fa64	aNo
Variables	0x50fa68	a2
Variables	0x50fa70	aClose
Variables	0x50fa78	aPleaseEnterANu
Variables	0x50faa4	aD_16
Variables	0x50faa8	a1_1_1
Variables	0x50fab0	aCCCCCCCCCC
Variables	0x50fac8	aFdD
Variables	0x50fad8	aGnw95mutex
Variables	0x50fae4	aGnw95Class
Variables	0x50faf0	Caption
Variables	0x50fb08	Text
Variables	0x50fb50	LibFileName
Variables	0x50fb5c	ProcName
Variables	0x50fb70	aDinput_dll
Variables	0x50fb7c	aDirectinputcre
Variables	0x50fb90	aDsound_dll
Variables	0x50fb9c	aDirectsoundcre
Variables	0x50fbb0	aCouldNotLoadDi
Variables	0x50fbc8	aThisProgramR_0
Variables	0x50fc40	aXfile_c
Variables	0x50fc48	aStream
Variables	0x50fc50	aFilename_0
Variables	0x50fc5c	Mode
Variables	0x50fc64	SS_14
Variables	0x50fc6c	aBuf_0
Variables	0x50fc70	aFormat_0
Variables	0x50fc78	S_6
Variables	0x50fc7c	aN
Variables	0x50fc80	aPtr
Variables	0x50fc88	aEnumfunc
Variables	0x50fc94	aPath
Variables	0x50fc9c	aFilespec
Variables	0x50fca8	__11
Variables	0x50fcac	a__
Variables	0x50fcb0	aList
Variables	0x50fcb8	aAssertionFaile
Variables	0x50fce4	v1_1_1_1
Variables	0x50fced	a_1_1
Variables	0x50fcf4	aUnknownCompres
Variables	0x50fd10	aInvalidWindowS
Variables	0x50fd24	aIncorrectHeade
Variables	0x50fd3c	aNeedDictionary
Variables	0x50fd4c	aNeedDictiona_0
Variables	0x50fd5c	aStreamEnd
Variables	0x50fd6c	aFileError
Variables	0x50fd78	aStreamError
Variables	0x50fd88	aDataError
Variables	0x50fd94	aInsufficientMe
Variables	0x50fda8	aBufferError
Variables	0x50fdb8	aIncompatibleVe
Variables	0x50fdd0	v1_1_1_2
Variables	0x50fddc	aReadFrom
Variables	0x50fde6	aWritten
Variables	0x50fdee	aTheInstruction
Variables	0x50fe3d	aAnPrivilegedIn
Variables	0x50fe75	aAnIllegalInstr
Variables	0x50feaa	aAnIntegerDivid
Variables	0x50fee5	aAStackOverflow
Variables	0x50ff17	aTheProgramEnco
Variables	0x50ff5e	aUser32_dll
Variables	0x50ff69	aMessageboxexa
Variables	0x50ff77	aApplicationErr
Variables	0x50ff8b	aClickOnOkToTer
Variables	0x50ffb8	aWb_10
Variables	0x50ffbc	aDfile_c
Variables	0x50ffc4	aFilename_1
Variables	0x50ffd0	Rb_4
Variables	0x50ffd4	aDbase
Variables	0x50ffdc	aStream_0
Variables	0x50ffe4	aMode_0
Variables	0x50ffec	aBuf_1
Variables	0x50fff0	aFormat_1
Variables	0x50fff8	S_7
Variables	0x50fffc	aN_0
Variables	0x510000	aPtr_0
Variables	0x510004	aPos
Variables	0x510008	a1_1_1_0
Variables	0x510010	aAbnormalTermin
Variables	0x510028	aInvalidBlockTy
Variables	0x51003c	aInvalidStoredB
Variables	0x51005c	aTooManyLengthO
Variables	0x510080	aInvalidBitLeng
Variables	0x51009c	FileName
Variables	0x5100a3	aConout
Variables	0x5100b4	aAcos
Variables	0x5100b9	aAsin
Variables	0x5100be	aSqrt
Variables	0x5100c3	aExp
Variables	0x5100c7	aCosh
Variables	0x5100cc	aSinh
Variables	0x5100d1	aPow
Variables	0x5100d5	aAcosh
Variables	0x5100db	aLog2
Variables	0x5100e0	aLog_0
Variables	0x5100e4	aLog10
Variables	0x5100ea	aAtanh
Variables	0x5100f0	aAtan2
Variables	0x5100f6	aIpow
Variables	0x5100fb	aDpowi
Variables	0x510101	aCos
Variables	0x510105	aSin
Variables	0x510109	aTan
Variables	0x51010d	aY0
Variables	0x510110	aY1
Variables	0x510113	aYn
Variables	0x510116	aMod
Variables	0x51011a	aCotan
Variables	0x510124	aInvalidLiteral
Variables	0x510140	aInvalidDistanc
Variables	0x510158	aOversubscribed
Variables	0x510180	aIncompleteDyna
Variables	0x5101a4	aOversubscrib_0
Variables	0x5101c8	aIncompleteLite
Variables	0x5101e8	aOversubscrib_1
Variables	0x510208	aIncompleteDist
Variables	0x510224	aEmptyDistanceT
Variables	0x510248	aCon
Variables	0x51024c	aDomainError
Variables	0x510259	aArgumentSingul
Variables	0x51026e	aOverflowRangeE
Variables	0x510283	aUnderflowRange
Variables	0x510299	aTotalLossOfSig
Variables	0x5102b4	aPartialLossOfS
Variables	0x5102d1	aIn_0
Variables	0x5102d8	aNotEnoughMem_0
Variables	0x510308	aThreadHasNoThr
Variables	0x510330	aInvalidDista_0
Variables	0x510348	aInvalidLiter_0
Variables	0x510364	aFloatingPointS
Variables	0x510388	a__bgnthd
Variables	0x510394	aError0
Variables	0x51039c	aNoSuchFileOrDi
Variables	0x5103b6	aArgumentListTo
Variables	0x5103cc	aExecFormatErro
Variables	0x5103de	aBadFileNumber
Variables	0x5103ee	aNotEnoughMem_1
Variables	0x510400	aPermissionDeni
Variables	0x510412	aFileExists
Variables	0x51041e	aCrossDeviceLin
Variables	0x510430	aInvalidArgumen
Variables	0x510441	aFileTableOverf
Variables	0x510455	aTooManyOpenFil
Variables	0x510469	aNoSpaceLeftOnD
Variables	0x510481	aArgumentTooLar
Variables	0x510494	aResultTooLarge
Variables	0x5104a5	aResourceDeadlo
Variables	0x5104c3	aUnknownError
Variables	0x5104d4	aTz
Variables	0x5104d8	aInf
Variables	0x5104dc	aNan
Variables	0x5104e8	__HugeValue
Variables	0x510560	_Msgs
Variables	0x51057c	_IsTable
Variables	0x510680	__Bits
Variables	0x510688	_lst_mask
Variables	0x5106d0	_action_in_explode
Variables	0x5106d4	_rotation
Variables	0x5106d8	_obj_fid
Variables	0x5106dc	_obj_pid_old
Variables	0x5106e0	_death_2
Variables	0x5106fc	_death_3
Variables	0x510718	_curr_sad
Variables	0x51071c	_curr_anim_set
Variables	0x510720	_anim_in_init
Variables	0x510724	_anim_in_anim_stop
Variables	0x510728	_anim_in_bk
Variables	0x51072c	_lastDest
Variables	0x510730	_last_time_
Variables	0x510734	_next_time
Variables	0x510738	_art
Variables	0x510758	_art_critters
Variables	0x510778	_art_scenery
Variables	0x510798	_art_walls
Variables	0x5107b8	_art_tiles
Variables	0x5107d8	_art_misc
Variables	0x5107f8	_art_intrface
Variables	0x510818	_art_inven
Variables	0x510838	_art_heads
Variables	0x510858	_art_backgrnd
Variables	0x510878	_art_skilldex
Variables	0x510898	_darn_foreigners
Variables	0x51089c	_head1
Variables	0x5108a0	_head2
Variables	0x5108a4	_art_vault_guy_num
Variables	0x5108a8	_art_vault_person_nums
Variables	0x5108b8	_art_mapper_blank_tile
Variables	0x5108bc	_queryCompressedFunc
Variables	0x5108c0	_queryCompressedFunc_2
Variables	0x5108c4	_autoflags
Variables	0x5108c8	_dbox
Variables	0x5108d0	_ytable
Variables	0x5108d8	_xtable
Variables	0x5108e0	_doneY
Variables	0x5108e8	_doneX
Variables	0x5108f0	_dblines
Variables	0x5108f8	_maxwids
Variables	0x510900	_flgids
Variables	0x51091c	_flgids2
Variables	0x510938	_lock_sound_ticker
Variables	0x51093c	_combat_turn_running
Variables	0x510940	_combatNumTurns
Variables	0x510944	_combat_state
Variables	0x510948	_aiInfoList
Variables	0x51094c	_gcsd
Variables	0x510950	_combat_call_display
Variables	0x510954	_hit_location_penalty
Variables	0x510978	_crit_succ_eff
Variables	0x510f60	Crit_women
Variables	0x511548	Crit_children
Variables	0x511b30	Crit_super_mutant
Variables	0x512118	Crit_ghoul
Variables	0x512700	Crit_brahmin
Variables	0x512ce8	Crit_radscorpion
Variables	0x5132d0	Crit_rat
Variables	0x5138b8	Crit_floater
Variables	0x513ea0	Crit_centaur
Variables	0x514488	Crit_robot
Variables	0x514a70	Crit_dog
Variables	0x515058	Crit_manti
Variables	0x515640	Crit_deathclaw
Variables	0x515c28	Crit_plant
Variables	0x516210	Crit_gecko
Variables	0x5167f8	Crit_alien
Variables	0x516de0	Crit_giant_ant
Variables	0x5173c8	Crit_big_bad_boss
Variables	0x5179b0	_pc_crit_succ_eff
Variables	0x517f98	_combat_end_due_to_load
Variables	0x517f9c	_combat_cleanup_enabled
Variables	0x517fa0	_cf_table
Variables	0x51802c	_call_ty
Variables	0x51803c	_hit_loc_left
Variables	0x51804c	_hit_loc_right
Variables	0x51805c	_combat_obj
Variables	0x518060	_num_caps
Variables	0x518064	_cap
Variables	0x518068	_combatai_is_initialized
Variables	0x51806c	_area_attack_mode_strs
Variables	0x518080	_run_away_mode_strs
Variables	0x51809c	_weapon_pref_strs
Variables	0x5180bc	_distance_pref_strs
Variables	0x5180d0	_attack_who_mode_strs
Variables	0x5180e4	_chem_use_mode_strs
Variables	0x5180fc	_disposition_strs
Variables	0x518114	_matchHurtStrs
Variables	0x518124	_rmatchHurtVals
Variables	0x518134	_runModeValues
Variables	0x518138	_hp_run_away_value
Variables	0x518150	_attackerTeamObj
Variables	0x518154	_targetTeamObj
Variables	0x518158	_weapPrefOrderings
Variables	0x51820c	_aiPartyMemberDistances
Variables	0x518220	_old_state
Variables	0x518224	aUnknown_0
Variables	0x518324	_counter_is_on
Variables	0x518328	_count
Variables	0x51832c	_last_time
Variables	0x518330	_counter_output_func
Variables	0x518334	_char_fname
Variables	0x518338	_char_extension
Variables	0x51833c	_name
Variables	0x518340	_bonus
Variables	0x518358	_rad_stat
Variables	0x518378	_rad_bonus
Variables	0x518398	_radMore99
Variables	0x5183b8	_radMore199
Variables	0x5183d8	_radMore399
Variables	0x5183f8	_radMore599
Variables	0x518418	_radMore999
Variables	0x518438	_critterClearObj
Variables	0x51843c	_cycle_speed_factor
Variables	0x518440	_slime
Variables	0x51844c	_shoreline
Variables	0x51845e	_fire_slow
Variables	0x51846d	_fire_fast
Variables	0x51847c	_monitors
Variables	0x51848c	_cycle_initialized
Variables	0x518490	_cycle_enabled
Variables	0x518494	_slime_start
Variables	0x518498	_shoreline_start
Variables	0x51849c	_fire_slow_start
Variables	0x5184a0	_fire_fast_start
Variables	0x5184a4	_monitors_start
Variables	0x5184a8	_bobber_red
Variables	0x5184a9	_bobber_diff
Variables	0x5184ac	_loadFunc
Variables	0x5184b0	_mangleName
Variables	0x5184b4	_tods
Variables	0x5184b8	_topDialogLine
Variables	0x5184bc	_topDialogReply
Variables	0x5184c0	_needToResetPalette
Variables	0x5184c4	_windowName
Variables	0x5184e4	_replyWinDrawCallback
Variables	0x5184e8	_optionsWinDrawCallback
Variables	0x5184ec	_defaultBorderX
Variables	0x5184f0	_defaultBorderY
Variables	0x5184f4	_defaultSpacing
Variables	0x5184f8	_replyRGBset
Variables	0x5184fc	_optionRGBset
Variables	0x518500	_exitDialog
Variables	0x518504	_inDialog
Variables	0x518508	_mediaFlag
Variables	0x51850c	_disp_init
Variables	0x518510	_disp_rect
Variables	0x518520	_dn_bid
Variables	0x518524	_up_bid
Variables	0x518528	_bk_enable_0
Variables	0x51852c	_skill_cursor
Variables	0x518530	_notest_flag
Variables	0x518534	_slider_y
Variables	0x518538	_character_points
Variables	0x51853c	_karma_vars
Variables	0x518540	_karma_vars_count
Variables	0x518544	_general_reps
Variables	0x518548	_general_reps_count
Variables	0x51854c	_town_rep_info
Variables	0x518550	CityRepsList
Variables	0x5185e4	_addiction_vars
Variables	0x518604	_addiction_pics
Variables	0x518624	_folder_up_button
Variables	0x518628	_folder_down_button
Variables	0x51862c	_sfxtable
Variables	0x51865c	_endgame_voiceover_path
Variables	0x518668	_endgame_subtitle_count
Variables	0x51866c	_endgame_subtitle_characters
Variables	0x518670	_endgame_current_subtitle
Variables	0x518674	_endgame_maybe_done
Variables	0x518678	_endDeathInfoList
Variables	0x51867c	_maxEndDeathInfo
Variables	0x518680	_gFMInit
Variables	0x518684	_gNumFonts
Variables	0x518688	_alias_mgr
Variables	0x5186b4	_game_ui_disabled
Variables	0x5186b8	_game_state_cur
Variables	0x5186bc	_game_in_mapper
Variables	0x5186c0	_game_global_vars
Variables	0x5186c4	_num_game_global_vars
Variables	0x5186c8	_msg_path
Variables	0x5186cc	_game_user_wants_to_quit
Variables	0x5186d0	_gconfig_initialized
Variables	0x5186d4	_dialog_state_fix
Variables	0x5186d8	_gdNumOptions
Variables	0x5186dc	_curReviewSlot
Variables	0x5186e0	_headWindowBuffer
Variables	0x5186e4	_gReplyWin
Variables	0x5186e8	_gOptionWin
Variables	0x5186ec	_gdialog_window_created
Variables	0x5186f0	_boxesWereDisabled
Variables	0x5186f4	_fidgetFID
Variables	0x5186f8	_fidgetKey
Variables	0x5186fc	_fidgetFp
Variables	0x518700	_backgroundIndex
Variables	0x518704	_lipsFID
Variables	0x518708	_lipsKey
Variables	0x51870c	_lipsFp
Variables	0x518710	_gdialog_speech_playing
Variables	0x518714	_dialogue_state
Variables	0x518718	_dialogue_switch_mode
Variables	0x51871c	_gdialog_state
Variables	0x518720	_gdDialogWentOff
Variables	0x518724	_gdDialogTurnMouseOff
Variables	0x518728	_gdReenterLevel
Variables	0x51872c	_gdReplyTooBig
Variables	0x518730	_peon_table_obj
Variables	0x518734	_barterer_table_obj
Variables	0x518738	_barterer_temp_obj
Variables	0x51873c	_gdBarterMod
Variables	0x518740	_dialogueBackWindow
Variables	0x518744	_dialogueWindow
Variables	0x518748	_backgrndRects
Variables	0x5187c8	_talk_need_to_center
Variables	0x5187cc	_can_start_new_fidget
Variables	0x5187d0	_gd_replyWin
Variables	0x5187d4	_gd_optionsWin
Variables	0x5187d8	_gDialogMusicVol
Variables	0x5187dc	_gdCenterTile
Variables	0x5187e0	_gdPlayerTile
Variables	0x5187e4	_light_BlendTable
Variables	0x5187e8	_dark_BlendTable
Variables	0x5187ec	_dialogue_just_started
Variables	0x5187f0	_dialogue_seconds_since_last_input
Variables	0x5187f4	_reviewKeys
Variables	0x51880c	_reviewBackKey
Variables	0x518810	_reviewDispBackKey
Variables	0x518814	_reviewDispBuf
Variables	0x518818	_reviewFidWids
Variables	0x518824	_reviewFidLens
Variables	0x518830	_reviewFids
Variables	0x518848	_dialog_target
Variables	0x51884c	_dialog_target_is_party
Variables	0x518850	_dialogue_head
Variables	0x518854	_dialogue_scr_id
Variables	0x518858	_head_phoneme_lookup
Variables	0x518900	_phone_anim
Variables	0x518904	_loop_cnt
Variables	0x518908	_tocksWaiting
Variables	0x51890c	_react_strs
Variables	0x518918	_dialogue_subwin_len
Variables	0x51891c	_control_button_info
Variables	0x5189e4	_custom_settings
Variables	0x518a14	number
Variables	0x518b04	_custom_button_info
Variables	0x518bf4	_totalHotx
Variables	0x518bf8	_gmouse_initialized
Variables	0x518bfc	_gmouse_enabled
Variables	0x518c00	_gmouse_mapper_mode
Variables	0x518c04	_gmouse_click_to_scroll
Variables	0x518c08	_gmouse_scrolling_enabled
Variables	0x518c0c	_gmouse_current_cursor
Variables	0x518c10	_gmouse_current_cursor_key
Variables	0x518c14	_gmouse_cursor_nums
Variables	0x518c80	_gmouse_3d_initialized
Variables	0x518c84	_gmouse_3d_hover_test
Variables	0x518c88	_gmouse_3d_last_move_time
Variables	0x518c8c	_gmouse_3d_menu_frame
Variables	0x518c90	_gmouse_3d_menu_frame_key
Variables	0x518c94	_gmouse_3d_menu_frame_width
Variables	0x518c98	_gmouse_3d_menu_frame_height
Variables	0x518c9c	_gmouse_3d_menu_frame_size
Variables	0x518ca0	_gmouse_3d_menu_frame_hot_x
Variables	0x518ca4	_gmouse_3d_menu_frame_hot_y
Variables	0x518ca8	_gmouse_3d_menu_frame_data
Variables	0x518cac	_gmouse_3d_pick_frame
Variables	0x518cb0	_gmouse_3d_pick_frame_key
Variables	0x518cb4	_gmouse_3d_pick_frame_width
Variables	0x518cb8	_gmouse_3d_pick_frame_height
Variables	0x518cbc	_gmouse_3d_pick_frame_size
Variables	0x518cc0	_gmouse_3d_pick_frame_hot_x
Variables	0x518cc4	_gmouse_3d_pick_frame_hot_y
Variables	0x518cc8	_gmouse_3d_pick_frame_data
Variables	0x518ccc	_gmouse_3d_to_hit_frame
Variables	0x518cd0	_gmouse_3d_to_hit_frame_key
Variables	0x518cd4	_gmouse_3d_to_hit_frame_width
Variables	0x518cd8	_gmouse_3d_to_hit_frame_height
Variables	0x518cdc	_gmouse_3d_to_hit_frame_size
Variables	0x518ce0	_gmouse_3d_to_hit_frame_data
Variables	0x518ce4	_gmouse_3d_hex_base_frame
Variables	0x518ce8	_gmouse_3d_hex_base_frame_key
Variables	0x518cec	_gmouse_3d_hex_base_frame_width
Variables	0x518cf0	_gmouse_3d_hex_base_frame_height
Variables	0x518cf4	_gmouse_3d_hex_base_frame_size
Variables	0x518cf8	_gmouse_3d_hex_base_frame_data
Variables	0x518cfc	_gmouse_3d_hex_frame
Variables	0x518d00	_gmouse_3d_hex_frame_key
Variables	0x518d04	_gmouse_3d_hex_frame_width
Variables	0x518d08	_gmouse_3d_hex_frame_height
Variables	0x518d0c	_gmouse_3d_hex_frame_size
Variables	0x518d10	_gmouse_3d_hex_frame_data
Variables	0x518d14	_gmouse_3d_menu_available_actions
Variables	0x518d18	_gmouse_3d_menu_actions_start
Variables	0x518d1c	_gmouse_3d_menu_current_action_index
Variables	0x518d1e	_gmouse_3d_action_nums
Variables	0x518d34	_gmouse_3d_modes_enabled
Variables	0x518d38	_gmouse_3d_current_mode
Variables	0x518d3c	_gmouse_3d_mode_nums
Variables	0x518d40	Index
Variables	0x518d58	skill
Variables	0x518d68	_gmouse_skill_table
Variables	0x518d84	_gmouse_wait_cursor_frame
Variables	0x518d88	_gmouse_wait_cursor_time
Variables	0x518d8c	_gmouse_bk_last_cursor
Variables	0x518d90	_gmouse_3d_item_highlight
Variables	0x518d94	_outlined_object
Variables	0x518d98	_gmouse_clicked_on_edge
Variables	0x518da0	_movie_list
Variables	0x518de4	_subtitlePalList
Variables	0x518e28	_gmMovieIsPlaying
Variables	0x518e2c	_gmPaletteWasFaded
Variables	0x518e30	_gsound_initialized
Variables	0x518e34	_gsound_debug
Variables	0x518e38	_gsound_background_enabled
Variables	0x518e3c	_gsound_background_df_vol
Variables	0x518e40	_gsound_background_fade
Variables	0x518e44	_gsound_speech_enabled
Variables	0x518e48	_gsound_sfx_enabled
Variables	0x518e4c	_gsound_active_effect_counter
Variables	0x518e50	_gsound_background_tag
Variables	0x518e54	_gsound_speech_tag
Variables	0x518e58	_gsound_background_callback_fp
Variables	0x518e5c	_gsound_speech_callback_fp
Variables	0x518e60	_snd_lookup_weapon_type
Variables	0x518e65	_snd_lookup_scenery_action
Variables	0x518e6c	_background_storage_requested
Variables	0x518e70	_background_loop_requested
Variables	0x518e74	_sound_sfx_path
Variables	0x518e78	_sound_music_path1
Variables	0x518e7c	_sound_music_path2
Variables	0x518e80	_sound_speech_path
Variables	0x518e84	_master_volume
Variables	0x518e88	_background_volume
Variables	0x518e8c	_speech_volume
Variables	0x518e90	_sndfx_volume
Variables	0x518e94	_detectDevices
Variables	0x518e98	_lastTime_1
Variables	0x518e9c	_heap_free_list
Variables	0x518ea0	_heap_moveable_list
Variables	0x518ea4	_heap_subblock_list
Variables	0x518ea8	_heap_fake_move_list
Variables	0x518eac	_heap_free_list_size
Variables	0x518eb0	_heap_moveable_list_size
Variables	0x518eb4	_heap_subblock_list_size
Variables	0x518eb8	_heap_fake_move_list_size
Variables	0x518ebc	_heap_count
Variables	0x518ec0	_dbg_error_strs
Variables	0x518ed0	_ftList
Variables	0x518efc	_errStr
Variables	0x518f00	_last_color
Variables	0x518f04	_strName
Variables	0x518f08	_insideInit
Variables	0x518f0c	_intface_fid_is_changing
Variables	0x518f10	_intfaceEnabled
Variables	0x518f14	_intfaceHidden
Variables	0x518f18	_inventoryButton
Variables	0x518f1c	_inventoryButtonUpKey
Variables	0x518f20	_inventoryButtonDownKey
Variables	0x518f24	_optionsButton
Variables	0x518f28	_optionsButtonUpKey
Variables	0x518f2c	_optionsButtonDownKey
Variables	0x518f30	_skilldexButton
Variables	0x518f34	_skilldexButtonUpKey
Variables	0x518f38	_skilldexButtonDownKey
Variables	0x518f3c	_skilldexButtonMaskKey
Variables	0x518f40	_automapButton
Variables	0x518f44	_automapButtonUpKey
Variables	0x518f48	_automapButtonDownKey
Variables	0x518f4c	_automapButtonMaskKey
Variables	0x518f50	_pipboyButton
Variables	0x518f54	_pipboyButtonUpKey
Variables	0x518f58	_pipboyButtonDownKey
Variables	0x518f5c	_characterButton
Variables	0x518f60	_characterButtonUpKey
Variables	0x518f64	_characterButtonDownKey
Variables	0x518f68	_itemButton
Variables	0x518f6c	_itemButtonUpKey
Variables	0x518f70	_itemButtonDownKey
Variables	0x518f74	_itemButtonDisabledKey
Variables	0x518f78	_itemCurrentItem
Variables	0x518f7c	_itemButtonRect
Variables	0x518f8c	_toggleButton
Variables	0x518f90	_toggleButtonUpKey
Variables	0x518f94	_toggleButtonDownKey
Variables	0x518f98	_toggleButtonMaskKey
Variables	0x518f9c	_endWindowOpen
Variables	0x518fa0	_endWindowRect
Variables	0x518fb0	_endTurnButton
Variables	0x518fb4	_endTurnButtonUpKey
Variables	0x518fb8	_endTurnButtonDownKey
Variables	0x518fbc	_endCombatButton
Variables	0x518fc0	_endCombatButtonUpKey
Variables	0x518fc4	_endCombatButtonDownKey
Variables	0x518fc8	_moveLightGreen
Variables	0x518fcc	_moveLightYellow
Variables	0x518fd0	_moveLightRed
Variables	0x518fd4	_movePointRect
Variables	0x518fe4	_numbersBuffer
Variables	0x518fe8	_bbox
Variables	0x518ff4	_bbox_sneak
Variables	0x519024	_interfaceWindow
Variables	0x519028	_bar_window
Variables	0x51902c	_last_points
Variables	0x519030	_last_points_color
Variables	0x519034	_last_ac
Variables	0x519038	_TimeOut
Variables	0x51903c	_enabled
Variables	0x519040	_timerFunc
Variables	0x519044	_timerTick
Variables	0x519048	_filenameFunc
Variables	0x51904c	_outputFunc
Variables	0x519050	_cpuBurstSize
Variables	0x519054	_inven_cur_disp
Variables	0x519058	_inven_dude
Variables	0x51905c	_inven_pid
Variables	0x519060	_inven_is_initialized
Variables	0x519064	_inven_display_msg_line
Variables	0x519068	_iscr_data
Variables	0x5190e0	_dropped_explosive
Variables	0x5190e4	_inven_scroll_up_bid
Variables	0x5190e8	_inven_scroll_dn_bid
Variables	0x5190ec	_loot_scroll_up_bid
Variables	0x5190f0	_loot_scroll_dn_bid
Variables	0x5190f4	_ticker
Variables	0x5190f8	_curr_rot
Variables	0x5190fc	_num
Variables	0x519110	_last_target
Variables	0x519114	_act_use
Variables	0x519124	_act_no_use
Variables	0x519130	_act_just_use
Variables	0x51913c	_act_nothing
Variables	0x519144	_act_weap
Variables	0x519154	_act_weap2
Variables	0x519160	_attack_skill
Variables	0x519184	_attack_anim
Variables	0x5191a8	_attack_subtype
Variables	0x5191cc	_drugInfoList
Variables	0x519238	_nameitem
Variables	0x51923c	_ambient_light
Variables	0x519240	_head_phoneme_current
Variables	0x519241	_head_phoneme_drawn
Variables	0x519244	_head_marker_current
Variables	0x519248	_lips_draw_head
Variables	0x51924c	_lip_info
Variables	0x519260	a1
Variables	0x519270	size
Variables	0x51929c	aTest
Variables	0x5192a4	aVoc
Variables	0x5192a8	aTxt
Variables	0x5192ac	aLip
Variables	0x5193b4	_speechStartTime
Variables	0x5193b8	_slot_cursor
Variables	0x5193bc	_quick_done
Variables	0x5193c0	_bk_enable_3
Variables	0x5193c4	_map_backup_count
Variables	0x5193c8	_automap_db_flag
Variables	0x5193cc	_patches
Variables	0x5193d0	_emgpath
Variables	0x5193ec	_master_save_list
Variables	0x519458	_master_load_list
Variables	0x5194c4	_loadingGame
Variables	0x5194c8	_mainMap
Variables	0x5194d8	_main_game_paused
Variables	0x5194dc	_main_selfrun_list
Variables	0x5194e0	_main_selfrun_count
Variables	0x5194e4	_main_selfrun_index
Variables	0x5194e8	_main_show_death_scene
Variables	0x5194ec	_toggle
Variables	0x5194f0	_main_window
Variables	0x5194f4	_main_window_buf
Variables	0x5194f8	_background_data
Variables	0x5194fc	_button_up_data
Variables	0x519500	_button_down_data
Variables	0x519504	_in_main_menu
Variables	0x519508	_main_menu_created
Variables	0x51950c	_main_menu_timeout
Variables	0x519510	_button_values
Variables	0x519528	_return_values
Variables	0x519540	_map_scroll_refresh
Variables	0x519544	_map_data_elev_flags
Variables	0x519550	_map_last_scroll_time
Variables	0x519554	_map_bk_enabled
Variables	0x519558	_mapEntranceElevation
Variables	0x51955c	_mapEntranceTileNum
Variables	0x519560	_mapEntranceRotation
Variables	0x519564	_map_script_id
Variables	0x519568	_map_local_vars
Variables	0x51956c	_map_global_vars
Variables	0x519570	_num_map_local_vars
Variables	0x519574	_num_map_global_vars
Variables	0x519578	_map_elevation
Variables	0x51957c	_errMapName
Variables	0x519580	_index
Variables	0x519584	_wmMapIdx
Variables	0x519588	_outputFunc_
Variables	0x51958c	_mallocPtr
Variables	0x519590	_reallocPtr
Variables	0x519594	_freePtr
Variables	0x519598	_bad_word
Variables	0x51959c	_bad_total
Variables	0x5195a0	_bad_len
Variables	0x5195a4	_message_error_str
Variables	0x5195a8	_mouseNameMangler
Variables	0x5195ac	_rateCallback
Variables	0x5195b0	_currentTimeCallback
Variables	0x5195b4	_curref
Variables	0x5195b8	_GNWWin
Variables	0x5195bc	_subtitleFont
Variables	0x5195c0	_showFrameFuncs
Variables	0x5195e0	_paletteFunc
Variables	0x5195e4	_subtitleR
Variables	0x5195e8	_subtitleG
Variables	0x5195ec	_subtitleB
Variables	0x5195f0	_moviefx_initialized
Variables	0x5195f4	_moviefx_effects_list
Variables	0x5195f8	_objInitialized
Variables	0x5195fc	_updateHexWidth
Variables	0x519600	_updateHexHeight
Variables	0x519604	_updateHexArea
Variables	0x519608	_orderTable
Variables	0x51960c	move_point
Variables	0x519610	_offsetTable
Variables	0x519618	_offsetDivTable
Variables	0x51961c	_offsetModTable
Variables	0x519620	_renderTable
Variables	0x519624	_outlineCount
Variables	0x519628	_floatingObjects
Variables	0x51962c	_centerToUpperLeft
Variables	0x519630	_find_elev
Variables	0x519634	_find_tile
Variables	0x519638	_find_ptr
Variables	0x51963c	_preload_list
Variables	0x519640	_preload_list_index
Variables	0x519644	_translucence
Variables	0x519648	_highlight_fid
Variables	0x51964c	_light_rect
Variables	0x5196dc	_light_distance
Variables	0x51976c	_fix_violence_level
Variables	0x519770	_obj_last_roof_x
Variables	0x519774	_obj_last_roof_y
Variables	0x519778	_obj_last_elev
Variables	0x51977c	_obj_last_is_empty
Variables	0x519780	_wallBlendTable
Variables	0x519784	_glassBlendTable
Variables	0x519788	_steamBlendTable
Variables	0x51978c	_energyBlendTable
Variables	0x519790	_redBlendTable
Variables	0x519794	_moveBlockObj
Variables	0x519798	_objItemOutlineState
Variables	0x51979c	_cd_order
Variables	0x5197c0	_opgrphs
Variables	0x5197cc	_prfgrphs
Variables	0x5197f8	_btndat
Variables	0x519d9c	_partyMemberMaxCount
Variables	0x519da0	_partyMemberPidList
Variables	0x519da4	_itemSaveListHead
Variables	0x519da8	_partyMemberList
Variables	0x519dac	_partyMemberCount
Variables	0x519db0	_partyMemberItemCount
Variables	0x519db4	_partyStatePrepped
Variables	0x519db8	_partyMemberAIOptions
Variables	0x519dbc	_partyMemberLevelUpInfoList
Variables	0x519dc0	_curID
Variables	0x519dc4	_partyDrugMemberMatch
Variables	0x519dc8	_runcount
Variables	0x519dc9	_runvalue
Variables	0x519dcc	_perk_data
Variables	0x519e18	_PERK_bonus_hth_attacks
Variables	0x519e64	_PERK_bonus_hth_damage
Variables	0x519eb0	_PERK_bonus_move
Variables	0x519efc	_PERK_bonus_ranged_damage
Variables	0x519f48	_PERK_bonus_rate_of_fire
Variables	0x519f94	_PERK_earlier_sequence
Variables	0x519fe0	_PERK_faster_healing
Variables	0x51a02c	_PERK_more_criticals
Variables	0x51a078	_PERK_night_vision
Variables	0x51a0c4	_PERK_presence
Variables	0x51a110	_PERK_rad_resistance
Variables	0x51a15c	_PERK_toughness
Variables	0x51a1a8	_PERK_strong_back
Variables	0x51a1f4	_PERK_sharpshooter
Variables	0x51a240	_PERK_silent_running
Variables	0x51a28c	_PERK_survivalist
Variables	0x51a2d8	_PERK_master_trader
Variables	0x51a324	_PERK_educated
Variables	0x51a370	_PERK_healer
Variables	0x51a3bc	_PERK_fortune_finder
Variables	0x51a408	_PERK_better_criticals
Variables	0x51a454	_PERK_empathy
Variables	0x51a4a0	_PERK_slayer
Variables	0x51a4ec	_PERK_sniper
Variables	0x51a538	_PERK_silent_death
Variables	0x51a584	_PERK_action_boy
Variables	0x51a5d0	_PERK_mental_block
Variables	0x51a61c	_PERK_lifegiver
Variables	0x51a668	_PERK_dodger
Variables	0x51a6b4	_PERK_snakeater
Variables	0x51a700	_PERK_mr_fixit
Variables	0x51a74c	_PERK_medic
Variables	0x51a798	_PERK_master_thief
Variables	0x51a7e4	_PERK_speaker
Variables	0x51a830	_PERK_heave_ho
Variables	0x51a87c	_PERK_friendly_foe
Variables	0x51a8c8	_PERK_pickpocket
Variables	0x51a914	_PERK_ghost
Variables	0x51a960	_PERK_cult_of_personality
Variables	0x51a9ac	_PERK_scrounger
Variables	0x51a9f8	_PERK_explorer
Variables	0x51aa44	_PERK_flower_child
Variables	0x51aa90	_PERK_pathfinder
Variables	0x51aadc	_PERK_animal_friend
Variables	0x51ab28	_PERK_scout
Variables	0x51ab74	_PERK_mysterious_stranger
Variables	0x51abc0	_PERK_ranger
Variables	0x51ac0c	_PERK_quick_pockets
Variables	0x51ac58	_PERK_smooth_talker
Variables	0x51aca4	_PERK_swift_learner
Variables	0x51acf0	_PERK_tag
Variables	0x51ad3c	_PERK_mutate
Variables	0x51ad88	_PERK_add_nuka
Variables	0x51add4	_PERK_add_buffout
Variables	0x51ae20	_PERK_add_mentats
Variables	0x51ae6c	_PERK_add_psycho
Variables	0x51aeb8	_PERK_add_radaway
Variables	0x51af04	_PERK_weapon_long_range
Variables	0x51af50	_PERK_weapon_accurate
Variables	0x51af9c	_PERK_weapon_penetrate
Variables	0x51afe8	_PERK_weapon_knockback
Variables	0x51b034	_PERK_armor_powered
Variables	0x51b080	_PERK_armor_combat
Variables	0x51b0cc	_PERK_weapon_scope_range
Variables	0x51b118	_PERK_weapon_fast_reload
Variables	0x51b164	_PERK_weapon_night_sight
Variables	0x51b1b0	_PERK_weapon_flameboy
Variables	0x51b1fc	_PERK_armor_advanced_1
Variables	0x51b248	_PERK_armor_advanced_2
Variables	0x51b294	_PERK_add_jet
Variables	0x51b2e0	_PERK_add_tragic
Variables	0x51b32c	_PERK_armor_charisma
Variables	0x51b378	_PERK_gecko_skinning
Variables	0x51b3c4	_PERK_dermal_armor
Variables	0x51b410	_PERK_dermal_enhancement
Variables	0x51b45c	_PERK_phoenix_armor
Variables	0x51b4a8	_PERK_phoenix_enhancement
Variables	0x51b4f4	_PERK_vault_city_inoculations
Variables	0x51b540	_PERK_adrenaline_rush
Variables	0x51b58c	_PERK_cautious_nature
Variables	0x51b5d8	_PERK_comprehension
Variables	0x51b624	_PERK_demolition_expert
Variables	0x51b670	_PERK_gambler
Variables	0x51b6bc	_PERK_gain_strength
Variables	0x51b708	_PERK_gain_perception
Variables	0x51b754	_PERK_gain_endurance
Variables	0x51b7a0	_PERK_gain_charisma
Variables	0x51b7ec	_PERK_gain_intelligence
Variables	0x51b838	_PERK_gain_agility
Variables	0x51b884	_PERK_gain_luck
Variables	0x51b8d0	_PERK_harmless
Variables	0x51b91c	_PERK_here_and_now
Variables	0x51b968	_PERK_hth_evade
Variables	0x51b9b4	_PERK_kama_sutra
Variables	0x51ba00	_PERK_karma_beacon
Variables	0x51ba4c	_PERK_light_step
Variables	0x51ba98	_PERK_living_anatomy
Variables	0x51bae4	_PERK_magnetic_personality
Variables	0x51bb30	_PERK_negotiator
Variables	0x51bb7c	_PERK_pack_rat
Variables	0x51bbc8	_PERK_pyromaniac
Variables	0x51bc14	_PERK_quick_recovery
Variables	0x51bc60	_PERK_salesman
Variables	0x51bcac	_PERK_stonewall
Variables	0x51bcf8	_PERK_thief
Variables	0x51bd44	_PERK_weapon_handling
Variables	0x51bd90	_PERK_vault_city_training
Variables	0x51bddc	_PERK_alcohol_hp_bonus1
Variables	0x51be28	_PERK_alcohol_hp_bonus2
Variables	0x51be74	_PERK_alcohol_hp_neg1
Variables	0x51bec0	_PERK_alcohol_hp_neg2
Variables	0x51bf0c	_PERK_autodoc_hp_bonus1
Variables	0x51bf58	_PERK_autodoc_hp_bonus2
Variables	0x51bfa4	_PERK_autodoc_hp_neg1
Variables	0x51bff0	_PERK_autodoc_hp_neg2
Variables	0x51c03c	_PERK_expert_excrement_expediter
Variables	0x51c088	_PERK_weapon_knockout
Variables	0x51c0d4	_PERK_jinxed
Variables	0x51c120	_perkLevelDataList
Variables	0x51c124	_hereAndNowExps
Variables	0x51c128	_quests
Variables	0x51c12c	_quest_count
Variables	0x51c130	_holodisks
Variables	0x51c134	_holodisks_count
Variables	0x51c138	_currentAlarmTypeCount
Variables	0x51c13c	_bk_enable_5
Variables	0x51c140	_SpclDate
Variables	0x51c142	_SpclMonth
Variables	0x51c144	_SpclMsg
Variables	0x51c170	_PipFnctn
Variables	0x51c184	_map_id
Variables	0x51c188	_proto_inst_who_obj
Variables	0x51c18c	_cd_path_base
Variables	0x51c290	_protolists
Variables	0x51c340	_proto_sizes
Variables	0x51c36c	_protos_been_initialized
Variables	0x51c370	_pc_proto
Variables	0x51c510	_proto_blocking_list
Variables	0x51c534	_proto_path_base
Variables	0x51c538	_init_true
Variables	0x51c53c	_retval
Variables	0x51c540	_q_func
Variables	0x51c544	_q_free
Variables	0x51c548	_q_load
Variables	0x51c54c	_q_save
Variables	0x51c550	_q_leaving
Variables	0x51c554	_q_clear
Variables	0x51c690	_tmpQNode
Variables	0x51c694	_iy
Variables	0x51c698	_script_type_strs
Variables	0x51c6ac	_num_script_indexes
Variables	0x51c6b0	_scr_find_first_idx
Variables	0x51c6b4	_scr_find_first_ptr
Variables	0x51c6b8	_scr_find_first_elev
Variables	0x51c6bc	_scrSpatialsEnabled
Variables	0x51c6c0	_scriptlists
Variables	0x51c6d0	_s_spatial
Variables	0x51c6e0	_s_time
Variables	0x51c6f0	_s_item
Variables	0x51c700	_s_critter
Variables	0x51c710	_script_path_base
Variables	0x51c714	_script_engine_running
Variables	0x51c718	_script_engine_run_critters
Variables	0x51c71c	_script_engine_game_mode
Variables	0x51c720	_fallout_game_time
Variables	0x51c724	_days_in_month
Variables	0x51c754	_scriptMsgListHead
Variables	0x51c758	_procTableStrs
Variables	0x51c7c8	_scriptListInfo
Variables	0x51c7cc	_maxScriptNum
Variables	0x51c7d4	_cur_id
Variables	0x51c7d8	_errStr_
Variables	0x51c7dc	_count_
Variables	0x51c7e0	_last_time__
Variables	0x51c7e4	_last_light_time
Variables	0x51c7e8	_scrQueueTestObj
Variables	0x51c7ec	_scrQueueTestValue
Variables	0x51c7f0	_err_str
Variables	0x51c7f4	_blank_str
Variables	0x51c7f8	_select_window_id
Variables	0x51c7fc	_select_window_buffer
Variables	0x51c800	_monitor
Variables	0x51c804	_previous_button
Variables	0x51c808	_previous_button_up_key
Variables	0x51c80c	_previous_button_down_key
Variables	0x51c810	_next_button
Variables	0x51c814	_next_button_up_key
Variables	0x51c818	_next_button_down_key
Variables	0x51c81c	_take_button
Variables	0x51c820	_take_button_up_key
Variables	0x51c824	_take_button_down_key
Variables	0x51c828	_modify_button
Variables	0x51c82c	_modify_button_up_key
Variables	0x51c830	_modify_button_down_key
Variables	0x51c834	_create_button
Variables	0x51c838	_create_button_up_key
Variables	0x51c83c	_create_button_down_key
Variables	0x51c840	_back_button
Variables	0x51c844	_back_button_up_key
Variables	0x51c848	_back_button_down_key
Variables	0x51c84c	_premade_index
Variables	0x51c850	_premade_characters
Variables	0x51c868	aVid20819788125
Variables	0x51c87c	aPremadeStealth
Variables	0x51c894	aVid20820649229
Variables	0x51c8a8	aPremadeDiploma
Variables	0x51c8c0	aVid20820649227
Variables	0x51c8d4	_premade_total
Variables	0x51c8d8	_selfrun_state
Variables	0x51c8dc	_sfxc_dlevel
Variables	0x51c8e0	_sfxc_effect_path
Variables	0x51c8e4	_sfxc_handle_list
Variables	0x51c8e8	_sfxc_files_open
Variables	0x51c8ec	_sfxc_pcache
Variables	0x51c8f0	_sfxc_initialized
Variables	0x51c8f4	_sfxc_cmpr
Variables	0x51c8f8	_sfxl_initialized
Variables	0x51c8fc	_sfxl_dlevel
Variables	0x51c900	_sfxl_effect_path
Variables	0x51c904	_sfxl_effect_path_len
Variables	0x51c908	_sfxl_list
Variables	0x51c90c	_sfxl_files_total
Variables	0x51c910	aBugs___?Dammit
Variables	0x51c950	aBugs___?Damm_0
Variables	0x51c990	aBugs___?Damm_1
Variables	0x51c9d0	aBugs___?Damm_2
Variables	0x51ca10	aBugs___?Damm_3
Variables	0x51ca50	aBugs___?Damm_4
Variables	0x51ca90	aBugs___?Damm_5
Variables	0x51cad0	aBugs___?Damm_6
Variables	0x51cb10	aBugs___?Damm_7
Variables	0x51cb50	aBugs___?Damm_8
Variables	0x51cb90	aBugs___?Damm_9
Variables	0x51cbd0	aBugs___?Dam_10
Variables	0x51cc10	aBugs___?Dam_11
Variables	0x51cc50	aBugs___?Dam_12
Variables	0x51cc90	aBugs___?Dam_13
Variables	0x51ccd0	aBugs___?Dam_14
Variables	0x51cd10	aBugs___?Dam_15
Variables	0x51cd50	aBugs___?Dam_16
Variables	0x51cd90	aBugs___?Dam_17
Variables	0x51cdd0	aBugs___?Dam_18
Variables	0x51ce10	aBugs___?Dam_19
Variables	0x51ce50	aBugs___?Dam_20
Variables	0x51ce90	aBugs___?Dam_21
Variables	0x51ced0	aBugs___?Dam_22
Variables	0x51cf10	aBugs___?Dam_23
Variables	0x51cf50	aBugs___?Dam_24
Variables	0x51cf90	aBugs___?Dam_25
Variables	0x51cfd0	aBugs___?Dam_26
Variables	0x51d010	aBugs___?Dam_27
Variables	0x51d050	aBugs___?Dam_28
Variables	0x51d090	aBugs___?Dam_29
Variables	0x51d0d0	aBugs___?Dam_30
Variables	0x51d118	_skill_data
Variables	0x51d144	_SKILL_BIG_GUNS
Variables	0x51d170	_SKILL_ENERGY_WEAPONS
Variables	0x51d19c	_SKILL_UNARMED_COMBAT
Variables	0x51d1c8	_SKILL_MELEE
Variables	0x51d1f4	_SKILL_THROWING
Variables	0x51d220	_SKILL_FIRST_AID
Variables	0x51d24c	_SKILL_DOCTOR
Variables	0x51d278	_SKILL_SNEAK
Variables	0x51d2a4	_SKILL_LOCKPICK
Variables	0x51d2d0	_SKILL_STEAL
Variables	0x51d2fc	_SKILL_TRAPS
Variables	0x51d328	_SKILL_SCIENCE
Variables	0x51d354	_SKILL_REPAIR
Variables	0x51d380	_SKILL_CONVERSANT
Variables	0x51d3ac	_SKILL_BARTER
Variables	0x51d3d8	_SKILL_GAMBLING
Variables	0x51d404	_SKILL_OUTDOORSMAN
Variables	0x51d430	_gIsSteal
Variables	0x51d434	_gStealCount
Variables	0x51d438	_gStealSize
Variables	0x51d43c	_bk_enable_6
Variables	0x51d440	_grphfid
Variables	0x51d458	_sklxref
Variables	0x51d478	_fadeHead
Variables	0x51d47c	_fadeFreeList
Variables	0x51d480	_fadeEventHandle
Variables	0x51d484	_defaultChannel
Variables	0x51d488	_mallocPtr_2
Variables	0x51d48c	_reallocPtr_2
Variables	0x51d490	_freePtr_2
Variables	0x51d494	_defaultStream
Variables	0x51d498	Close_Member
Variables	0x51d49c	Read_Member
Variables	0x51d4a0	Write_Member
Variables	0x51d4a4	Seek_Member
Variables	0x51d4a8	Tell_Member
Variables	0x51d4ac	FileSize_Member
Variables	0x51d4b4	_nameMangler
Variables	0x51d4b8	_errorMsgs
Variables	0x51d53c	_stat_data
Variables	0x51d554	_STAT_pe
Variables	0x51d56c	_STAT_en
Variables	0x51d584	_STAT_ch
Variables	0x51d59c	_STAT_iq
Variables	0x51d5b4	_STAT_ag
Variables	0x51d5cc	_STAT_lu
Variables	0x51d5e4	_STAT_max_hit_points
Variables	0x51d5fc	_STAT_max_move_points
Variables	0x51d614	_STAT_ac
Variables	0x51d62c	_STAT_unused
Variables	0x51d644	_STAT_melee_dmg
Variables	0x51d65c	_STAT_carry_amt
Variables	0x51d674	_STAT_sequence
Variables	0x51d68c	_STAT_heal_rate
Variables	0x51d6a4	_STAT_crit_chance
Variables	0x51d6bc	_STAT_better_crit
Variables	0x51d6d4	_STAT_dmg_thresh
Variables	0x51d6ec	_STAT_dmg_thresh_laser
Variables	0x51d704	_STAT_dmg_thresh_fire
Variables	0x51d71c	_STAT_dmg_thresh_plasma
Variables	0x51d734	_STAT_dmg_thresh_electrical
Variables	0x51d74c	_STAT_dmg_thresh_emp
Variables	0x51d764	_STAT_dmg_thresh_explosion
Variables	0x51d77c	_STAT_dmg_resist
Variables	0x51d794	_STAT_dmg_resist_laser
Variables	0x51d7ac	_STAT_dmg_resist_fire
Variables	0x51d7c4	_STAT_dmg_resist_plasma
Variables	0x51d7dc	_STAT_dmg_resist_electrical
Variables	0x51d7f4	_STAT_dmg_resist_emp
Variables	0x51d80c	_STAT_dmg_resist_explosion
Variables	0x51d824	_STAT_rad_resist
Variables	0x51d83c	_STAT_poison_resist
Variables	0x51d854	_STAT_age
Variables	0x51d86c	_STAT_gender
Variables	0x51d884	_STAT_current_hp
Variables	0x51d89c	_STAT_current_poison
Variables	0x51d8b4	_STAT_current_rad
Variables	0x51d8cc	_pc_stat_data
Variables	0x51d8e4	_PCSTAT_level
Variables	0x51d8fc	_PCSTAT_experience
Variables	0x51d914	_PCSTAT_reputation
Variables	0x51d92c	_PCSTAT_karma
Variables	0x51d944	_text_object_index
Variables	0x51d948	_text_object_base_delay
Variables	0x51d94c	_text_object_line_delay
Variables	0x51d950	_borderInitialized
Variables	0x51d954	_scroll_blocking_on
Variables	0x51d958	_scroll_limiting_on
Variables	0x51d95c	_show_roof
Variables	0x51d960	_show_grid
Variables	0x51d964	_tile_refresh
Variables	0x51d968	_refresh_enabled
Variables	0x51d96c	_off_tile
Variables	0x51d99c	_rightside_up_table
Variables	0x51da04	_upside_down_table
Variables	0x51da6c	_verticies
Variables	0x51db0c	_rightside_up_triangles
Variables	0x51db48	_upside_down_triangles
Variables	0x51db84	_trait_data
Variables	0x51db90	_TRAIT_bruiser
Variables	0x51db9c	_TRAIT_small_frame
Variables	0x51dba8	_TRAIT_one_hander
Variables	0x51dbb4	_TRAIT_finesse
Variables	0x51dbc0	_TRAIT_kamikaze
Variables	0x51dbcc	_TRAIT_heavy_handed
Variables	0x51dbd8	_TRAIT_fast_shot
Variables	0x51dbe4	_TRAIT_bloody_mess
Variables	0x51dbf0	_TRAIT_jinxed
Variables	0x51dbfc	_TRAIT_good_natured
Variables	0x51dc08	_TRAIT_drug_addict
Variables	0x51dc14	_TRAIT_drug_resistant
Variables	0x51dc20	_TRAIT_sex_appeal
Variables	0x51dc2c	_TRAIT_skilled
Variables	0x51dc38	_TRAIT_gifted
Variables	0x51dc44	_trap_list_data
Variables	0x51dc54	_trap_data_pattern
Variables	0x51dc98	_trap_dlevel
Variables	0x51dc9c	_trap_initialized
Variables	0x51dca0	_trap_heap_total
Variables	0x51dca4	_trap_add_enabled
Variables	0x51dca8	_BTIRactive
Variables	0x51dcac	_holdTime
Variables	0x51dcb0	_checkRegionEnable
Variables	0x51dcb4	_winTOS
Variables	0x51dcb8	_currentWindow
Variables	0x51dcbc	_gfx_init
Variables	0x51dcec	_fontnum
Variables	0x51dd1c	_sizes_x
Variables	0x51dd20	_sizes_y
Variables	0x51dd7c	_numInputFunc
Variables	0x51dd80	_lastWin
Variables	0x51dd84	_said_quit
Variables	0x51dd88	_wmStateStrs
Variables	0x51dd90	_wmYesNoStrs
Variables	0x51dd98	_wmFreqStrs
Variables	0x51ddb0	_wmFillStrs
Variables	0x51ddd4	_wmSceneryStrs
Variables	0x51dde4	_wmTerrainTypeList
Variables	0x51dde8	_wmMaxTerrainTypes
Variables	0x51ddec	_wmTileInfoList
Variables	0x51ddf0	_wmMaxTileNum
Variables	0x51ddf4	_wmNumHorizontalTiles
Variables	0x51ddf8	_wmAreaInfoList
Variables	0x51ddfc	_wmMaxAreaNum
Variables	0x51de00	_wmAreaSizeStrs
Variables	0x51de0c	_wmMapInfoList
Variables	0x51de10	_wmMaxMapNum
Variables	0x51de14	_wmBkWin
Variables	0x51de18	_wmBkKey
Variables	0x51de1c	_wmBkWidth
Variables	0x51de20	_wmBkHeight
Variables	0x51de24	_wmBkWinBuf
Variables	0x51de28	_wmBkArtBuf
Variables	0x51de2c	_wmWorldOffsetX
Variables	0x51de30	_wmWorldOffsetY
Variables	0x51de34	_circleBlendTable
Variables	0x51de38	_wmInterfaceWasInitialized
Variables	0x51de3c	_wmEncOpStrs
Variables	0x51de4c	_wmConditionalOpStrs
Variables	0x51de60	_wmConditionalQualifierStrs
Variables	0x51de6c	_wmFormationStrs
Variables	0x51de84	_wmRndCursorFids
Variables	0x51de94	_wmLabelList
Variables	0x51de98	_wmLabelCount
Variables	0x51de9c	_wmTownMapCurArea
Variables	0x51dea0	_wmLastRndTime
Variables	0x51dea4	_wmRndIndex
Variables	0x51dea8	_wmRndCallCount
Variables	0x51deac	_terrainCounter
Variables	0x51deb0	_lastTime_2
Variables	0x51deb4	_couldScroll
Variables	0x51deb8	_wmTownBuffer
Variables	0x51debc	_wmTownKey
Variables	0x51dec0	_wmTownWidth
Variables	0x51dec4	_wmTownHeight
Variables	0x51dec8	wmRemapSfxList
Variables	0x51ded0	_p_malloc
Variables	0x51ded4	_p_realloc
Variables	0x51ded8	_p_free
Variables	0x51dedc	_num_blocks
Variables	0x51dee0	_max_blocks
Variables	0x51dee4	_mem_allocated
Variables	0x51dee8	_max_allocated
Variables	0x51deec	_read_callback
Variables	0x51def0	_read_counter
Variables	0x51def4	_rlist
Variables	0x51def8	_fd
Variables	0x51defc	_curx
Variables	0x51df00	_cury
Variables	0x51df04	_debug_func
Variables	0x51df10	_errorStr
Variables	0x51df14	_colorsInited
Variables	0x51df18	currentGamma
Variables	0x51df20	colorFadeBkFuncP
Variables	0x51df24	mallocPtr
Variables	0x51df28	reallocPtr
Variables	0x51df2c	freePtr
Variables	0x51df30	colorNameMangler
Variables	0x51df34	_cmap
Variables	0x51e234	_idle_func
Variables	0x51e238	_focus_func
Variables	0x51e23c	_GNW95_repeat_rate
Variables	0x51e240	_GNW95_repeat_delay
Variables	0x51e244	_hooked
Variables	0x51e250	_or_mask
Variables	0x51e290	_mouse_idling
Variables	0x51e294	_mouse_buf
Variables	0x51e298	_mouse_shape
Variables	0x51e29c	_mouse_fptr
Variables	0x51e2a0	_mouse_sensitivity
Variables	0x51e2a8	_ticker_
Variables	0x51e2ac	_last_buttons
Variables	0x51e2b0	_GNW95_DDObject
Variables	0x51e2b4	_GNW95_DDPrimarySurface
Variables	0x51e2b8	_GNW95_DDRestoreSurface
Variables	0x51e2bc	_GNW95_DDPrimaryPalette
Variables	0x51e2c0	GNW95_DDClipper
Variables	0x51e2c4	_update_palette_func
Variables	0x51e2c8	_mmxEnabled
Variables	0x51e2cc	_inited
Variables	0x51e2d0	_kb_installed
Variables	0x51e2d4	_kb_disabled
Variables	0x51e2d8	_kb_numpad_disabled
Variables	0x51e2dc	_kb_numlock_disabled
Variables	0x51e2e0	_kb_put
Variables	0x51e2e4	_kb_get
Variables	0x51e2e8	_extended_code
Variables	0x51e2ea	_kb_lock_flags
Variables	0x51e2ec	_kb_scan_to_ascii
Variables	0x51e2f0	_vcr_buffer
Variables	0x51e2f4	_vcr_buffer_index
Variables	0x51e2f8	_vcr_state
Variables	0x51e2fc	_vcr_time
Variables	0x51e300	_vcr_counter
Variables	0x51e304	_vcr_terminate_flags
Variables	0x51e308	_vcr_terminated_condition
Variables	0x51e30c	_vcr_start_time
Variables	0x51e310	_vcr_registered_atexit
Variables	0x51e314	_vcr_file
Variables	0x51e318	_vcr_buffer_end
Variables	0x51e31c	_vcr_notify_callback
Variables	0x51e320	_vcr_temp_terminate_flags
Variables	0x51e324	_vcr_old_layout
Variables	0x51e328	_AudioDecoder_cnt
Variables	0x51e32c	_inited_
Variables	0x51e330	_ReadBand_tbl
Variables	0x51e3b0	_curr_font_num
Variables	0x51e3b4	_total_managers
Variables	0x51e3b8	_text_to_buf
Variables	0x51e3bc	_text_height
Variables	0x51e3c0	_text_width
Variables	0x51e3c4	_text_char_width
Variables	0x51e3c8	_text_mono_width
Variables	0x51e3cc	_text_spacing
Variables	0x51e3d0	_text_size
Variables	0x51e3d4	_text_max
Variables	0x51e3d8	_GNW95_already_running
Variables	0x51e3dc	_GNW95_title_mutex
Variables	0x51e3e0	_GNW_win_init_flag
Variables	0x51e3e4	_GNW_wcolor
Variables	0x51e3e8	_GNW_LIGHT_GREY
Variables	0x51e3ec	_GNW_DARK_GREY
Variables	0x51e3f0	_GNW_NEAR_WHITE
Variables	0x51e3f4	_GNW_YellowColor
Variables	0x51e3f8	_GNW_RedColor
Variables	0x51e3fc	_screen_buffer
Variables	0x51e400	_insideWinExit
Variables	0x51e404	_last_button_winID
Variables	0x51e408	_internal_malloc
Variables	0x51e40c	_internal_realloc
Variables	0x51e410	_internal_free
Variables	0x51e414	_wd
Variables	0x51e418	_curr_menu
Variables	0x51e41c	_tm_watch_active
Variables	0x51e420	_gz_magic
Variables	0x51e428	_GNW95_DirectDrawCreate
Variables	0x51e42c	_GNW95_DirectInputCreate
Variables	0x51e430	_GNW95_DirectSoundCreate
Variables	0x51e434	_GNW95_hwnd
Variables	0x51e438	_GNW95_hInstance
Variables	0x51e43c	_GNW95_lpszCmdLine
Variables	0x51e440	_GNW95_nCmdShow
Variables	0x51e444	_GNW95_isActive
Variables	0x51e448	_GNW95_mutex
Variables	0x51e44c	_GNW95_hDDrawLib
Variables	0x51e450	_GNW95_hDInputLib
Variables	0x51e454	_GNW95_hDSoundLib
Variables	0x51e458	lpDirectInput
Variables	0x51e45c	lpDirectInputMouse
Variables	0x51e460	lpDirectInputKeyboard
Variables	0x51e464	nDirectInputKeyboardBufferIndex
Variables	0x51e468	nDirectInputKeyboardBufferCount
Variables	0x51e470	ZLIB_VERSION
Variables	0x51e474	_z_errmsg
Variables	0x51e484	_Z_STREAM_ERROR
Variables	0x51e48c	Z_MEM_ERROR
Variables	0x51e490	Z_BUF_ERROR
Variables	0x51e49c	_SignalTable
Variables	0x51e504	_CtrlHandlerRunning
Variables	0x51e506	__chipbug
Variables	0x51e51c	___iob
Variables	0x51e724	___tmpfnext
Variables	0x51e725	__fmode
Variables	0x51e730	___abort
Variables	0x51e734	___int23_exit
Variables	0x51e738	___FPE_handler_exit
Variables	0x51e73c	___int23_exit1
Variables	0x51e740	_environ
Variables	0x51e744	___env_mask
Variables	0x51e748	___TlsIndex
Variables	0x51e74c	___GetThreadPtr
Variables	0x51e750	__AccessFileH
Variables	0x51e754	__ReleaseFileH
Variables	0x51e758	__InitAccessH
Variables	0x51e75c	__FiniAccessH
Variables	0x51e760	__AccessIOB
Variables	0x51e764	__ReleaseIOB
Variables	0x51e768	__AccessNHeap
Variables	0x51e76c	__AccessFHeap
Variables	0x51e770	__ReleaseNHeap
Variables	0x51e774	__ReleaseFHeap
Variables	0x51e778	__AccessTDList1
Variables	0x51e77c	__ReleaseTDList1
Variables	0x51e780	__AccessFList
Variables	0x51e784	__ReleaseFList
Variables	0x51e788	__ThreadExitRtn
Variables	0x51e78c	___sig_init_rtn
Variables	0x51e790	___sig_fini_rtn
Variables	0x51e794	static_l_desc
Variables	0x51e7a8	static_d_desc
Variables	0x51e7bc	static_bl_desc
Variables	0x51e7d0	___NFiles
Variables	0x51e7d4	___init_mode
Variables	0x51e824	__iomode
Variables	0x51e828	_console_in
Variables	0x51e82c	_console_out
Variables	0x51e830	_MathFuncNames
Variables	0x51e8a4	___IsDBCS
Variables	0x51e9a8	__commode
Variables	0x51e9ac	__WindowsIsWindowedHandle
Variables	0x51e9b0	__WindowsRemoveWindowedHandle
Variables	0x51e9b4	__WindowsNewWindow
Variables	0x51e9b8	__WindowsCloseWindow
Variables	0x51e9bc	__WindowsSetAbout
Variables	0x51e9c0	__WindowsSetAppTitle
Variables	0x51e9c4	__WindowsSetConTitle
Variables	0x51e9c8	__WindowsDestroyOnClose
Variables	0x51e9cc	__WindowsYieldControl
Variables	0x51e9d0	__WindowsShutDown
Variables	0x51e9d4	__WindowsStdin
Variables	0x51e9d8	__WindowsStdout
Variables	0x51e9dc	__WindowsKbhit
Variables	0x51e9e0	__WindowsGetch
Variables	0x51e9e4	__WindowsGetche
Variables	0x51e9e8	__WindowsPutch
Variables	0x51e9ec	__WindowExitRtn
Variables	0x51e9f0	__AccessTDList
Variables	0x51e9f4	__ReleaseTDList
Variables	0x51e9f8	___CloseSema4
Variables	0x51e9fc	__dynend
Variables	0x51ea00	__curbrk
Variables	0x51ea04	__LpwCmdLine
Variables	0x51ea08	__LpPgmName
Variables	0x51ea0c	__LpDllName
Variables	0x51ea10	__LpCmdLine
Variables	0x51ea14	__LpwPgmName
Variables	0x51ea18	__LpwDllName
Variables	0x51ea1c	__ASTACKSIZ
Variables	0x51ea20	__ASTACKPTR
Variables	0x51ea24	__cbyte
Variables	0x51ea28	__cbyte2
Variables	0x51ea2c	__child
Variables	0x51ea30	__no87
Variables	0x51ea32	__Extender
Variables	0x51ea33	__ExtenderSubtype
Variables	0x51ea34	__X32VM
Variables	0x51ea35	__Envptr
Variables	0x51ea39	__Envseg
Variables	0x51ea3b	__osmajor
Variables	0x51ea3c	__osminor
Variables	0x51ea3d	__osbuild
Variables	0x51ea3f	___FPE_handler
Variables	0x51ea44	fixed_built
Variables	0x51ea48	inflate_mask
Variables	0x51ea8c	__8087
Variables	0x51ea8d	__real87
Variables	0x51ea90	___Save8087
Variables	0x51ea94	___Rest8087
Variables	0x51ea98	__8087cw
Variables	0x51ea9c	___ThreadDataSize
Variables	0x51eaa0	__RWD_matherr
Variables	0x51eaa4	___WD_Present
Variables	0x51eaa8	___nheapbeg
Variables	0x51eaac	___MiniHeapRover
Variables	0x51eab0	___LargestSizeB4MiniHeapRover
Variables	0x51eab4	___umaskval
Variables	0x51eab8	__amblksiz
Variables	0x51eabc	___EFG_printf
Variables	0x51eac0	___EFG_scanf
Variables	0x51eac4	___BeginThread
Variables	0x51eac8	___EndThread
Variables	0x51eacc	___InitThread
Variables	0x51ead0	___heap_enabled
Variables	0x51ead4	_sys_nerr
Variables	0x51ead8	_sys_errlist
Variables	0x51eb18	___longjmp_handler
Variables	0x51eb1c	___start_dst
Variables	0x51eb40	___end_dst
Variables	0x51eb64	_timezone
Variables	0x51eb68	___dst_adjust
Variables	0x51eb6c	_daylight
Variables	0x51eb70	_stzone
Variables	0x51eb8f	_dtzone
Variables	0x51ebb6	_tzFlag
Variables	0x51ebbc	aStackOverflow
Variables	0x51ebe0	_snd_8to16
Variables	0x51ede4	_sync_active
Variables	0x51ede8	_sync_late
Variables	0x51edec	_sync_FrameDropped
Variables	0x51edf0	_gSoundChannel
Variables	0x51edf4	DSoundBuffer
Variables	0x51ee00	_nf_mem_buf1
Variables	0x51ee04	_nf_mem_buf2
Variables	0x51ee08	_sf_ShowFrame
Variables	0x51ee14	_pal_SetPalette
Variables	0x51ee18	_rm_hold
Variables	0x51ee1c	_rm_active
Variables	0x51ee24	aInterplayMveFile
Variables	0x51ee3c	aUnknownMovieEr
Variables	0x51ee58	aDirectdrawSurf
Variables	0x51ee70	aUnableToInit_0
Variables	0x51ee90	aStepmovieWitho
Variables	0x51eeb0	aIncorrectScree
Variables	0x51eecc	aInvalidMovieFi
Variables	0x51eee0	aUnableToSetupG
Variables	0x51ef0c	aInsufficientSc
Variables	0x51ef38	aUnableToAllo_0
Variables	0x51ef5c	aUnableToAlloca
Variables	0x51ef80	aUnableToCreate
Variables	0x51ef98	aFileIOErrorOrU
Variables	0x51efcc	aMovieCompleted
Variables	0x51efe8	aMovieAborted_0
Variables	0x51eff8	_MovieErrors
Variables	0x51f418	$$R0062
Variables	0x51f618	$$R0021
Variables	0x51f818	$$R0053
Variables	0x51f858	$$R0004
Variables	0x51fc58	$$R0063
Variables	0x520058	$$R0054
Variables	0x520098	$$R0007
Variables	0x5200d8	$$R0029
Variables	0x520118	$$R0048
Variables	0x520518	$$R003B
Variables	0x520918	$$R002D
Variables	0x520958	__End_YI
Variables	0x520c0c	__Start_XI
Variables	0x520c3c	__Start_YI
Variables	0x520c48	_GUID_SysMouse
Variables	0x520c58	_GUID_SysKeyboard
Variables	0x520c68	_GUID_ZAxis
Variables	0x520c78	_GUID_YAxis
Variables	0x520c88	_GUID_XAxis
Variables	0x520c98	_GUID_Key
Variables	0x530010	_autorun_mutex
Variables	0x530014	_sad
Variables	0x542fd4	_dad
Variables	0x54cc14	_anim_set
Variables	0x561814	_seen
Variables	0x562b9c	_child
Variables	0x56c7dc	_curr_anim_counter
Variables	0x56c970	_darn_foreign_sub_path
Variables	0x56c990	_art_cache
Variables	0x56c9e4	_art_name
Variables	0x56cae8	_head_info
Variables	0x56caec	_anon_alias
Variables	0x56caf0	_artCritterFidShouldRunData
Variables	0x56cb00	_numAudio
Variables	0x56cb04	_audio
Variables	0x56cb10	_audiof
Variables	0x56cb14	_numAudiof
Variables	0x56cb18	_amdbhead
Variables	0x56cb1c	buf
Variables	0x56cb20	AutomapData
Variables	0x56d2a0	_amdbsubhead
Variables	0x56d2a8	_cmpbuf
Variables	0x56d2ac	_ambuf
Variables	0x56d2b0	_main_ctd
Variables	0x56d368	_combat_message_file
Variables	0x56d370	_call_target
Variables	0x56d374	_call_win
Variables	0x56d378	_combat_elev
Variables	0x56d37c	_list_total
Variables	0x56d380	_combat_ending_guy
Variables	0x56d384	_list_noncom
Variables	0x56d388	_combat_turn_obj
Variables	0x56d38c	_combat_highlight
Variables	0x56d390	_combat_list
Variables	0x56d394	_list_com
Variables	0x56d398	_combat_exps
Variables	0x56d39c	_combat_free_move
Variables	0x56d3a0	_shoot_ctd
Variables	0x56d458	_explosion_ctd
Variables	0x56d510	_ai_message_file
Variables	0x56d518	_target_str
Variables	0x56d61c	_curr_crit_num
Variables	0x56d620	_curr_crit_list
Variables	0x56d624	_attack_str
Variables	0x56d730	_this_time
Variables	0x56d740	_credits_file
Variables	0x56d744	_name_color
Variables	0x56d748	_title_font
Variables	0x56d74c	_name_font
Variables	0x56d750	_title_color
Variables	0x56d754	_critter_scrmsg_file
Variables	0x56d75c	_pc_name
Variables	0x56d77c	_sneak_working
Variables	0x56d780	_pc_kill_counts
Variables	0x56d7cc	_old_rad_level
Variables	0x56d7d0	_last_cycle_fast
Variables	0x56d7d4	_last_cycle_slow
Variables	0x56d7d8	_last_cycle_medium
Variables	0x56d7dc	_last_cycle_very_fast
Variables	0x56d7e0	_pal
Variables	0x56dae0	_dialog
Variables	0x56db50	_lastOptionTag
Variables	0x56db60	_defaultOption
Variables	0x56db74	rand2plus
Variables	0x56db78	_defaultReply
Variables	0x56db90	_replyPlaying
Variables	0x56db94	_replyWin
Variables	0x56db98	_replyG
Variables	0x56db9c	_replyB
Variables	0x56dba0	_speechWasPlaying
Variables	0x56dba4	_optionG
Variables	0x56dba8	_replyR
Variables	0x56dbac	_optionB
Variables	0x56dbb0	_optionR
Variables	0x56dbb4	_downButton
Variables	0x56dbd0	_replyTitleDefault
Variables	0x56dbd4	_upButton
Variables	0x56dbf0	_foundCombineMovie
Variables	0x56dbf4	_optionSelectCallback
Variables	0x56dbf8	_foundOptionMovie
Variables	0x56dbfc	_disp_str
Variables	0x56fb3c	_disp_buf
Variables	0x56fb40	_max_disp
Variables	0x56fb44	_display_enabled
Variables	0x56fb48	_disp_curr
Variables	0x56fb4c	_intface_full_wid
Variables	0x56fb50	_max
Variables	0x56fb54	_disp_start
Variables	0x56fb58	_lastTime
Variables	0x56fb60	_folder_card_string
Variables	0x56fc60	_skillsav
Variables	0x56fca8	_editor_message_file
Variables	0x56fcb0	_name_sort_list
Variables	0x5700a8	_trait_bids
Variables	0x5700e8	_mesg
Variables	0x5700f8	_old_str1
Variables	0x570128	_old_str2
Variables	0x570158	_tag_bids
Variables	0x5701a0	_name_save
Variables	0x5701c0	_GInfo
Variables	0x570240	Width
Variables	0x570350	_grph_key
Variables	0x570418	_grphcpy
Variables	0x5704e0	_grphbmp
Variables	0x57051c	PicUp
Variables	0x570520	PicDown
Variables	0x5705a8	_folder_max_lines
Variables	0x5705ac	_folder_line
Variables	0x5705b0	_folder_card_fid
Variables	0x5705b4	_folder_top_line
Variables	0x5705b8	_folder_card_title
Variables	0x5705bc	_folder_card_title2
Variables	0x5705c0	_folder_yoffset
Variables	0x5705c4	_folder_karma_top_line
Variables	0x5705c8	_folder_highlight_line
Variables	0x5705cc	_folder_card_desc
Variables	0x5705d0	_folder_ypos
Variables	0x5705d4	_folder_kills_top_line
Variables	0x5705d8	_folder_perk_top_line
Variables	0x5705dc	_pbckgnd
Variables	0x5705e0	_pwin
Variables	0x5705e4	_SliderPlusID
Variables	0x5705e8	_SliderNegID
Variables	0x5705ec	_stat_bids_minus
Variables	0x570608	_win_buf
Variables	0x57060c	_edit_win
Variables	0x570610	_stat_bids_plus
Variables	0x57062c	_pwin_buf
Variables	0x570630	_dude_data
Variables	0x5707a4	_bckgnd
Variables	0x5707a8	_cline
Variables	0x5707ac	_oldsline
Variables	0x5707b0	_upsent_points_back
Variables	0x5707b4	_last_level
Variables	0x5707b8	_fontsave_1
Variables	0x5707bc	_kills_count
Variables	0x5707c0	_bck_key
Variables	0x5707c4	_hp_back
Variables	0x5707c8	_mouse_ypos
Variables	0x5707cc	_mouse_xpos
Variables	0x5707d0	_info_line
Variables	0x5707d4	_folder
Variables	0x5707d8	_frstc_draw1
Variables	0x5707dc	_crow
Variables	0x5707e0	_frstc_draw2
Variables	0x5707e4	_perk_back
Variables	0x57082c	_Educated
Variables	0x570854	_Lifegiver
Variables	0x5708b0	_Tag_
Variables	0x5708b4	_Mutate_
Variables	0x5709c0	_repFtime
Variables	0x5709c4	_frame_time
Variables	0x5709c8	_old_tags
Variables	0x5709cc	_last_level_back
Variables	0x5709d0	_glblmode
Variables	0x5709d4	_tag_skill_back
Variables	0x5709e8	_old_fid2
Variables	0x5709ec	_old_fid1
Variables	0x5709f0	_trait_back
Variables	0x5709f4	_trait_back2
Variables	0x5709fc	_trait_count
Variables	0x570a00	_optrt_count
Variables	0x570a04	_temp_trait
Variables	0x570a08	_temp_trait2
Variables	0x570a10	_tagskill_count
Variables	0x570a14	_temp_tag_skill
Variables	0x570a18	_temp_tag_skill2
Variables	0x570a1c	_temp_tag_skill3
Variables	0x570a20	_temp_tag_skill4
Variables	0x570a28	_free_perk_back
Variables	0x570a29	_free_perk
Variables	0x570a2a	_first_skill_list
Variables	0x570a2c	_GInfo_2
Variables	0x570a30	Height
Variables	0x570a3c	from_width
Variables	0x570a44	to_width
Variables	0x570a4c	width
Variables	0x570a50	height
Variables	0x570a54	_elev_win
Variables	0x570a58	_grph_key_2
Variables	0x570a64	frm_ptr
Variables	0x570a6c	_win_buf_2
Variables	0x570a70	_bk_enable_2
Variables	0x570a74	_grphbmp_2
Variables	0x570a84	from
Variables	0x570a90	_endDeathSndChoice
Variables	0x570ab8	_endgame_voiceover_loaded
Variables	0x570abc	_endgame_subtitle_path
Variables	0x570bc0	_endgame_voiceover_done
Variables	0x570bc4	_slides
Variables	0x570bc8	_endgame_subtitle_text
Variables	0x570bcc	_endgame_do_subtitles
Variables	0x570bd0	_endgame_subtitle_done
Variables	0x570bd4	_endgame_map_enabled
Variables	0x570bd8	_endgame_mouse_state
Variables	0x570bdc	_num_slides
Variables	0x570be0	_endgame_subtitle_loaded
Variables	0x570be4	_endgame_subtitle_start_time
Variables	0x570be8	_endgame_subtitle_times
Variables	0x570bec	_endgame_old_font
Variables	0x570bf0	_endgame_window_buffer
Variables	0x570bf4	_endgame_window
Variables	0x570c00	_procHashTable
Variables	0x57ba1c	_varHashTable
Variables	0x586838	_gFontCache
Variables	0x58e938	_gCurrentFontNum
Variables	0x58e93c	_gCurrentFont
Variables	0x58e940	_misc_message_file
Variables	0x58e948	_master_db_handle
Variables	0x58e94c	_critter_db_handle
Variables	0x58e950	_game_config
Variables	0x58e978	_gconfig_file_name
Variables	0x58ea80	_custom_current_selected
Variables	0x58ea98	_custom_msg_file
Variables	0x58eaa0	_light_GrayTable
Variables	0x58eba0	_dark_GrayTable
Variables	0x58eca0	_backgrndBufs
Variables	0x58ecc0	_optionRect
Variables	0x58ecd0	_replyRect
Variables	0x58ece0	_reviewList
Variables	0x58f460	_custom_buttons_start
Variables	0x58f464	_control_buttons_start
Variables	0x58f468	_reviewOldFont
Variables	0x58f46c	_dialog_red_button_up_key
Variables	0x58f470	_gdialog_buttons
Variables	0x58f494	_upper_hi_key
Variables	0x58f498	_gdialog_review_up_key
Variables	0x58f49c	_lower_hi_len
Variables	0x58f4a0	_gdialog_review_down_key
Variables	0x58f4a4	_dialog_red_button_down_buf
Variables	0x58f4a8	_lower_hi_wid
Variables	0x58f4ac	_dialog_red_button_up_buf
Variables	0x58f4b0	_upper_hi_wid
Variables	0x58f4b4	_lower_hi_fp
Variables	0x58f4b8	_upper_hi_len
Variables	0x58f4bc	_dialog_red_button_down_key
Variables	0x58f4c0	_lower_hi_key
Variables	0x58f4c4	_upper_hi_fp
Variables	0x58f4c8	_oldFont
Variables	0x58f4cc	_fidgetLastTime
Variables	0x58f4d0	_fidgetAnim
Variables	0x58f4d4	_dialogBlock
Variables	0x58f4e4	destination
Variables	0x596c30	_talkOldFont
Variables	0x596c34	_fidgetTocksPerFrame
Variables	0x596c38	_fidgetFrameCounter
Variables	0x596c3c	_gmouse_3d_menu_frame_actions
Variables	0x596c64	_gmouse_3d_last_mouse_x
Variables	0x596c68	_gmouse_3d_last_mouse_y
Variables	0x596c6c	_obj_mouse
Variables	0x596c70	_obj_mouse_flat
Variables	0x596c78	_gmovie_played_list
Variables	0x596c89	_full_path
Variables	0x596d90	_GreyTable
Variables	0x596e90	_dad_2
Variables	0x596e94	_match_length
Variables	0x596e98	_textsize
Variables	0x596e9c	_rson
Variables	0x596ea0	_lson
Variables	0x596ea4	_text_buf
Variables	0x596ea8	_codesize
Variables	0x596eac	_match_position
Variables	0x596eb0	_background_fname_copied
Variables	0x596fb5	_sfx_file_name
Variables	0x596fc2	_background_fname_requested
Variables	0x5970d0	_dialogue_mood
Variables	0x5970e0	_bboxslot
Variables	0x5970f8	_itemButtonItems
Variables	0x597110	RightHand
Variables	0x597128	_moveLightYellowKey
Variables	0x59712c	_moveLightRedKey
Variables	0x597130	_numbersKey
Variables	0x597134	_IBOX_TYPE
Variables	0x597138	_box_status_flag
Variables	0x59713c	_toggleButtonUp
Variables	0x597140	_moveLightGreenKey
Variables	0x597144	_endCombatButtonUp
Variables	0x597148	_endCombatButtonDown
Variables	0x59714c	_toggleButtonDown
Variables	0x597150	_endTurnButtonDown
Variables	0x597154	_itemButtonDown
Variables	0x59a288	_endTurnButtonUp
Variables	0x59a28c	_toggleButtonMask
Variables	0x59a290	_characterButtonUp
Variables	0x59a294	_itemButtonUpBlank
Variables	0x59a298	_itemButtonDisabled
Variables	0x59a29c	_automapButtonDown
Variables	0x59a2a0	_pipboyButtonUp
Variables	0x59a2a4	_characterButtonDown
Variables	0x59a2a8	_itemButtonDownBlank
Variables	0x59a2ac	_pipboyButtonDown
Variables	0x59a2b0	_automapButtonMask
Variables	0x59a2b4	_itemButtonUp
Variables	0x59d3e8	_automapButtonUp
Variables	0x59d3ec	_skilldexButtonMask
Variables	0x59d3f0	_skilldexButtonDown
Variables	0x59d3f4	_interfaceBuffer
Variables	0x59d3f8	_inventoryButtonUp
Variables	0x59d3fc	_optionsButtonUp
Variables	0x59d400	_optionsButtonDown
Variables	0x59d404	_skilldexButtonUp
Variables	0x59d408	_inventoryButtonDown
Variables	0x59d40c	_movePointBackground
Variables	0x59d5d0	_interpretSounds
Variables	0x59d650	_blackPal
Variables	0x59d950	_inputProc
Variables	0x59e150	_currentlyFadedIn
Variables	0x59e154	_anyKeyOffset
Variables	0x59e158	_numCallbacks
Variables	0x59e15c	_anyKeyProg
Variables	0x59e160	_callbacks
Variables	0x59e164	_sayStartingPosition
Variables	0x59e168	_name1
Variables	0x59e1cc	_name2
Variables	0x59e230	_opTable
Variables	0x59e788	_suspendTime
Variables	0x59e78c	_currentProgram
Variables	0x59e790	_head
Variables	0x59e794	_suspendEvents
Variables	0x59e798	_busy
Variables	0x59e79c	_mt_key
Variables	0x59e7bc	_ikey
Variables	0x59e7ec	_target_stack_offset
Variables	0x59e814	_inventry_message_file
Variables	0x59e81c	_target_stack
Variables	0x59e844	_stack_offset
Variables	0x59e86c	_stack
Variables	0x59e894	_mt_wid
Variables	0x59e898	_barter_mod
Variables	0x59e89c	_btable_offset
Variables	0x59e8a0	_ptable_offset
Variables	0x59e8a4	_ptable_pud
Variables	0x59e8a8	_imdata
Variables	0x59e934	_ptable
Variables	0x59e938	_display_msg
Variables	0x59e93c	_im_value
Variables	0x59e940	_immode
Variables	0x59e944	_btable
Variables	0x59e948	_target_curr_stack
Variables	0x59e94c	_btable_pud
Variables	0x59e950	_inven_ui_was_disabled
Variables	0x59e954	_i_worn
Variables	0x59e958	_i_lhand
Variables	0x59e95c	_i_fid
Variables	0x59e960	_pud
Variables	0x59e964	_i_wid
Variables	0x59e968	_i_rhand
Variables	0x59e96c	_curr_stack
Variables	0x59e970	_i_wid_max_y
Variables	0x59e974	_i_wid_max_x
Variables	0x59e978	_target_pud
Variables	0x59e97c	_barter_back_win
Variables	0x59e980	_item_message_file
Variables	0x59e988	_wd_onset
Variables	0x59e98c	_wd_obj
Variables	0x59e990	_wd_gvar
Variables	0x59e994	_tile_intensity
Variables	0x613ca0	_lips_subdir_name
Variables	0x613cae	_tmp_str
Variables	0x613ce0	_ginfo
Variables	0x613d28	_lsgame_msgfl
Variables	0x613d30	_LSData
Variables	0x614280	_LSstatus
Variables	0x6142a8	_thumbnail_image
Variables	0x6142ac	_snapshotBuf
Variables	0x6142b0	_lsgmesg
Variables	0x6142c0	_dbleclkcntr
Variables	0x6142c4	_lsgwin
Variables	0x6142c8	_lsbmp
Variables	0x6142ec	_snapshot
Variables	0x6142f0	_str2
Variables	0x6143f4	_str0
Variables	0x6144f8	_str1
Variables	0x6145fc	_str
Variables	0x614700	_lsgbuf
Variables	0x614704	_gmpath
Variables	0x614808	_flptr
Variables	0x61480c	_ls_error_code
Variables	0x614810	_fontsave_2
Variables	0x614814	_grphkey
Variables	0x614838	_main_death_voiceover_done
Variables	0x614840	_buttons
Variables	0x614858	_main_menu_is_hidden
Variables	0x61485c	_button_up_key
Variables	0x614860	_button_down_key
Variables	0x614864	_background_key
Variables	0x614868	_square_data
Variables	0x631d28	_map_state
Variables	0x631d2c	elevation
Variables	0x631d30	tile
Variables	0x631d34	rotation
Variables	0x631d38	_map_display_rect
Variables	0x631d48	_map_msg_file
Variables	0x631d50	_display_buf
Variables	0x631d54	_map_data
Variables	0x631d58	map_name
Variables	0x631d68	map_ent_tile
Variables	0x631d6c	map_ent_elev
Variables	0x631d70	map_ent_rot
Variables	0x631d74	map_num_loc_vars
Variables	0x631d78	map_script_idx
Variables	0x631d7c	map_flags
Variables	0x631d80	map_darkness
Variables	0x631d84	map_num_glob_vars
Variables	0x631d88	map_number
Variables	0x631d8c	map_visited
Variables	0x631d90	map_unknown
Variables	0x631e40	_square
Variables	0x631e4c	_display_win
Variables	0x631e50	_scratchStr
Variables	0x631e78	_map_path
Variables	0x631f7c	_buf0
Variables	0x63207c	_bad_copy
Variables	0x63247c	_Cache
Variables	0x638dfc	_animating
Variables	0x638e00	_curPal
Variables	0x638e04	_curAnim
Variables	0x638e08	_curMouseBuf
Variables	0x638e0c	_lastMouseIndex
Variables	0x638e10	_winRect
Variables	0x638e20	_movieRect
Variables	0x638e30	_movieCallback
Variables	0x638e34	_endMovieFunc
Variables	0x638e38	_updateCallbackFunc
Variables	0x638e3c	_failedOpenFunc
Variables	0x638e40	_subtitleFilenameFunc
Variables	0x638e44	_startMovieFunc
Variables	0x638e48	_subtitleW
Variables	0x638e4c	_lastMovieBH
Variables	0x638e50	_lastMovieBW
Variables	0x638e54	_lastMovieSX
Variables	0x638e58	_lastMovieSY
Variables	0x638e5c	_movieScaleFlag
Variables	0x638e60	_preDrawFunc
Variables	0x638e64	_lastMovieH
Variables	0x638e68	_lastMovieW
Variables	0x638e6c	_lastMovieX
Variables	0x638e70	_lastMovieY
Variables	0x638e74	_subtitleList
Variables	0x638e78	_movieFlags
Variables	0x638e7c	_movieAlphaFlag
Variables	0x638e80	_movieSubRectFlag
Variables	0x638e84	_movieH
Variables	0x638e88	_movieOffset
Variables	0x638e8c	_movieCaptureFrameFunc
Variables	0x638e90	_lastMovieBuffer
Variables	0x638e94	_movieW
Variables	0x638e98	_movieFrameGrabFunc
Variables	0x638e9c	_MVE_lastBuffer
Variables	0x638ea0	_subtitleH
Variables	0x638ea4	_running
Variables	0x638ea8	_handle
Variables	0x638eac	_alphaWindowBuf
Variables	0x638eb0	_movieX
Variables	0x638eb4	_movieY
Variables	0x638eb8	_soundEnabled
Variables	0x638ebc	_alphaHandle
Variables	0x638ec0	_alphaBuf
Variables	0x638ec4	_source_palette
Variables	0x6391c4	_inside_fade
Variables	0x6391c8	_nevs
Variables	0x6391cc	_anyhits
Variables	0x6391d0	_light_blocked
Variables	0x639530	_light_offsets
Variables	0x639bf0	_buf_rect
Variables	0x639c00	_outlinedObjects
Variables	0x639d90	_updateAreaPixelBounds
Variables	0x639da0	_objectTable
Variables	0x660ea0	_glassGrayTable
Variables	0x660fa0	_commonGrayTable
Variables	0x6610a0	_buf_size
Variables	0x6610a4	_back_buf
Variables	0x6610a8	_buf_length
Variables	0x6610ac	_obj_egg
Variables	0x6610b0	_buf_full
Variables	0x6610b4	_buf_width
Variables	0x6610b8	_obj_dude
Variables	0x6610bc	_obj_seen_check
Variables	0x662445	_obj_seen
Variables	0x6637d0	_ginfo_2
Variables	0x6637e8	_optn_msgfl
Variables	0x6637f0	_ginfo2
Variables	0x663840	_optnmesg
Variables	0x663850	_prfbmp
Variables	0x663878	_opbtns
Variables	0x6638a0	_grphkey2
Variables	0x6638c8	_text_delay_back
Variables	0x6638d0	_gamma_value
Variables	0x6638d8	_gamma_value_back
Variables	0x6638e0	_text_delay
Variables	0x6638e8	_mouse_sens
Variables	0x6638f0	_mouse_sens_back
Variables	0x6638f8	_prefbuf
Variables	0x6638fc	_mouse_3d_was_on
Variables	0x663900	_optnwin
Variables	0x663904	_prfwin
Variables	0x663908	_winbuf
Variables	0x66390c	_grphkey_2
Variables	0x663918	_opbmp
Variables	0x663924	_settings_backup
Variables	0x663970	_sndfx_volume_2
Variables	0x663974	_subtitles
Variables	0x663978	_language_filter
Variables	0x66397c	_speech_volume_2
Variables	0x663980	_master_volume_2
Variables	0x663984	_player_speedup
Variables	0x663988	_combat_taunts
Variables	0x66398c	_fontsave_3
Variables	0x663990	_music_volume
Variables	0x663994	_bk_enable_4
Variables	0x663998	_prf_running
Variables	0x66399c	_combat_speed
Variables	0x6639a0	_plyrspdbid
Variables	0x6639a4	_item_highlight
Variables	0x6639a8	_changed
Variables	0x6639ac	_combat_messages
Variables	0x6639b0	_target_highlight
Variables	0x6639b4	_combat_difficulty
Variables	0x6639b8	_violence_level
Variables	0x6639bc	_game_difficulty
Variables	0x6639c0	_combatLookValue
Variables	0x6639d0	_current_palette
Variables	0x663cd0	_white_palette
Variables	0x663fd0	_black_palette
Variables	0x6642d0	_fade_steps
Variables	0x6642d4	_perk_message_file
Variables	0x6642e0	_ginfo_3
Variables	0x664338	_pipmesg
Variables	0x664348	_pipboy_message_file
Variables	0x664350	_sortlist
Variables	0x664410	_quest_message_file
Variables	0x664418	_statcount
Variables	0x66441c	_scrn_buf
Variables	0x664420	_pipbmp
Variables	0x66444c	_holocount
Variables	0x664450	_mouse_y
Variables	0x664454	_mouse_x
Variables	0x664458	_wait_time
Variables	0x66445c	_holopages
Variables	0x664460	_HotLines
Variables	0x6644b8	button
Variables	0x6644bc	_old_mouse_x
Variables	0x6644c0	_old_mouse_y
Variables	0x6644c4	_pip_win
Variables	0x6644c8	_grphkey_3
Variables	0x6644f4	_holodisk
Variables	0x6644f8	_hot_line_count
Variables	0x6644fc	_savefont
Variables	0x664500	_proc_bail_flag
Variables	0x664504	_amlst_mode
Variables	0x664508	_crnt_func
Variables	0x66450c	_actcnt
Variables	0x664510	_hot_line_start
Variables	0x664514	_cursor_line
Variables	0x664518	_rest_time
Variables	0x66451c	_amcty_indx
Variables	0x664520	_view_page
Variables	0x664524	_bottom_line
Variables	0x664528	_hot_back_line
Variables	0x664529	_holo_flag
Variables	0x66452a	_stat_flag
Variables	0x66452c	_mp_perk_code_None
Variables	0x664530	_mp_perk_code_strs
Variables	0x66470c	_mp_critter_stats_list
Variables	0x664710	_critter_stats_list_None
Variables	0x664714	_critter_stats_list_strs
Variables	0x6647ac	_proto_msg_files
Variables	0x6647dc	_race_type_strs
Variables	0x6647e4	_scenery_pro_type
Variables	0x6647fc	_proto_main_msg_file
Variables	0x664804	_item_pro_material
Variables	0x664824	_proto_none_str
Variables	0x664828	_body_type_strs
Variables	0x664834	_item_pro_type
Variables	0x664850	_damage_code_strs
Variables	0x66486c	_cal_type_strs
Variables	0x6648b8	_perk_code_strs
Variables	0x6648bc	_critter_stats_list
Variables	0x6648c0	_queue
Variables	0x6648d0	_iv
Variables	0x664950	_idum
Variables	0x664954	_scriptState
Variables	0x664955	_scriptState2
Variables	0x664956	_scriptState3
Variables	0x664957	_scriptState4
Variables	0x6649a8	elevType
Variables	0x6649ac	elevLevel
Variables	0x6649b0	tile_num
Variables	0x6649b4	elev
Variables	0x6649b8	min_dmg
Variables	0x6649bc	max_dmg
Variables	0x6649c0	_dialogTarget
Variables	0x6649c4	_lootSource
Variables	0x6649c8	_lootTarget
Variables	0x6649cc	_stealSource
Variables	0x6649d0	_stealTarget
Variables	0x6649d4	_script_dialog_msgs
Variables	0x667724	_script_message_file
Variables	0x66772c	_hour_str
Variables	0x667733	_tempStr
Variables	0x667748	_lasttime
Variables	0x66774c	_set
Variables	0x667750	_tempStr1
Variables	0x667764	_take_button_up
Variables	0x667768	_modify_button_down
Variables	0x66776c	_back_button_up
Variables	0x667770	_create_button_up
Variables	0x667774	_modify_button_up
Variables	0x667778	_back_button_down
Variables	0x66777c	_create_button_down
Variables	0x667780	_take_button_down
Variables	0x667784	_next_button_down
Variables	0x667788	_next_button_up
Variables	0x66778c	_previous_button_up
Variables	0x667790	_previous_button_down
Variables	0x667f94	_sfxl_compression
Variables	0x667f98	_timesSkillUsed
Variables	0x66806c	_sfxl_compression1
Variables	0x668070	_tag_skill
Variables	0x668074	_tag_skill2
Variables	0x668078	_tag_skill3
Variables	0x66807c	_tag_skill4
Variables	0x668080	_skill_message_file
Variables	0x668088	_ginfo_4
Variables	0x6680b8	_skldxbtn
Variables	0x6680f8	_skldxmsg
Variables	0x668100	_mesg_2
Variables	0x668110	_skldxbmp
Variables	0x668128	_grphkey_4
Variables	0x668140	_skldxwin
Variables	0x668144	_winbuf_2
Variables	0x668148	_fontsave_4
Variables	0x668150	_soundErrorno
Variables	0x668154	_masterVol
Variables	0x668158	_primaryDSBuffer
Variables	0x66815c	_sampleRate
Variables	0x668160	_numSounds
Variables	0x668164	_deviceInit
Variables	0x668168	_dataSize
Variables	0x66816c	_numBuffers
Variables	0x668170	_shouldUseSound
Variables	0x668174	_soundMgrList
Variables	0x668178	_soundDSObject
Variables	0x66817c	_stat_message_file
Variables	0x668180	_level_description
Variables	0x6681ac	_curr_pc_stat
Variables	0x6681b0	_Level_
Variables	0x6681b4	_Experience_
Variables	0x6681b8	_Reputation_
Variables	0x6681bc	_Karma_
Variables	0x6681c0	_text_object_list
Variables	0x668210	_display_width
Variables	0x668214	_display_height
Variables	0x668218	_display_buffer
Variables	0x66821c	_text_object_enabled
Variables	0x668220	_text_object_initialized
Variables	0x668224	_intensity_map
Variables	0x66b564	_dir_tile2
Variables	0x66b594	_dir_tile
Variables	0x66b5c4	_tile_grid_blocked
Variables	0x66b7c4	_tile_grid_occupied
Variables	0x66b9c4	_tile_mask
Variables	0x66bbc4	_tile_border
Variables	0x66bbd4	_buf_rect_2
Variables	0x66bbe4	_tile_grid
Variables	0x66bde4	_square_y
Variables	0x66bde8	_square_x
Variables	0x66bdec	_square_offx
Variables	0x66bdf0	_square_offy
Variables	0x66bdf4	_blit
Variables	0x66bdf8	_tile_offy
Variables	0x66bdfc	_tile_offx
Variables	0x66be00	_square_size
Variables	0x66be04	_grid_width
Variables	0x66be08	_squares
Variables	0x66be0c	_buf
Variables	0x66be10	_grid_length
Variables	0x66be14	_buf_length_2
Variables	0x66be18	_tile_x
Variables	0x66be1c	_tile_y
Variables	0x66be20	_grid_size
Variables	0x66be24	_square_length
Variables	0x66be28	_buf_full_2
Variables	0x66be2c	_square_width
Variables	0x66be30	_buf_width_2
Variables	0x66be34	_tile_center_tile
Variables	0x66be38	_trait_message_file
Variables	0x66be40	_pc_trait
Variables	0x66be44	_pc_trait2
Variables	0x66be48	_trap_list_duplicate
Variables	0x66e64c	_trap_data_pattern_ints
Variables	0x66e65c	_trap_list_heap
Variables	0x66e670	_BTIR
Variables	0x66e6a0	_updateRegions
Variables	0x66e720	_statusBar
Variables	0x66e728	GNWID
Variables	0x66e748	_BTIRoldStuff
Variables	0x66e74c	_BTIRflag
Variables	0x66e750	_textInputRegions
Variables	0x66e754	_numTextInputRegions
Variables	0x66e758	_textRegions
Variables	0x66e75c	_statusBarActive
Variables	0x66e760	_numTextRegions
Variables	0x66e764	_state
Variables	0x66e768	_lasttime_1
Variables	0x66e76c	_inRegion
Variables	0x66e770	_winStack
Variables	0x66e7b0	_alphaBlendTable
Variables	0x6727b0	_sWindows
Variables	0x672d70	_inputFunc
Variables	0x672d74	_createWindowFunc
Variables	0x672d78	_selectWindowFunc
Variables	0x672d7c	_xres
Variables	0x672d80	_displayFunc
Variables	0x672d84	_deleteWindowFunc
Variables	0x672d88	_yres
Variables	0x672d8c	_currentHighlightColorR
Variables	0x672d90	_currentFont
Variables	0x672d94	_soundDisableFunc
Variables	0x672d98	_soundPressFunc
Variables	0x672d9c	_soundReleaseFunc
Variables	0x672da0	_currentTextColorG
Variables	0x672da4	_currentTextColorB
Variables	0x672da8	_currentTextFlags
Variables	0x672dac	_currentTextColorR
Variables	0x672db0	_currentHighlightColorG
Variables	0x672db4	_currentHighlightColorB
Variables	0x672db8	_wmRndTileDirs
Variables	0x672dc0	_wmRndCenterTiles
Variables	0x672dc4	source_tile
Variables	0x672dc8	_wmRndCenterRotations
Variables	0x672dd0	_wmRndRotOffsets
Variables	0x672dd8	_wmTownMapButtonId
Variables	0x672e00	_wmGenData
Variables	0x672e04	_Meet_Frank_Horrigan
Variables	0x672e08	_WorldMapCurrArea
Variables	0x672e0c	_world_xpos
Variables	0x672e10	_world_ypos
Variables	0x672e1c	_In_WorldMap
Variables	0x672e20	_target_xpos
Variables	0x672e24	_target_ypos
Variables	0x672e38	_x_line_inc
Variables	0x672e40	_y_line_inc
Variables	0x672e4c	_EncounterMapID
Variables	0x672e5c	_old_world_xpos
Variables	0x672e60	_old_world_ypos
Variables	0x672e64	_Move_on_Car
Variables	0x672e68	_CarCurrArea
Variables	0x672e6c	_GasAmount
Variables	0x672e74	WMCARMVE_frm
Variables	0x672e78	_Car_art_width
Variables	0x672e7c	_Car_art_lenght
Variables	0x672e80	carFrame
Variables	0x672e84	hotspot1_frm_ptr
Variables	0x672e88	hotspot1_pic
Variables	0x672e8c	hotspot2_frm_ptr
Variables	0x672e90	hotspot2_pic
Variables	0x672e94	hotspot1_width
Variables	0x672e98	hotspot1_length
Variables	0x672e9c	wmaptarg_frm_ptr
Variables	0x672ea4	wmaptarg_w
Variables	0x672ea8	wmaptarg_l
Variables	0x672eb0	wmaploc_frm_ptr
Variables	0x672efc	wmViewportRightScrlLimit
Variables	0x672f00	wmViewportBottomtScrlLimit
Variables	0x672f08	WMTABS_width
Variables	0x672f0c	WMTABS_length
Variables	0x672f10	LastTabsYOffset
Variables	0x672f14	WMTABS_pic
Variables	0x672f1c	WMTBEDGE_frm
Variables	0x672f30	wmNightDay_frm
Variables	0x672f38	WMSCREEN_width
Variables	0x672f3c	WMSCREEN_length
Variables	0x672f40	WMSCREEN_frm
Variables	0x672f48	WMGLOBE_width
Variables	0x672f4c	WMGLOBE_length
Variables	0x672f50	WMGLOBE_frm
Variables	0x672f58	tabsOffset
Variables	0x672f7c	wmONUpBtnFrm_ptr
Variables	0x672f80	wmOFFUpBtnFrm_ptr
Variables	0x672f94	wmOFFDnBtnFrm_ptr
Variables	0x672f98	wmONDnBtnFrm_ptr
Variables	0x672fa0	months_frm
Variables	0x672fa8	NUMBERS_frm_ptr
Variables	0x672fac	fontnum
Variables	0x672fb0	_wmMsgFile
Variables	0x672fb8	_wmFreqValues
Variables	0x672fd0	_wmRndOriginalCenterTile
Variables	0x672fd4	_pConfigCfg
Variables	0x672fd8	_wmTownMapSubButtonIds
Variables	0x672ff4	_wmEncBaseTypeList
Variables	0x672ff8	_wmSphereData
Variables	0x673034	_wmEncounterTableList
Variables	0x673038	_wmMaxEncBaseTypes
Variables	0x67303c	_wmMaxEncounterInfoTables
Variables	0x673040	read_threshold
Variables	0x673044	_db_file_lists
Variables	0x673050	_colorPaletteStack
Variables	0x673090	systemCmap
Variables	0x673390	currentGammaTable
Variables	0x6733d0	blendTable
Variables	0x6737d0	_mappedColor
Variables	0x6738d0	colorMixAddTable
Variables	0x6838d0	intensityColorTable
Variables	0x6938d0	colorMixMulTable
Variables	0x6a38d0	_colorTable
Variables	0x6a38ef	_BlueColor
Variables	0x6a3a90	_DARK_GREEN_Color
Variables	0x6a3cb0	_GreenColor
Variables	0x6a3df1	_DARK_GREEN_GREY_Color
Variables	0x6a59d8	_DARK_GREY_Color
Variables	0x6a621a	_BLACK_PURPLE_GREY_Color
Variables	0x6a76bf	_LIGHT_GREY_Color
Variables	0x6a82f3	_PeanutButter
Variables	0x6a8b64	_NEAR_WHITE_Color
Variables	0x6ab4d0	_RedColor
Variables	0x6ab4ef	_GoodColor
Variables	0x6ab61a	_LIGHT_RED_Color
Variables	0x6ab8bb	_YellowColor
Variables	0x6ab8cf	_WhiteColor
Variables	0x6ab8d0	_tos
Variables	0x6ab8d4	_crinc
Variables	0x6ab8d8	_cbinc
Variables	0x6ab8dc	_cginc
Variables	0x6ab8e0	_rdp
Variables	0x6ab8e4	_cdp
Variables	0x6ab8e8	_cindex
Variables	0x6ab8ec	_crgbp
Variables	0x6ab8f0	_x
Variables	0x6ab8f4	_colormax
Variables	0x6ab8f8	_xsqr
Variables	0x6ab8fc	_gdp
Variables	0x6ab900	_cdist
Variables	0x6ab904	_rdist
Variables	0x6ab908	_rrgbp
Variables	0x6ab90c	_grgbp
Variables	0x6ab910	_gstride
Variables	0x6ab914	_rstride
Variables	0x6ab918	_gcenter
Variables	0x6ab91c	_bcenter
Variables	0x6ab920	_rcenter
Variables	0x6ab924	_gdist
Variables	0x6ab928	readFunc
Variables	0x6ab92c	closeFunc
Variables	0x6ab930	openFunc
Variables	0x6ab934	tmp
Variables	0x6abc34	_rxx
Variables	0x6abc38	_gcrgbp
Variables	0x6abc3c	_gcdp
Variables	0x6abc40	_gcdist
Variables	0x6abc44	_gxx
Variables	0x6abc48	_ginc
Variables	0x6abc4c	_max_
Variables	0x6abc50	_min
Variables	0x6abc54	_here
Variables	0x6abc58	_binc
Variables	0x6abc5c	_max_2
Variables	0x6abc60	_min_2
Variables	0x6abc64	_here_2
Variables	0x6abc70	_GNW95_key_map
Variables	0x6abd70	_input_buffer
Variables	0x6abf50	_GNW95_key_time_stamps
Variables	0x6ac750	_input_mx
Variables	0x6ac754	_input_my
Variables	0x6ac758	_GNW95_keyboardHandle
Variables	0x6ac75c	_game_paused
Variables	0x6ac760	_screendump_key
Variables	0x6ac764	_using_msec_timer
Variables	0x6ac768	_pause_key
Variables	0x6ac76c	_screendump_func
Variables	0x6ac770	_input_get
Variables	0x6ac774	_screendump_buf
Variables	0x6ac778	_pause_win_func
Variables	0x6ac77c	_input_put
Variables	0x6ac780	_bk_disabled
Variables	0x6ac784	_bk_list
Variables	0x6ac788	_bk_process_time
Variables	0x6ac790	_mouse_is_hidden
Variables	0x6ac794	_raw_x
Variables	0x6ac798	_mouse_length
Variables	0x6ac79c	_raw_y
Variables	0x6ac7a0	_raw_buttons
Variables	0x6ac7a4	_mouse_y_
Variables	0x6ac7a8	_mouse_x_
Variables	0x6ac7ac	_mouse_disabled
Variables	0x6ac7b0	_mouse_buttons
Variables	0x6ac7b4	_mouse_speed
Variables	0x6ac7b8	_mouse_curr_frame
Variables	0x6ac7bc	_have_mouse
Variables	0x6ac7c0	_mouse_full
Variables	0x6ac7c4	_mouse_width
Variables	0x6ac7c8	_mouse_num_frames
Variables	0x6ac7cc	_mouse_hoty
Variables	0x6ac7d0	_mouse_hotx
Variables	0x6ac7d4	_mouse_idle_start_time
Variables	0x6ac7d8	_mouse_blit_trans
Variables	0x6ac7dc	_mouse_blit
Variables	0x6ac7e0	_mouse_trans
Variables	0x6ac7e4	_right_time
Variables	0x6ac7e8	_left_time
Variables	0x6ac7ec	_old
Variables	0x6ac7f0	_GNW95_Pal16
Variables	0x6ac9f0	_scr_size
Variables	0x6aca00	_w95gmask
Variables	0x6aca04	_w95rmask
Variables	0x6aca08	_w95bmask
Variables	0x6aca0c	_w95bshift
Variables	0x6aca10	_w95rshift
Variables	0x6aca14	_w95gshift
Variables	0x6aca18	_scr_blit
Variables	0x6aca1c	_zero_mem
Variables	0x6aca20	_mmx
Variables	0x6acb30	_kb_buffer
Variables	0x6acc24	_ascii_table
Variables	0x6acc3c	DIK_ESCAPE_
Variables	0x6acc48	DIK_1_
Variables	0x6acc54	DIK_2_
Variables	0x6acc60	DIK_3_
Variables	0x6acc6c	DIK_4_
Variables	0x6acc78	DIK_5_
Variables	0x6acc84	DIK_6_
Variables	0x6acc90	DIK_7_
Variables	0x6acc9c	DIK_8_
Variables	0x6acca8	DIK_9_
Variables	0x6accb4	DIK_0_
Variables	0x6accc0	DIK_MINUS_
Variables	0x6acccc	DIK_EQUALS_
Variables	0x6accd8	DIK_BACK_
Variables	0x6acce4	DIK_TAB_
Variables	0x6accf0	DIK_Q_
Variables	0x6accfc	DIK_W_
Variables	0x6acd08	DIK_E_
Variables	0x6acd14	DIK_R_
Variables	0x6acd20	DIK_T_
Variables	0x6acd2c	DIK_Y_
Variables	0x6acd38	DIK_U_
Variables	0x6acd44	DIK_I_
Variables	0x6acd50	DIK_O_
Variables	0x6acd5c	DIK_P_
Variables	0x6acd68	DIK_LBRACKET_
Variables	0x6acd74	DIK_RBRACKET_
Variables	0x6acd80	DIK_RETURN_
Variables	0x6acd8c	DIK_LCONTROL_
Variables	0x6acd98	DIK_A_
Variables	0x6acda4	DIK_S_
Variables	0x6acdb0	DIK_D_
Variables	0x6acdbc	DIK_F_
Variables	0x6acdc8	DIK_G_
Variables	0x6acdd4	DIK_H_
Variables	0x6acde0	DIK_J_
Variables	0x6acdec	DIK_K_
Variables	0x6acdf8	DIK_L_
Variables	0x6ace04	DIK_SEMICOLON_
Variables	0x6ace10	DIK_APOSTROPHE_
Variables	0x6ace1c	DIK_GRAVE_
Variables	0x6ace28	DIK_LSHIFT_
Variables	0x6ace34	DIK_BACKSLASH_
Variables	0x6ace40	DIK_Z_
Variables	0x6ace4c	DIK_X_
Variables	0x6ace58	DIK_C_
Variables	0x6ace64	DIK_V_
Variables	0x6ace70	DIK_B_
Variables	0x6ace7c	DIK_N_
Variables	0x6ace88	DIK_M_
Variables	0x6ace94	DIK_COMMA_
Variables	0x6acea0	DIK_PERIOD_
Variables	0x6aceac	DIK_SLASH_
Variables	0x6aceb8	DIK_RSHIFT_
Variables	0x6acec4	DIK_MULTIPLY_
Variables	0x6aced0	DIK_LMENU_
Variables	0x6acedc	DIK_SPACE_
Variables	0x6acee8	DIK_CAPITAL_
Variables	0x6acef4	DIK_F1_
Variables	0x6acf00	DIK_F2_
Variables	0x6acf0c	DIK_F3_
Variables	0x6acf18	DIK_F4_
Variables	0x6acf24	DIK_F5_
Variables	0x6acf30	DIK_F6_
Variables	0x6acf3c	DIK_F7_
Variables	0x6acf48	DIK_F8_
Variables	0x6acf54	DIK_F9_
Variables	0x6acf60	DIK_F10_
Variables	0x6acf6c	DIK_NUMLOCK_
Variables	0x6acf78	DIK_SCROLL_
Variables	0x6acf84	DIK_NUMPAD7_
Variables	0x6acf90	DIK_NUMPAD8_
Variables	0x6acf9c	DIK_NUMPAD9_
Variables	0x6acfa8	DIK_SUBTRACT_
Variables	0x6acfb4	DIK_NUMPAD4_
Variables	0x6acfc0	DIK_NUMPAD5_
Variables	0x6acfcc	DIK_NUMPAD6_
Variables	0x6acfd8	DIK_ADD_
Variables	0x6acfe4	DIK_NUMPAD1_
Variables	0x6acff0	DIK_NUMPAD2_
Variables	0x6acffc	DIK_NUMPAD3_
Variables	0x6ad008	DIK_NUMPAD0_
Variables	0x6ad014	DIK_DECIMAL_
Variables	0x6ad020	DIK_F11_
Variables	0x6ad02c	DIK_F12_
Variables	0x6ad380	DIK_NUMPADENTER_
Variables	0x6ad38c	DIK_RCONTROL_
Variables	0x6ad4ac	DIK_DIVIDE_
Variables	0x6ad4d0	DIK_RMENU_
Variables	0x6ad584	DIK_HOME_
Variables	0x6ad590	DIK_UP_
Variables	0x6ad59c	DIK_PRIOR_
Variables	0x6ad5b4	DIK_LEFT_
Variables	0x6ad5cc	DIK_RIGHT_
Variables	0x6ad5e4	DIK_END_
Variables	0x6ad5f0	DIK_DOWN_
Variables	0x6ad5fc	DIK_NEXT_
Variables	0x6ad608	DIK_INSERT_
Variables	0x6ad614	DIK_DELETE_
Variables	0x6ad830	_keys
Variables	0x6ad84d	_LCONTROL
Variables	0x6ad85a	_LSHIFT
Variables	0x6ad866	_RSHIFT
Variables	0x6ad868	_LMENU
Variables	0x6ad8cd	_RCONTROL
Variables	0x6ad8e8	_RMENU
Variables	0x6ad930	_kb_idle_start_time
Variables	0x6ad934	_temp
Variables	0x6ad938	_kb_layout
Variables	0x6ad93c	_keynumpress
Variables	0x6ad940	_vcr_last_play_event
Variables	0x6ad960	_pack11_2
Variables	0x6ad9e0	_pack3_3
Variables	0x6ada00	_pack5_3
Variables	0x6adb00	_AudioDecoder_scale0
Variables	0x6adb04	_AudioDecoder_scale_tbl
Variables	0x6adb08	_font
Variables	0x6adbd0	_font_managers
Variables	0x6add88	_curr_font
Variables	0x6add90	_window_index
Variables	0x6ade58	_window
Variables	0x6adf20	_video_reset
Variables	0x6adf24	_num_windows
Variables	0x6adf28	_window_flags
Variables	0x6adf2c	_buffering
Variables	0x6adf30	_bk_color
Variables	0x6adf34	_video_set
Variables	0x6adf38	_doing_refresh_all
Variables	0x6adf3c	_GNW_texture
Variables	0x6adf40	_btn_grp
Variables	0x6b2340	_tm_location
Variables	0x6b2368	_tm_text_x
Variables	0x6b236c	_tm_h
Variables	0x6b2370	_tm_queue
Variables	0x6b23ac	_tm_persistence
Variables	0x6b23b0	_scr_center_x
Variables	0x6b23b4	_tm_text_y
Variables	0x6b23b8	_tm_kill
Variables	0x6b23bc	_tm_add
Variables	0x6b23c0	_curry
Variables	0x6b23c4	_currx
Variables	0x6b23d0	_GNW95_title
Variables	0x6b24d0	_paths
Variables	0x6b24d4	_init
Variables	0x6b24d8	__ExitList
Variables	0x6b2558	__ExitCount
Variables	0x6b2560	DirectInputKeyboardBuffer
Variables	0x6b2760	___ExceptionHandled
Variables	0x6b2764	__tmpname
Variables	0x6b2774	___ClosedStreams
Variables	0x6b2778	___Is_DLL
Variables	0x6b277c	___FirstThreadData
Variables	0x6b2780	_topFileID
Variables	0x6b2784	___FileHandleIDs
Variables	0x6b2788	_WinMain
Variables	0x6b2790	___OpenStreams
Variables	0x6b2794	_IOBSemaphore
Variables	0x6b27a4	_FHeapSemaphore
Variables	0x6b27b4	_FileSemaphores
Variables	0x6b28b4	_NHeapSemaphore
Variables	0x6b28c4	_InitSemaphore
Variables	0x6b28d4	_TDListSemaphore
Variables	0x6b28e4	_FListSemaphore
Variables	0x6b28f4	fixed_mem
Variables	0x6b3634	fixed_tl
Variables	0x6b3638	fixed_td
Variables	0x6b363c	fixed_bl
Variables	0x6b3640	fixed_bd
Variables	0x6b3644	___MiniHeapFreeRover
Variables	0x6b3648	___thread_data_list
Variables	0x6b364c	___nheap_clean
Variables	0x6b364d	___fheap_clean
Variables	0x6b3650	_init_seconds
Variables	0x6b3670	_snd_freqdiv1000
Variables	0x6b367c	_sf_ScreenWidth
Variables	0x6b3684	_rm_FrameDropCount
Variables	0x6b3688	_snd_buf
Variables	0x6b3690	_io_mem_buf
Variables	0x6b369c	_io_next_hdr
Variables	0x6b36a8	_rm_FrameCount
Variables	0x6b36ac	_sf_ScreenHeight
Variables	0x6b36b8	palette_entries1
Variables	0x6b39b8	_mem_alloc
Variables	0x6b39bc	_rm_ctl
Variables	0x6b39c0	_rm_dx
Variables	0x6b39c4	_rm_dy
Variables	0x6b39c8	_gSoundTimeBase
Variables	0x6b39cc	_io_handle
Variables	0x6b39d0	_rm_len
Variables	0x6b39d4	_mem_free
Variables	0x6b39d8	_snd_comp
Variables	0x6b39dc	_rm_p
Variables	0x6b3ad0	_sync_wait_quanta
Variables	0x6b3ad8	_rm_track_bit
Variables	0x6b3adc	_sync_time
Variables	0x6b3ae0	_io_read
Variables	0x6b3d0c	_pal_tbl
Variables	0x6c0094	GetStockObject
Variables	0x6c00f8	CallNextHookEx
Variables	0x6c00fc	CreateWindowExA
Variables	0x6c0100	DefWindowProcA
Variables	0x6c0104	DispatchMessageA
Variables	0x6c0108	GetAsyncKeyState
Variables	0x6c010c	GetKeyState
Variables	0x6c0110	GetMessageA
Variables	0x6c0114	GetSystemMetrics
Variables	0x6c0118	GetUpdateRect
Variables	0x6c011c	LoadCursorA
Variables	0x6c0120	LoadIconA
Variables	0x6c0124	MessageBoxA
Variables	0x6c0128	PeekMessageA
Variables	0x6c012c	RegisterClassA
Variables	0x6c0130	SetCursor
Variables	0x6c0134	SetFocus
Variables	0x6c0138	SetWindowTextA
Variables	0x6c013c	SetWindowsHookExA
Variables	0x6c0140	ShowCursor
Variables	0x6c0144	TranslateMessage
Variables	0x6c0148	UnhookWindowsHookEx
Variables	0x6c014c	UpdateWindow
Variables	0x6c0164	timeGetTime
Variables	0x6c0168	timeKillEvent
Variables	0x6c016c	timeSetEvent
Variables	0x6c01d0	CloseHandle
Variables	0x6c01d4	CopyFileA
Variables	0x6c01d8	CreateMutexA
Variables	0x6c01dc	CreateProcessA
Variables	0x6c01e0	FreeLibrary
Variables	0x6c01e4	GetCurrentThreadId
Variables	0x6c01e8	GetDiskFreeSpaceA
Variables	0x6c01ec	GetDriveTypeA
Variables	0x6c01f0	GetFileAttributesA
Variables	0x6c01f4	GetLastError
Variables	0x6c01f8	GetModuleFileNameA
Variables	0x6c01fc	GetProcAddress
Variables	0x6c0200	GetTickCount
Variables	0x6c0204	GetVersionExA
Variables	0x6c0208	GetVolumeInformationA
Variables	0x6c020c	LoadLibraryA
Variables	0x6c0210	SetErrorMode
Variables	0x6c0214	SetFileAttributesA
Variables	0x6c0218	VirtualProtect
Variables	0x6c021c	WaitForSingleObject
Variables	0x6c0220	lstrcatA
Variables	0x6c0224	lstrcmpiA
Variables	0x6c0238	__imp_GetActiveWindow
Variables	0x6c023c	__imp_wsprintfA
Variables	0x6c0330	__imp_CloseHandle_0
Variables	0x6c0334	__imp_CreateDirectoryA
Variables	0x6c0338	__imp_CreateEventA
Variables	0x6c033c	__imp_CreateFileA
Variables	0x6c0340	__imp_CreateMutexA_0
Variables	0x6c0344	__imp_CreateThread
Variables	0x6c0348	__imp_DeleteFileA
Variables	0x6c034c	__imp_DosDateTimeToFileTime
Variables	0x6c0350	__imp_ExitProcess
Variables	0x6c0354	__imp_ExitThread
Variables	0x6c0358	__imp_FileTimeToDosDateTime
Variables	0x6c035c	__imp_FileTimeToLocalFileTime
Variables	0x6c0360	__imp_FindClose
Variables	0x6c0364	__imp_FindFirstFileA
Variables	0x6c0368	__imp_FindNextFileA
Variables	0x6c036c	__imp_GetCPInfo
Variables	0x6c0370	__imp_GetCommandLineA
Variables	0x6c0374	__imp_GetConsoleMode
Variables	0x6c0378	__imp_GetCurrentDirectoryA
Variables	0x6c037c	__imp_GetCurrentProcessId
Variables	0x6c0380	__imp_GetCurrentThreadId_0
Variables	0x6c0384	__imp_GetCurrentThread
Variables	0x6c0388	__imp_GetDiskFreeSpaceA_0
Variables	0x6c038c	__imp_GetEnvironmentStrings
Variables	0x6c0390	__imp_GetFileAttributesA_0
Variables	0x6c0394	__imp_GetFileType
Variables	0x6c0398	__imp_GetLastError_0
Variables	0x6c039c	__imp_GetLocalTime
Variables	0x6c03a0	__imp_GetModuleFileNameA_0
Variables	0x6c03a4	__imp_GetModuleHandleA
Variables	0x6c03a8	__imp_GetProcAddress_0
Variables	0x6c03ac	__imp_GetStdHandle
Variables	0x6c03b0	__imp_GetTickCount_0
Variables	0x6c03b4	__imp_GetTimeZoneInformation
Variables	0x6c03b8	__imp_GetVersion
Variables	0x6c03bc	__imp_LoadLibraryA_0
Variables	0x6c03c0	__imp_LocalFileTimeToFileTime
Variables	0x6c03c4	__imp_MoveFileA
Variables	0x6c03c8	__imp_ReadConsoleInputA
Variables	0x6c03cc	__imp_ReadFile
Variables	0x6c03d0	__imp_ReleaseMutex
Variables	0x6c03d4	__imp_RemoveDirectoryA
Variables	0x6c03d8	__imp_RtlUnwind
Variables	0x6c03dc	__imp_SetConsoleCtrlHandler
Variables	0x6c03e0	__imp_SetConsoleMode
Variables	0x6c03e4	__imp_SetCurrentDirectoryA
Variables	0x6c03e8	__imp_SetEvent
Variables	0x6c03ec	__imp_SetFilePointer
Variables	0x6c03f0	__imp_SetStdHandle
Variables	0x6c03f4	__imp_TlsAlloc
Variables	0x6c03f8	__imp_TlsFree
Variables	0x6c03fc	__imp_TlsGetValue
Variables	0x6c0400	__imp_TlsSetValue
Variables	0x6c0404	__imp_VirtualAlloc
Variables	0x6c0408	__imp_VirtualFree
Variables	0x6c040c	__imp_WaitForSingleObject_0
Variables	0x6c0410	__imp_WriteConsoleA
Variables	0x6c0414	__imp_WriteFile
Variables	0x6e08f4	aZwwwwxa
Variables	0x6e0904	aZwwwwwwi
Variables	0x6e0a44	a33A
Variables	0x6e22e2	aEWatcomHString
Variables	0x6e22fd	aEWatcomHStdlib
Variables	0x6e2318	aEWatcomHStdarg
Variables	0x6e2334	aWatcomHCtype_h
Variables	0x6e234d	aEWatcomHNtWtyp
Variables	0x6e236c	aWatcomHNtWinve
Variables	0x6e2389	aEWatcomHNtWinu
Variables	0x6e23a8	aEWatcomHNtWins
Variables	0x6e23c6	aEWatcomHNtWi_0
Variables	0x6e23e6	aEWatcomHNtWi_1
Variables	0x6e2405	aEWatcomHNtWinr
Variables	0x6e2423	aEWatcomHNtWinperf_h
Variables	0x6e2442	aEWatcomHNtWinn
Variables	0x6e2460	aWatcomHNtWinnl
Variables	0x6e247d	aEWatcomHNtWi_2
Variables	0x6e249d	aEWatcomHNtWing
Variables	0x6e24bc	aWatcomHNtWiner
Variables	0x6e24dc	aWatcomHNtWindo
Variables	0x6e24fa	aEWatcomHNtWind
Variables	0x6e2518	aEWatcomHNtWinc
Variables	0x6e2536	aEWatcomHNtWinb
Variables	0x6e2555	aEWatcomHNtUnkn
Variables	0x6e2574	aWatcomHNtShell
Variables	0x6e2594	aWatcomHNtRpcnt
Variables	0x6e25b4	aWatcomHNtRpcns
Variables	0x6e25d2	aEWatcomHNtRpcn
Variables	0x6e25f0	aEWatcomHNtRp_0
Variables	0x6e260e	aEWatcomHNtRpcd
Variables	0x6e262d	aEWatcomHNtRp_1
Variables	0x6e264c	aWatcomHNtRpc_h
Variables	0x6e2666	aEWatcomHNtPshp
Variables	0x6e2686	aEWatcomHNtPs_0
Variables	0x6e26a6	aEWatcomHNtPs_1
Variables	0x6e26c6	aEWatcomHNtPs_2
Variables	0x6e26e6	aEWatcomHNtPrsh
Variables	0x6e2704	aWatcomHNtPoppa
Variables	0x6e2722	aEWatcomHNtOlei
Variables	0x6e2740	aEWatcomHNtOlea
Variables	0x6e2760	aWatcomHNtOle2_
Variables	0x6e277c	aWatcomHNtObjid
Variables	0x6e2799	aEWatcomHNtObjb
Variables	0x6e27b8	aEWatcomHNtOaid
Variables	0x6e27d5	aEWatcomHNtNb30
Variables	0x6e27f1	aEWatcomHNtMmsy
Variables	0x6e2811	aEWatcomHNtLzex
Variables	0x6e2831	aEWatcomHNtImm_
Variables	0x6e284c	aEWatcomHNtExcp
Variables	0x6e2869	aEWatcomHNtDlgs
Variables	0x6e2885	aEWatcomHNtDdem
Variables	0x6e28a2	aEWatcomHNtDde_
Variables	0x6e28bd	aEWatcomHNtComm
Variables	0x6e28dc	aEWatcomHNtCgui
Variables	0x6e28f9	aEWatcomHNtCder
Variables	0x6e2910	aHl5
Variables	0x6e2916	aEFallout2CodeP
Variables	0x6e2941	aEFallout2CodeG
Variables	0x6e2963	aCe5
Variables	0x6e2969	aEFallout2Cod_0
